"Number of ethnic minority pupils of general education as of 30 September by some provinces(*) by Cities, provincies, Years and Items"

"Cities, provincies","2004 Total","2004 Primary","2004 Lower secondary","2004 Upper secondary","2005 Total","2005 Primary","2005 Lower secondary","2005 Upper secondary","2006 Total","2006 Primary","2006 Lower secondary","2006 Upper secondary","2007 Total","2007 Primary","2007 Lower secondary","2007 Upper secondary","2008 Total","2008 Primary","2008 Lower secondary","2008 Upper secondary","2009 Total","2009 Primary","2009 Lower secondary","2009 Upper secondary","2010 Total","2010 Primary","2010 Lower secondary","2010 Upper secondary","2011 Total","2011 Primary","2011 Lower secondary","2011 Upper secondary","2012 Total","2012 Primary","2012 Lower secondary","2012 Upper secondary","2013 Total","2013 Primary","2013 Lower secondary","2013 Upper secondary","2014 Total","2014 Primary","2014 Lower secondary","2014 Upper secondary","2015 Total","2015 Primary","2015 Lower secondary","2015 Upper secondary","2016 Total","2016 Primary","2016 Lower secondary","2016 Upper secondary","2017 Total","2017 Primary","2017 Lower secondary","2017 Upper secondary","2018 Total","2018 Primary","2018 Lower secondary","2018 Upper secondary","2019 Total","2019 Primary","2019 Lower secondary","2019 Upper secondary","2020 Total","2020 Primary","2020 Lower secondary","2020 Upper secondary","2021 Total","2021 Primary","2021 Lower secondary","2021 Upper secondary","2022 Total","2022 Primary","2022 Lower secondary","2022 Upper secondary","2023 Total","2023 Primary","2023 Lower secondary","2023 Upper secondary","2024 Total","2024 Primary","2024 Lower secondary","2024 Upper secondary"
" WHOLE COUNTRY",..,..,..,..,2765879.00,1441867.00,993947.00,330065.00,2467121.00,1262769.00,898230.00,306122.00,2395650.00,1222390.00,875236.00,298024.00,2288011.00,1193858.00,818862.00,275291.00,2278331.00,1199981.00,801167.00,277183.00,2225950.00,1151116.00,763344.00,276151.00,2318731.00,1244771.00,774358.00,299602.00,2335243.00,1265096.00,777521.00,292626.00,2398250.00,1304217.00,794439.00,299594.00,2432892.00,1319029.00,816995.00,296868.00,2487832.00,1354009.00,834429.00,299394.00,2536992.00,1381917.00,853573.00,301502.00,2598778.00,1416710.00,875977.00,306091.00,2704719.00,1506702.00,892945.00,305072.00,2796065.00,1547627.00,922361.00,326077.00,2903908.00,1596811.00,967625.00,339472.00,2976697.00,1628141.00,999780.00,348776.00,3114296.00,1634381.00,1113656.00,366259.00,3114296.00,1634381.00,1113656.00,366259.00,2993648.00,1616139.00,1161534.00,215975.00
"Red River Delta",..,..,..,..,..,..,..,..,..,..,..,..,..,..,..,..,..,..,..,..,..,..,..,..,..,..,..,..,..,..,..,..,..,..,..,..,..,..,..,..,..,..,..,..,..,..,..,..,..,..,..,..,..,..,..,..,82649.00,51215.00,22410.00,9024.00,76650.00,41298.00,23716.00,11636.00,82709.00,44786.00,25523.00,12400.00,89199.00,48580.00,28408.00,12211.00,99563.00,51162.00,35737.00,12664.00,99563.00,51162.00,35737.00,12664.00,97782.00,51520.00,38665.00,7597.00
"Ha Noi",..,..,..,..,..,..,..,..,738.00,212.00,257.00,269.00,892.00,298.00,364.00,230.00,9698.00,4284.00,3567.00,1847.00,8751.00,4260.00,2638.00,1853.00,9855.00,4965.00,3069.00,1821.00,9340.00,4517.00,2997.00,1.83,10932.00,5772.00,3408.00,1752.00,15541.00,6049.00,3711.00,5781.00,11947.00,5802.00,4306.00,1839.00,12813.00,6489.00,4435.00,1889.00,14121.00,6995.00,4877.00,2249.00,15445.00,7812.00,5272.00,2361.00,18531.00,9633.00,5762.00,3136.00,22161.00,10942.00,6059.00,5160.00,24089.00,12179.00,6460.00,5450.00,26362.00,13771.00,7785.00,4806.00,29365.00,14779.00,10248.00,4338.00,29365.00,14779.00,10248.00,4338.00,28883.00,14955.00,11252.00,2676.00
"Ha Tay",6313.00,2610.00,2597.00,1106.00,5951.00,2497.00,2556.00,898.00,5986.00,2521.00,2376.00,1089.00,5747.00,2559.00,2157.00,1031.00,..,..,..,..,..,..,..,..,..,..,..,..,..,..,..,..,..,..,..,..,..,..,..,..,..,..,..,..,..,..,..,..,..,..,..,..,..,..,..,..,..,..,..,..,..,..,..,..,..,..,..,..,..,..,..,..,..,..,..,..,..,..,..,..,..,..,..,..
"Vinh Phuc",10384.00,4869.00,4393.00,1122.00,9619.00,4424.00,3936.00,1259.00,9433.00,3848.00,4203.00,1382.00,9414.00,4064.00,4040.00,1310.00,9954.00,4045.00,3653.00,2256.00,8878.00,4014.00,3339.00,1525.00,8526.00,3903.00,3305.00,1318.00,8572.00,3996.00,3252.00,1.32,8776.00,4233.00,3215.00,1328.00,8876.00,4393.00,3151.00,1332.00,9108.00,4627.00,3187.00,1294.00,9514.00,4957.00,3206.00,1351.00,9989.00,5462.00,3259.00,1268.00,10780.00,5955.00,3525.00,1300.00,12067.00,7000.00,3710.00,1357.00,15500.00,7674.00,3808.00,4018.00,16375.00,8064.00,4076.00,4235.00,14593.00,8506.00,4544.00,1543.00,15851.00,8250.00,6014.00,1587.00,15851.00,8250.00,6014.00,1587.00,15542.00,8058.00,6560.00,924.00
"Bac Ninh",..,..,..,..,..,..,..,..,..,..,..,..,..,..,..,..,..,..,..,..,..,..,..,..,..,..,..,..,..,..,..,..,..,..,..,..,..,..,..,..,..,..,..,..,..,..,..,..,..,..,..,..,..,..,..,..,15276.00,15094.00,158.00,24.00,2096.00,525.00,207.00,1364.00,2301.00,666.00,217.00,1418.00,1437.00,994.00,355.00,88.00,2670.00,1686.00,763.00,221.00,2670.00,1686.00,763.00,221.00,2750.00,1594.00,1006.00,150.00
"Quang Ninh",29590.00,16009.00,10260.00,3321.00,29018.00,15074.00,10088.00,3856.00,27927.00,16678.00,9884.00,1365.00,28291.00,13488.00,10782.00,4021.00,27815.00,13325.00,10648.00,3842.00,26790.00,12662.00,10305.00,3823.00,27449.00,12825.00,9984.00,4640.00,29526.00,15788.00,9831.00,3.91,26078.00,12506.00,9688.00,3884.00,26673.00,13314.00,9639.00,3720.00,26189.00,13516.00,8758.00,3915.00,27415.00,13859.00,9715.00,3841.00,28021.00,14385.00,9777.00,3859.00,28944.00,15094.00,10059.00,3791.00,28248.00,14657.00,10022.00,3569.00,27644.00,16957.00,10630.00,57.00,29153.00,17956.00,11127.00,70.00,34586.00,18587.00,11668.00,4331.00,36620.00,18640.00,13374.00,4606.00,36620.00,18640.00,13374.00,4606.00,35145.00,18538.00,14016.00,2591.00
"Hai Duong",..,..,..,..,..,..,..,..,1035.00,450.00,310.00,275.00,986.00,477.00,375.00,134.00,1174.00,659.00,390.00,125.00,972.00,469.00,358.00,145.00,951.00,471.00,342.00,138.00,1351.00,809.00,378.00,164.00,1075.00,449.00,339.00,287.00,986.00,472.00,341.00,173.00,1681.00,485.00,1028.00,168.00,947.00,472.00,304.00,171.00,932.00,459.00,333.00,140.00,902.00,465.00,294.00,143.00,1013.00,544.00,331.00,138.00,1084.00,594.00,332.00,158.00,1363.00,705.00,480.00,178.00,1605.00,856.00,558.00,191.00,2031.00,1043.00,779.00,209.00,2031.00,1043.00,779.00,209.00,2174.00,1195.00,833.00,146.00
"Hai Phong",..,..,..,..,..,..,..,..,..,..,..,..,..,..,..,..,..,..,..,..,..,..,..,..,..,..,..,..,..,..,..,..,..,..,..,..,..,..,..,..,..,..,..,..,..,..,..,..,..,..,..,..,..,..,..,..,206.00,127.00,61.00,18.00,253.00,156.00,73.00,24.00,545.00,275.00,203.00,67.00,797.00,414.00,296.00,87.00,1506.00,732.00,550.00,224.00,1506.00,732.00,550.00,224.00,1668.00,893.00,624.00,151.00
"Hung Yen",..,..,..,..,..,..,..,..,..,..,..,..,..,..,..,..,..,..,..,..,..,..,..,..,..,..,..,..,..,..,..,..,..,..,..,..,..,..,..,..,..,..,..,..,..,..,..,..,..,..,..,..,..,..,..,..,260.00,185.00,62.00,13.00,301.00,230.00,60.00,11.00,512.00,340.00,135.00,37.00,649.00,432.00,171.00,46.00,1077.00,671.00,321.00,85.00,1077.00,671.00,321.00,85.00,1252.00,772.00,401.00,79.00
"Thai Binh",..,..,..,..,..,..,..,..,..,..,..,..,..,..,..,..,..,..,..,..,..,..,..,..,..,..,..,..,..,..,..,..,..,..,..,..,..,..,..,..,..,..,..,..,..,..,..,..,..,..,..,..,..,..,..,..,280.00,162.00,85.00,33.00,334.00,172.00,117.00,45.00,419.00,203.00,169.00,47.00,516.00,247.00,212.00,57.00,764.00,324.00,342.00,98.00,764.00,324.00,342.00,98.00,862.00,415.00,373.00,74.00
"Ha Nam",..,..,..,..,..,..,..,..,..,..,..,..,..,..,..,..,..,..,..,..,..,..,..,..,..,..,..,..,..,..,..,..,..,..,..,..,..,..,..,..,..,..,..,..,..,..,..,..,..,..,..,..,..,..,..,..,213.00,134.00,67.00,12.00,268.00,183.00,68.00,17.00,315.00,210.00,87.00,18.00,388.00,257.00,109.00,22.00,556.00,337.00,189.00,30.00,556.00,337.00,189.00,30.00,586.00,349.00,216.00,21.00
"Nam Dinh",..,..,..,..,..,..,..,..,..,..,..,..,..,..,..,..,..,..,..,..,..,..,..,..,..,..,..,..,..,..,..,..,..,..,..,..,..,..,..,..,..,..,..,..,..,..,..,..,..,..,..,..,..,..,..,..,413.00,254.00,124.00,35.00,467.00,276.00,150.00,41.00,645.00,360.00,231.00,54.00,756.00,420.00,267.00,69.00,931.00,503.00,333.00,95.00,931.00,503.00,333.00,95.00,983.00,522.00,399.00,62.00
"Ninh Binh",5592.00,2300.00,2568.00,724.00,5733.00,2363.00,2689.00,681.00,4910.00,1944.00,2272.00,694.00,4519.00,2040.00,2048.00,431.00,4906.00,1974.00,2090.00,842.00,4244.00,1968.00,1731.00,545.00,4120.00,2042.00,1518.00,560.00,3461.00,2127.00,772.00,562.00,4359.00,2201.00,1594.00,564.00,4475.00,2388.00,1559.00,528.00,4712.00,2569.00,1601.00,542.00,5012.00,2776.00,1661.00,575.00,5278.00,2965.00,1683.00,630.00,5627.00,3094.00,1864.00,669.00,6142.00,3425.00,2028.00,689.00,6542.00,3589.00,2212.00,741.00,6992.00,3828.00,2338.00,826.00,7510.00,4096.00,2443.00,971.00,8192.00,4197.00,2824.00,1171.00,8192.00,4197.00,2824.00,1171.00,7937.00,4229.00,2985.00,723.00
"Northern midlands and mountain areas",..,..,..,..,..,..,..,..,..,..,..,..,..,..,..,..,..,..,..,..,..,..,..,..,..,..,..,..,..,..,..,..,..,..,..,..,..,..,..,..,..,..,..,..,..,..,..,..,..,..,..,..,..,..,..,..,1404668.00,763723.00,472941.00,168004.00,1460366.00,793948.00,486762.00,179656.00,1516926.00,819287.00,511835.00,185804.00,1562401.00,836608.00,536265.00,189528.00,1629876.00,830667.00,600296.00,198913.00,1629876.00,830667.00,600296.00,198913.00,1548731.00,811589.00,624426.00,112716.00
"Ha Giang",128955.00,82970.00,35587.00,10398.00,128881.00,79243.00,38618.00,11020.00,123248.00,71524.00,40820.00,10904.00,122394.00,69108.00,41904.00,11382.00,122528.00,68404.00,42282.00,11842.00,121156.00,66250.00,42797.00,12109.00,120410.00,67328.00,41230.00,11852.00,116674.00,63003.00,41029.00,12642.00,125427.00,70449.00,42191.00,12787.00,124855.00,72496.00,41747.00,10612.00,127969.00,71900.00,42757.00,13312.00,135104.00,78764.00,43238.00,13102.00,138872.00,81689.00,44646.00,12537.00,142097.00,83647.00,45997.00,12453.00,145896.00,86877.00,46918.00,12101.00,151525.00,89704.00,49350.00,12471.00,158812.00,91858.00,53688.00,13266.00,165834.00,93793.00,57399.00,14642.00,176762.00,96119.00,64382.00,16261.00,176762.00,96119.00,64382.00,16261.00,171171.00,95748.00,66608.00,8815.00
"Cao Bang",117057.00,54218.00,43983.00,18856.00,113163.00,49364.00,41695.00,22104.00,107737.00,46046.00,38956.00,22735.00,97207.00,44267.00,33008.00,19932.00,95921.00,43178.00,33023.00,19720.00,89718.00,42757.00,30583.00,16378.00,85778.00,41682.00,29053.00,15043.00,83732.00,42005.00,28663.00,13064.00,83208.00,41769.00,27523.00,13916.00,83289.00,42429.00,27536.00,13324.00,81888.00,41985.00,27467.00,12436.00,82439.00,42190.00,28252.00,11997.00,82542.00,42669.00,28167.00,11706.00,84161.00,43322.00,28911.00,11928.00,86677.00,45375.00,29133.00,12169.00,88538.00,47192.00,29067.00,12279.00,91055.00,48618.00,30011.00,12426.00,93307.00,49485.00,30931.00,12891.00,98628.00,50475.00,34854.00,13299.00,98628.00,50475.00,34854.00,13299.00,93337.00,49704.00,36303.00,7330.00
"Bac Kan",63270.00,27651.00,23978.00,11641.00,59030.00,24826.00,22588.00,11616.00,55253.00,22400.00,21588.00,11265.00,51041.00,21767.00,19563.00,9711.00,44190.00,20871.00,15478.00,7841.00,45396.00,20035.00,15612.00,9749.00,45314.00,20946.00,15494.00,8874.00,44291.00,21001.00,14498.00,8792.00,43515.00,21007.00,14705.00,7803.00,43416.00,21491.00,14582.00,7343.00,43674.00,21529.00,14990.00,7155.00,44604.00,21843.00,15576.00,7185.00,45230.00,22934.00,15529.00,6767.00,46421.00,23640.00,15834.00,6947.00,48769.00,25782.00,16273.00,6714.00,50374.00,27200.00,16406.00,6768.00,52099.00,28021.00,17235.00,6843.00,53932.00,28661.00,18215.00,7056.00,56280.00,27749.00,21165.00,7366.00,56280.00,27749.00,21165.00,7366.00,53053.00,26760.00,22000.00,4293.00
"Tuyen Quang",100406.00,41494.00,41126.00,17786.00,96580.00,37925.00,38449.00,20206.00,90383.00,35068.00,36388.00,18927.00,80449.00,33818.00,31663.00,14968.00,77014.00,34191.00,28537.00,14286.00,74766.00,33828.00,26781.00,14157.00,74434.00,35339.00,25348.00,13747.00,75367.00,36022.00,25539.00,13806.00,75640.00,36768.00,25481.00,13391.00,77103.00,38168.00,25795.00,13140.00,77516.00,38063.00,26792.00,12661.00,82029.00,41732.00,27770.00,12527.00,85442.00,44552.00,27999.00,12891.00,88478.00,46831.00,28943.00,12704.00,93335.00,50815.00,29070.00,13450.00,96947.00,52424.00,30785.00,13738.00,101903.00,54746.00,33039.00,14118.00,105367.00,56049.00,34875.00,14443.00,111831.00,54692.00,41583.00,15556.00,111831.00,54692.00,41583.00,15556.00,105319.00,52935.00,43100.00,9284.00
"Lao Cai",97382.00,54493.00,37716.00,5173.00,96502.00,50685.00,38629.00,7188.00,95268.00,49649.00,37217.00,8402.00,91005.00,47852.00,35128.00,8025.00,85832.00,45188.00,33741.00,6903.00,84035.00,44215.00,32822.00,6998.00,84337.00,45026.00,32515.00,6796.00,87456.00,46812.00,32289.00,8355.00,90753.00,49694.00,32263.00,8796.00,92748.00,50899.00,32325.00,9524.00,93798.00,51418.00,32481.00,9899.00,97361.00,53475.00,33726.00,10160.00,99948.00,54502.00,34864.00,10582.00,102346.00,55063.00,36373.00,10910.00,104301.00,56724.00,36959.00,10618.00,108783.00,58458.00,38692.00,11633.00,112323.00,59549.00,40467.00,12307.00,115114.00,60395.00,41589.00,13130.00,119921.00,61124.00,44223.00,14574.00,119921.00,61124.00,44223.00,14574.00,114260.00,60543.00,45505.00,8212.00
"Yen Bai",93734.00,49042.00,34283.00,10409.00,92498.00,45438.00,34938.00,12122.00,89772.00,42017.00,35041.00,12714.00,82966.00,40250.00,32944.00,9772.00,78002.00,39899.00,29960.00,8143.00,76089.00,39856.00,28642.00,7591.00,76064.00,41072.00,26925.00,8067.00,77063.00,42230.00,26597.00,8236.00,79171.00,43370.00,27380.00,8421.00,81233.00,44462.00,28329.00,8442.00,83221.00,45233.00,29663.00,8325.00,86100.00,46560.00,30928.00,8612.00,88972.00,48227.00,32184.00,8561.00,91775.00,49866.00,33237.00,8672.00,95966.00,52994.00,34315.00,8657.00,104828.00,55659.00,34918.00,14251.00,103520.00,57259.00,36580.00,9681.00,106994.00,58700.00,38088.00,10206.00,111984.00,58034.00,42788.00,11162.00,111984.00,58034.00,42788.00,11162.00,108159.00,57060.00,44367.00,6732.00
"Thai Nguyen",62452.00,26276.00,26665.00,9511.00,61339.00,23911.00,27351.00,10077.00,58133.00,23916.00,24065.00,10152.00,56005.00,23640.00,22014.00,10351.00,52108.00,23947.00,19665.00,8496.00,53209.00,24643.00,19733.00,8833.00,45138.00,25608.00,18501.00,1029.00,55928.00,26127.00,17855.00,11946.00,46674.00,23055.00,15942.00,7677.00,58936.00,29278.00,19592.00,10066.00,60800.00,30182.00,20801.00,9817.00,64080.00,32742.00,21284.00,10054.00,67197.00,35389.00,21589.00,10219.00,71135.00,37989.00,22517.00,10629.00,76185.00,42133.00,23212.00,10840.00,78325.00,45359.00,24842.00,8124.00,86632.00,47608.00,27237.00,11787.00,91356.00,49949.00,29376.00,12031.00,97809.00,49560.00,35204.00,13045.00,97809.00,49560.00,35204.00,13045.00,93842.00,48778.00,37305.00,7759.00
"Lang Son",153095.00,69227.00,62080.00,21788.00,146820.00,61728.00,60979.00,24113.00,138095.00,56026.00,57993.00,24076.00,126719.00,50470.00,53398.00,22851.00,120015.00,49811.00,49110.00,21094.00,115960.00,49057.00,45158.00,21745.00,111751.00,49240.00,40716.00,21795.00,110225.00,48645.00,39347.00,22233.00,109271.00,48388.00,38125.00,22758.00,107663.00,48818.00,37120.00,21725.00,107024.00,48383.00,37772.00,20869.00,107468.00,49445.00,37839.00,20184.00,109060.00,51763.00,37634.00,19663.00,111682.00,54087.00,38043.00,19552.00,115297.00,58483.00,37896.00,18918.00,128440.00,62105.00,37730.00,28605.00,123391.00,64371.00,39334.00,19686.00,126484.00,65093.00,41701.00,19690.00,133213.00,64990.00,47927.00,20296.00,133213.00,64990.00,47927.00,20296.00,126242.00,63824.00,50451.00,11967.00
"Bac Giang",47700.00,21215.00,21164.00,5321.00,50494.00,22460.00,22018.00,6016.00,49033.00,21191.00,21122.00,6720.00,42700.00,16487.00,20346.00,5867.00,41913.00,19441.00,16205.00,6267.00,41132.00,19595.00,15775.00,5762.00,43116.00,20184.00,16095.00,6837.00,41990.00,19114.00,16087.00,6789.00,42102.00,18883.00,16521.00,6698.00,42727.00,19330.00,16350.00,7047.00,42399.00,19360.00,15893.00,7146.00,44128.00,20381.00,16424.00,7323.00,45155.00,22150.00,15512.00,7493.00,46756.00,23790.00,15291.00,7675.00,50132.00,26776.00,15410.00,7946.00,54372.00,29462.00,15547.00,9363.00,56610.00,31798.00,16768.00,8044.00,61240.00,34274.00,18710.00,8256.00,67641.00,36302.00,22810.00,8529.00,67641.00,36302.00,22810.00,8529.00,65915.00,36201.00,24818.00,4896.00
"Phu Tho",46430.00,19427.00,20917.00,6086.00,41859.00,17274.00,18373.00,6212.00,38628.00,16040.00,16582.00,6006.00,36832.00,15953.00,15743.00,5136.00,35244.00,15880.00,14168.00,5196.00,35391.00,16302.00,13498.00,5591.00,35499.00,17285.00,12321.00,5893.00,35995.00,17959.00,12211.00,5825.00,36134.00,18307.00,12348.00,5479.00,38164.00,19758.00,12661.00,5745.00,38896.00,20706.00,13227.00,4963.00,40870.00,22041.00,13966.00,4863.00,43428.00,23718.00,14452.00,5258.00,45765.00,25368.00,14831.00,5566.00,49615.00,28058.00,15906.00,5651.00,64029.00,29368.00,16599.00,18062.00,54649.00,30667.00,17741.00,6241.00,57149.00,31303.00,19521.00,6325.00,59778.00,30506.00,22409.00,6863.00,59778.00,30506.00,22409.00,6863.00,57532.00,29322.00,23735.00,4475.00
"Dien Bien",85737.00,55574.00,23419.00,6744.00,88874.00,52231.00,27755.00,8888.00,86360.00,50147.00,26937.00,9276.00,87961.00,48685.00,28697.00,10579.00,85608.00,47239.00,29569.00,8800.00,91641.00,49521.00,32120.00,10000.00,92656.00,51467.00,31138.00,10051.00,96543.00,53307.00,31579.00,11657.00,98165.00,54589.00,31584.00,11992.00,100111.00,55653.00,32242.00,12216.00,102399.00,55753.00,34604.00,12042.00,104488.00,56268.00,35921.00,12299.00,106488.00,56774.00,37342.00,12372.00,108547.00,57162.00,38503.00,12882.00,111456.00,59106.00,39236.00,13114.00,111659.00,60498.00,39922.00,11239.00,118498.00,62414.00,40965.00,15119.00,122606.00,64731.00,41798.00,16077.00,127656.00,65651.00,45442.00,16563.00,127656.00,65651.00,45442.00,16563.00,120016.00,65314.00,47010.00,7692.00
"Lai Chau",53075.00,38091.00,13194.00,1790.00,57362.00,40309.00,14738.00,2315.00,56163.00,35991.00,17252.00,2920.00,62046.00,40140.00,18393.00,3513.00,63101.00,38726.00,20629.00,3746.00,63801.00,39397.00,21683.00,2721.00,67585.00,40321.00,23348.00,3916.00,70461.00,41832.00,24115.00,4514.00,73578.00,43525.00,24939.00,5114.00,76826.00,45332.00,25488.00,6006.00,79845.00,46334.00,26838.00,6673.00,82897.00,47075.00,28711.00,7111.00,85033.00,47937.00,29839.00,7257.00,87436.00,48197.00,31770.00,7469.00,89775.00,49120.00,32935.00,7720.00,102418.00,49769.00,33651.00,18998.00,93469.00,50015.00,34774.00,8680.00,94267.00,49847.00,35239.00,9181.00,94625.00,48079.00,37368.00,9178.00,94625.00,48079.00,37368.00,9178.00,89726.00,46713.00,38054.00,4959.00
"Son La",194277.00,113332.00,64077.00,16868.00,191589.00,105571.00,65094.00,20924.00,189267.00,98769.00,67032.00,23466.00,186927.00,94923.00,69138.00,22866.00,179216.00,91841.00,66495.00,20880.00,178528.00,92132.00,65366.00,21030.00,177761.00,96371.00,60324.00,21066.00,183015.00,100599.00,59643.00,22773.00,185015.00,104201.00,60149.00,20665.00,190536.00,107691.00,61966.00,20879.00,194436.00,109373.00,64887.00,20176.00,200746.00,112016.00,67871.00,20859.00,206502.00,113800.00,71172.00,21530.00,212946.00,115713.00,74540.00,22693.00,220278.00,119839.00,77133.00,23306.00,211116.00,123606.00,79505.00,8005.00,236559.00,125704.00,82077.00,28778.00,238193.00,126914.00,84568.00,26711.00,240940.00,123477.00,90266.00,27197.00,240940.00,123477.00,90266.00,27197.00,226246.00,118772.00,92869.00,14605.00
"Hoa Binh",129561.00,55305.00,56184.00,18072.00,123832.00,50275.00,53909.00,19648.00,118233.00,46691.00,50356.00,21186.00,110255.00,45349.00,45229.00,19677.00,101030.00,43484.00,39208.00,18338.00,94584.00,42085.00,34386.00,18113.00,95804.00,44406.00,32992.00,18406.00,91720.00,45118.00,29666.00,16936.00,93618.00,44767.00,32203.00,16648.00,97322.00,48182.00,33364.00,15776.00,100767.00,50040.00,34195.00,16532.00,103537.00,52254.00,34574.00,16709.00,106326.00,54200.00,35351.00,16775.00,110538.00,57459.00,36321.00,16758.00,116986.00,61641.00,38545.00,16800.00,109012.00,63144.00,39748.00,6120.00,127406.00,66659.00,41919.00,18828.00,130558.00,67414.00,44255.00,18889.00,132808.00,63909.00,49875.00,19024.00,132808.00,63909.00,49875.00,19024.00,123913.00,59915.00,52301.00,11697.00
"Northern Central area and Central coastal area",..,..,..,..,..,..,..,..,..,..,..,..,..,..,..,..,..,..,..,..,..,..,..,..,..,..,..,..,..,..,..,..,..,..,..,..,..,..,..,..,..,..,..,..,..,..,..,..,..,..,..,..,..,..,..,..,394186.00,213471.00,132598.00,48117.00,409599.00,221600.00,138283.00,49716.00,427657.00,230344.00,144951.00,52362.00,439213.00,236778.00,148038.00,54397.00,456613.00,237771.00,162416.00,56426.00,456613.00,237771.00,162416.00,56426.00,438508.00,234990.00,169167.00,34351.00
"Thanh Hoa",150579.00,67084.00,64652.00,18843.00,135468.00,49327.00,65741.00,20400.00,131719.00,52208.00,58926.00,20585.00,148745.00,52823.00,74816.00,21106.00,119380.00,50019.00,50171.00,19190.00,112869.00,48002.00,45925.00,18942.00,116075.00,50165.00,46058.00,19852.00,108630.00,50852.00,38572.00,19206.00,104939.00,49553.00,37071.00,18315.00,103186.00,50490.00,35590.00,17106.00,104697.00,52615.00,35829.00,16253.00,106073.00,54097.00,36611.00,15365.00,108467.00,56666.00,36983.00,14818.00,113277.00,59340.00,38018.00,15919.00,119733.00,64493.00,39061.00,16179.00,123481.00,68435.00,39069.00,15977.00,130635.00,71382.00,42047.00,17206.00,134907.00,73056.00,44567.00,17284.00,140337.00,71877.00,51167.00,17293.00,140337.00,71877.00,51167.00,17293.00,134192.00,69669.00,54283.00,10240.00
"Nghe An",103027.00,52762.00,40030.00,10235.00,110214.00,55985.00,42872.00,11357.00,104936.00,50782.00,41562.00,12592.00,91737.00,43172.00,34595.00,13970.00,84578.00,40432.00,34823.00,9323.00,81936.00,39480.00,32688.00,9768.00,81555.00,40834.00,29886.00,10835.00,81264.00,41409.00,29046.00,10809.00,80022.00,42347.00,28312.00,9363.00,80328.00,42983.00,27934.00,9411.00,80802.00,43138.00,28190.00,9474.00,82206.00,43539.00,29182.00,9485.00,83176.00,43867.00,29453.00,9856.00,84918.00,44695.00,30159.00,10064.00,87981.00,46721.00,31155.00,10105.00,90986.00,48980.00,31387.00,10619.00,93738.00,49871.00,32623.00,11244.00,97202.00,51606.00,33290.00,12306.00,100885.00,51408.00,36190.00,13287.00,100885.00,51408.00,36190.00,13287.00,95124.00,49915.00,37599.00,7610.00
"Ha Tinh",..,..,..,..,..,..,..,..,..,..,..,..,..,..,..,..,..,..,..,..,..,..,..,..,..,..,..,..,..,..,..,..,..,..,..,..,..,..,..,..,..,..,..,..,..,..,..,..,..,..,..,..,..,..,..,..,700.00,413.00,172.00,115.00,778.00,456.00,210.00,112.00,893.00,524.00,253.00,116.00,967.00,564.00,296.00,107.00,1254.00,692.00,426.00,136.00,1254.00,692.00,426.00,136.00,1258.00,713.00,447.00,98.00
"Quang Binh",4055.00,2884.00,921.00,250.00,4182.00,3024.00,897.00,261.00,4270.00,2802.00,1182.00,286.00,3908.00,2565.00,1101.00,242.00,5007.00,3334.00,1361.00,312.00,5057.00,3317.00,1389.00,351.00,5367.00,3366.00,1672.00,329.00,5574.00,3496.00,1727.00,351.00,5704.00,3477.00,1855.00,372.00,5783.00,3233.00,2130.00,420.00,5991.00,3212.00,2363.00,416.00,6082.00,3250.00,2396.00,436.00,6044.00,3227.00,2391.00,426.00,6061.00,3216.00,2357.00,488.00,6271.00,3421.00,2395.00,455.00,6545.00,3570.00,2463.00,512.00,6690.00,3635.00,2529.00,526.00,7096.00,3936.00,2596.00,564.00,7577.00,4181.00,2778.00,618.00,7577.00,4181.00,2778.00,618.00,7623.00,4317.00,2878.00,428.00
"Quang Tri",13423.00,9201.00,3507.00,715.00,14075.00,9385.00,3889.00,801.00,15417.00,10178.00,4374.00,865.00,15755.00,10083.00,4675.00,997.00,16441.00,10175.00,5176.00,1090.00,18532.00,10701.00,6444.00,1387.00,18238.00,11017.00,6033.00,1188.00,18143.00,10507.00,6265.00,1371.00,19682.00,11548.00,6607.00,1527.00,20414.00,11707.00,7059.00,1648.00,20681.00,11405.00,7585.00,1691.00,20835.00,11321.00,7764.00,1750.00,20865.00,11176.00,7864.00,1825.00,20997.00,11001.00,7968.00,2028.00,13188.00,7845.00,3803.00,1540.00,19374.00,9926.00,7383.00,2065.00,21965.00,11545.00,8064.00,2356.00,22681.00,11982.00,8215.00,2484.00,23261.00,12640.00,8345.00,2276.00,23261.00,12640.00,8345.00,2276.00,22949.00,12924.00,8486.00,1539.00
"Thua Thien-Hue",11960.00,6774.00,3728.00,1458.00,11526.00,6391.00,3638.00,1497.00,15683.00,10117.00,3854.00,1712.00,12161.00,5490.00,3902.00,2769.00,6906.00,1532.00,3812.00,1562.00,10715.00,5379.00,3713.00,1623.00,10824.00,5500.00,3539.00,1785.00,12431.00,6838.00,3509.00,2084.00,10973.00,5356.00,3547.00,2070.00,10975.00,5375.00,3576.00,2024.00,10492.00,5156.00,3514.00,1822.00,10272.00,5021.00,3541.00,1710.00,10340.00,5020.00,3596.00,1724.00,10417.00,5141.00,3568.00,1708.00,10198.00,5315.00,3262.00,1621.00,10183.00,5533.00,3214.00,1436.00,10154.00,5601.00,3054.00,1499.00,9595.00,5806.00,2355.00,1434.00,11120.00,6119.00,3619.00,1382.00,11120.00,6119.00,3619.00,1382.00,11123.00,6320.00,3900.00,903.00
"Da Nang",..,..,..,..,..,..,..,..,3283.00,1147.00,2062.00,74.00,..,..,..,..,..,..,..,..,..,..,..,..,..,..,..,..,..,..,..,..,..,..,..,..,..,..,..,..,..,..,..,..,..,..,..,..,..,..,..,..,..,..,..,..,480.00,204.00,153.00,123.00,614.00,222.00,225.00,167.00,615.00,226.00,246.00,143.00,591.00,249.00,223.00,119.00,781.00,317.00,296.00,168.00,781.00,317.00,296.00,168.00,973.00,390.00,453.00,130.00
"Quang  Nam",31734.00,19334.00,10870.00,1530.00,31805.00,17444.00,12504.00,1857.00,34012.00,17444.00,13591.00,2977.00,31256.00,15406.00,11595.00,4255.00,24841.00,10952.00,9749.00,4140.00,25865.00,11323.00,9976.00,4566.00,30989.00,14526.00,11772.00,4691.00,31129.00,14634.00,11424.00,5071.00,30893.00,14629.00,10718.00,5546.00,30606.00,14974.00,10477.00,5155.00,31358.00,15789.00,10381.00,5188.00,31759.00,16067.00,10443.00,5249.00,32374.00,16205.00,10842.00,5327.00,32717.00,16585.00,11014.00,5118.00,32446.00,17003.00,11166.00,4277.00,33529.00,17247.00,11562.00,4720.00,34309.00,17767.00,11773.00,4769.00,35405.00,18278.00,12118.00,5009.00,37315.00,18615.00,12959.00,5741.00,37315.00,18615.00,12959.00,5741.00,35570.00,18911.00,13267.00,3392.00
"Quang  Ngai",33774.00,21181.00,10974.00,1619.00,33953.00,20166.00,11671.00,2116.00,33098.00,18616.00,12034.00,2448.00,31490.00,17586.00,12071.00,1833.00,31273.00,17142.00,11945.00,2186.00,30607.00,16560.00,11833.00,2214.00,31837.00,17364.00,11983.00,2490.00,30154.00,16224.00,10858.00,3072.00,34349.00,19165.00,11695.00,3489.00,33001.00,18690.00,10695.00,3616.00,35348.00,19300.00,12229.00,3819.00,37315.00,20387.00,12851.00,4077.00,38429.00,20530.00,13597.00,4302.00,39158.00,20412.00,14078.00,4668.00,39526.00,20614.00,14254.00,4658.00,38544.00,19065.00,14553.00,4926.00,40705.00,20702.00,14944.00,5059.00,40991.00,20620.00,15051.00,5320.00,41071.00,20261.00,15213.00,5597.00,41071.00,20261.00,15213.00,5597.00,38410.00,19762.00,15074.00,3574.00
"Binh Dinh",7863.00,4830.00,2471.00,562.00,6841.00,3360.00,2838.00,643.00,7749.00,4088.00,2792.00,869.00,7523.00,3537.00,3041.00,945.00,7159.00,3387.00,2709.00,1063.00,7249.00,3349.00,2789.00,1111.00,7117.00,3460.00,2537.00,1120.00,7711.00,3545.00,2577.00,1589.00,7158.00,3669.00,2271.00,1218.00,7169.00,3826.00,2197.00,1146.00,7465.00,3934.00,2345.00,1186.00,7613.00,4053.00,2457.00,1103.00,7811.00,4131.00,2538.00,1142.00,8014.00,4199.00,2719.00,1096.00,8333.00,4383.00,2843.00,1107.00,8564.00,4481.00,2882.00,1201.00,8925.00,4645.00,3005.00,1275.00,9101.00,4733.00,3017.00,1351.00,9477.00,4738.00,3326.00,1413.00,9477.00,4738.00,3326.00,1413.00,9117.00,4776.00,3432.00,909.00
"Phu Yen",9149.00,5647.00,2897.00,605.00,11190.00,7087.00,3324.00,779.00,11219.00,6732.00,3510.00,977.00,10259.00,6004.00,3279.00,976.00,11164.00,6208.00,4054.00,902.00,9118.00,5134.00,3042.00,942.00,10348.00,6367.00,2993.00,988.00,11889.00,7466.00,3160.00,1263.00,10967.00,6418.00,3517.00,1032.00,11350.00,6493.00,3695.00,1162.00,11762.00,6586.00,3945.00,1231.00,11912.00,6557.00,4053.00,1302.00,11915.00,6527.00,4103.00,1285.00,11887.00,6503.00,4089.00,1295.00,11973.00,6644.00,4131.00,1198.00,12281.00,6792.00,4204.00,1285.00,12551.00,6949.00,4316.00,1286.00,12837.00,7114.00,4371.00,1352.00,12973.00,7292.00,4432.00,1249.00,12973.00,7292.00,4432.00,1249.00,12750.00,7355.00,4539.00,856.00
"Khanh  Hoa",14425.00,10567.00,2925.00,933.00,13474.00,9313.00,3505.00,656.00,13099.00,8534.00,4030.00,535.00,12912.00,8028.00,4036.00,848.00,12197.00,7738.00,3691.00,768.00,12626.00,8059.00,3735.00,832.00,12774.00,8168.00,3772.00,834.00,12400.00,7683.00,3875.00,842.00,12908.00,7760.00,4431.00,717.00,13555.00,7886.00,4658.00,1011.00,13832.00,7925.00,4714.00,1193.00,13884.00,7893.00,4745.00,1246.00,13818.00,7986.00,4684.00,1148.00,14144.00,8070.00,4953.00,1121.00,14484.00,8274.00,5119.00,1091.00,14733.00,8493.00,5129.00,1111.00,15323.00,8785.00,5400.00,1138.00,15176.00,8959.00,5141.00,1076.00,15958.00,9152.00,5602.00,1204.00,15958.00,9152.00,5602.00,1204.00,16016.00,9319.00,5872.00,825.00
"Ninh  Thuan",27938.00,17718.00,8078.00,2142.00,28103.00,17038.00,8488.00,2577.00,28734.00,16569.00,8994.00,3171.00,28854.00,16750.00,8910.00,3194.00,28501.00,16309.00,9215.00,2977.00,28254.00,16235.00,8575.00,3444.00,27714.00,16044.00,7631.00,4039.00,29343.00,16281.00,9112.00,3950.00,28772.00,15884.00,9124.00,3764.00,29060.00,15814.00,9327.00,3919.00,29079.00,15907.00,9421.00,3751.00,29251.00,16085.00,9342.00,3824.00,29157.00,15940.00,9464.00,3753.00,29419.00,16140.00,9513.00,3766.00,29254.00,16824.00,8795.00,3635.00,30328.00,17185.00,9558.00,3585.00,30957.00,17270.00,10050.00,3637.00,31880.00,18056.00,10068.00,3756.00,33099.00,18614.00,10752.00,3733.00,33099.00,18614.00,10752.00,3733.00,32354.00,18800.00,11285.00,2269.00
"Binh Thuan",19638.00,12590.00,5515.00,1533.00,19346.00,11674.00,5932.00,1740.00,18485.00,10787.00,5776.00,1922.00,18642.00,10521.00,6137.00,1984.00,18571.00,10383.00,6027.00,2161.00,18472.00,10250.00,5949.00,2273.00,18838.00,10195.00,6234.00,2409.00,19292.00,10371.00,6189.00,2732.00,19117.00,10230.00,6192.00,2695.00,19057.00,10269.00,6175.00,2613.00,18582.00,10246.00,6104.00,2232.00,18668.00,10406.00,6077.00,2185.00,18449.00,10252.00,6149.00,2048.00,18485.00,10418.00,6055.00,2012.00,19619.00,11317.00,6289.00,2013.00,19659.00,11215.00,6444.00,2000.00,20197.00,11442.00,6647.00,2108.00,20784.00,11819.00,6730.00,2235.00,21505.00,11865.00,7311.00,2329.00,21505.00,11865.00,7311.00,2329.00,21049.00,11819.00,7652.00,1578.00
"Central Highlands",..,..,..,..,..,..,..,..,..,..,..,..,..,..,..,..,..,..,..,..,..,..,..,..,..,..,..,..,..,..,..,..,..,..,..,..,..,..,..,..,..,..,..,..,..,..,..,..,..,..,..,..,..,..,..,..,432325.00,254810.00,140254.00,37261.00,444835.00,260025.00,144920.00,39890.00,459835.00,267937.00,150798.00,41100.00,470648.00,272914.00,154947.00,42787.00,492156.00,280038.00,167316.00,44802.00,492156.00,280038.00,167316.00,44802.00,491081.00,284523.00,175972.00,30586.00
"Kon Tum",..,..,..,..,..,..,..,..,55078.00,33019.00,18602.00,3457.00,56563.00,33422.00,19862.00,3279.00,56277.00,32624.00,20054.00,3599.00,56170.00,32409.00,20551.00,3210.00,57372.00,32696.00,20982.00,3694.00,56917.00,31370.00,21449.00,4098.00,60935.00,34777.00,21546.00,4612.00,61148.00,34557.00,21846.00,4745.00,61924.00,35270.00,21568.00,5086.00,62700.00,35721.00,21743.00,5236.00,63244.00,35922.00,22397.00,4925.00,64937.00,36746.00,22950.00,5241.00,65911.00,37788.00,23201.00,4922.00,67322.00,38397.00,23776.00,5149.00,69434.00,39393.00,24579.00,5462.00,69944.00,39683.00,25066.00,5195.00,73061.00,40799.00,26934.00,5328.00,73061.00,40799.00,26934.00,5328.00,73160.00,41357.00,27930.00,3873.00
"Gia Lai",105796.00,76021.00,24791.00,4984.00,109336.00,76616.00,26854.00,5866.00,113063.00,77193.00,29957.00,5913.00,110835.00,75421.00,29809.00,5605.00,112512.00,75633.00,30933.00,5946.00,114865.00,77566.00,31396.00,5903.00,57372.00,32696.00,20982.00,3694.00,123208.00,81825.00,34032.00,7351.00,124208.00,82404.00,34337.00,7467.00,131382.00,85474.00,37585.00,8323.00,131392.00,84692.00,38106.00,8594.00,130711.00,83352.00,38650.00,8709.00,130215.00,81987.00,39836.00,8392.00,130680.00,81134.00,41114.00,8432.00,132786.00,82309.00,41800.00,8677.00,136269.00,84006.00,42929.00,9334.00,139862.00,85568.00,44609.00,9685.00,142040.00,85965.00,45539.00,10536.00,148198.00,87747.00,49246.00,11205.00,148198.00,87747.00,49246.00,11205.00,149307.00,89046.00,52145.00,8116.00
"Dak Lak",147015.00,90705.00,46162.00,10148.00,149351.00,88229.00,47725.00,13397.00,151799.00,85593.00,50344.00,15862.00,143966.00,80283.00,48486.00,15197.00,138933.00,78212.00,47677.00,13044.00,132817.00,75963.00,45242.00,11612.00,123946.00,73079.00,38702.00,12165.00,129719.00,71776.00,44665.00,13278.00,125953.00,69677.00,42813.00,13463.00,123027.00,70592.00,38582.00,13853.00,127269.00,71227.00,42070.00,13972.00,126085.00,70783.00,41227.00,14075.00,125199.00,70722.00,41201.00,13276.00,125447.00,71781.00,40579.00,13087.00,127535.00,74325.00,41025.00,12185.00,132430.00,76655.00,42622.00,13153.00,136142.00,78663.00,44348.00,13131.00,140337.00,80733.00,46013.00,13591.00,146757.00,82874.00,49683.00,14200.00,146757.00,82874.00,49683.00,14200.00,146050.00,84088.00,52346.00,9616.00
"Dak Nong",32806.00,23241.00,8208.00,1357.00,21202.00,16320.00,4358.00,524.00,23217.00,16181.00,5681.00,1355.00,39768.00,25309.00,11213.00,3246.00,38708.00,24288.00,11349.00,3071.00,42229.00,27921.00,11127.00,3181.00,39080.00,24403.00,11356.00,3321.00,40054.00,24573.00,11827.00,3654.00,40392.00,24839.00,12022.00,3531.00,41265.00,25087.00,12367.00,3811.00,41588.00,25124.00,12514.00,3950.00,41698.00,25039.00,12562.00,4097.00,42081.00,24847.00,13040.00,4194.00,41869.00,24693.00,12976.00,4200.00,42791.00,24838.00,13737.00,4216.00,42803.00,23921.00,14313.00,4569.00,45822.00,26328.00,14665.00,4829.00,47253.00,27219.00,14957.00,5077.00,49859.00,28394.00,15862.00,5603.00,49859.00,28394.00,15862.00,5603.00,48706.00,28720.00,16685.00,3301.00
"Lam Dong",63167.00,39466.00,19268.00,4433.00,65705.00,38273.00,21610.00,5822.00,67528.00,35972.00,24534.00,7022.00,63583.00,35319.00,21673.00,6591.00,62384.00,34362.00,21192.00,6830.00,62367.00,33107.00,22350.00,6910.00,61870.00,32892.00,22130.00,6848.00,60736.00,31195.00,21759.00,7782.00,56867.00,30866.00,20997.00,5004.00,60373.00,30809.00,21619.00,7945.00,59160.00,31041.00,20373.00,7746.00,59409.00,31483.00,20023.00,7903.00,59614.00,32087.00,19904.00,7623.00,60823.00,32989.00,20083.00,7751.00,63302.00,35550.00,20491.00,7261.00,66011.00,37046.00,21280.00,7685.00,68575.00,37985.00,22597.00,7993.00,71074.00,39314.00,23372.00,8388.00,74281.00,40224.00,25591.00,8466.00,74281.00,40224.00,25591.00,8466.00,73858.00,41312.00,26866.00,5680.00
"South East",..,..,..,..,..,..,..,..,..,..,..,..,..,..,..,..,..,..,..,..,..,..,..,..,..,..,..,..,..,..,..,..,..,..,..,..,..,..,..,..,..,..,..,..,..,..,..,..,..,..,..,..,..,..,..,..,159979.00,85691.00,52801.00,21487.00,164872.00,88686.00,54275.00,21911.00,169081.00,90380.00,56259.00,22442.00,169869.00,91957.00,55091.00,22821.00,175967.00,92095.00,59587.00,24285.00,175967.00,92095.00,59587.00,24285.00,167601.00,92766.00,61425.00,13410.00
"Binh Phuoc",30236.00,21417.00,7523.00,1296.00,32506.00,21699.00,8925.00,1882.00,21024.00,10207.00,8543.00,2274.00,34439.00,21627.00,10727.00,2085.00,32911.00,21339.00,9435.00,2137.00,31210.00,19230.00,9814.00,2166.00,34912.00,22160.00,9886.00,2866.00,35632.00,22101.00,10272.00,3259.00,33244.00,22100.00,7931.00,3213.00,36381.00,22233.00,10755.00,3393.00,35859.00,22026.00,10617.00,3216.00,35918.00,21480.00,11114.00,3324.00,35229.00,20719.00,11272.00,3238.00,35213.00,20091.00,11759.00,3363.00,36068.00,20625.00,12201.00,3242.00,36856.00,21102.00,12284.00,3470.00,37289.00,21393.00,12267.00,3629.00,37468.00,21835.00,11612.00,4021.00,38599.00,22559.00,12273.00,3767.00,38599.00,22559.00,12273.00,3767.00,37890.00,22897.00,12730.00,2263.00
"Tay Ninh",2405.00,1716.00,616.00,73.00,2344.00,1437.00,791.00,116.00,2202.00,1341.00,739.00,122.00,2142.00,1333.00,668.00,141.00,2151.00,1325.00,680.00,146.00,2088.00,1371.00,560.00,157.00,2197.00,1494.00,556.00,147.00,2470.00,1602.00,685.00,183.00,2109.00,1706.00,364.00,39.00,2854.00,1825.00,807.00,222.00,3044.00,1917.00,871.00,256.00,3142.00,1970.00,942.00,230.00,3281.00,2018.00,1039.00,224.00,3449.00,2086.00,1079.00,284.00,3655.00,2325.00,1053.00,277.00,3931.00,2464.00,1173.00,294.00,4279.00,2651.00,1243.00,385.00,4434.00,2709.00,1337.00,388.00,4820.00,2844.00,1539.00,437.00,4820.00,2844.00,1539.00,437.00,4752.00,2808.00,1672.00,272.00
"Binh Duong",..,..,..,..,..,..,..,..,1141.00,531.00,404.00,206.00,1138.00,703.00,359.00,76.00,1123.00,727.00,359.00,37.00,1418.00,901.00,348.00,169.00,1879.00,1353.00,345.00,181.00,1614.00,1075.00,453.00,86.00,2368.00,1471.00,800.00,97.00,2972.00,1887.00,900.00,185.00,3482.00,2298.00,990.00,194.00,4287.00,2875.00,1098.00,314.00,5089.00,3645.00,1193.00,251.00,6537.00,4774.00,1425.00,338.00,9616.00,6835.00,2326.00,455.00,11230.00,7926.00,2801.00,503.00,12408.00,8547.00,3228.00,633.00,13419.00,9104.00,3530.00,785.00,15347.00,9857.00,4419.00,1071.00,15347.00,9857.00,4419.00,1071.00,16150.00,10474.00,4993.00,683.00
"Dong Nai",18252.00,10759.00,6156.00,1337.00,18310.00,10759.00,6190.00,1361.00,18745.00,11251.00,5827.00,1667.00,18154.00,10852.00,5631.00,1671.00,17044.00,10240.00,5026.00,1778.00,17884.00,10820.00,5192.00,1872.00,17141.00,10534.00,4822.00,1785.00,22415.00,12379.00,5721.00,4315.00,24047.00,13499.00,6994.00,3554.00,27139.00,13927.00,8719.00,4493.00,28111.00,14589.00,9245.00,4277.00,29437.00,15701.00,9545.00,4191.00,29528.00,16017.00,9663.00,3848.00,30498.00,16598.00,9953.00,3947.00,33188.00,18968.00,10444.00,3776.00,35417.00,20314.00,11238.00,3865.00,36704.00,20797.00,11966.00,3941.00,37390.00,21316.00,11906.00,4168.00,39507.00,21554.00,13381.00,4572.00,39507.00,21554.00,13381.00,4572.00,37988.00,21429.00,13886.00,2673.00
"Ba Ria - Vung Tau",3300.00,1908.00,1066.00,326.00,3392.00,1884.00,1137.00,371.00,3848.00,1948.00,1456.00,444.00,3698.00,1948.00,1334.00,416.00,4081.00,2186.00,1515.00,380.00,4211.00,2259.00,1463.00,489.00,4348.00,2305.00,1448.00,595.00,4270.00,2240.00,1476.00,554.00,4552.00,2361.00,1612.00,579.00,4648.00,2508.00,1603.00,537.00,4965.00,2733.00,1555.00,677.00,5069.00,2762.00,1645.00,662.00,5135.00,2783.00,1666.00,686.00,5279.00,2918.00,1687.00,674.00,5742.00,3219.00,1859.00,664.00,5832.00,3346.00,1721.00,765.00,6318.00,3476.00,2060.00,782.00,6540.00,3624.00,2151.00,765.00,7263.00,3925.00,2446.00,892.00,7263.00,3925.00,2446.00,892.00,7246.00,4085.00,2614.00,547.00
"Ho Chi Minh city",42220.00,21563.00,14545.00,6112.00,35297.00,20279.00,10259.00,4759.00,42480.00,22566.00,14739.00,5175.00,37253.00,17924.00,13454.00,5875.00,40029.00,20459.00,14347.00,5223.00,56362.00,27453.00,19709.00,9200.00,60697.00,29414.00,21065.00,10218.00,61482.00,27393.00,22502.00,11587.00,66526.00,28815.00,23204.00,14507.00,66573.00,29701.00,24180.00,12692.00,67457.00,30555.00,24725.00,12177.00,68217.00,31429.00,23934.00,12854.00,72108.00,31371.00,25612.00,15125.00,70239.00,31903.00,24649.00,13687.00,71710.00,33719.00,24918.00,13073.00,71606.00,33534.00,25058.00,13014.00,72083.00,33516.00,25495.00,13072.00,70618.00,33369.00,24555.00,12694.00,70431.00,31356.00,25529.00,13546.00,70431.00,31356.00,25529.00,13546.00,63575.00,31073.00,25530.00,6972.00
"Mekong River Delta",..,..,..,..,..,..,..,..,..,..,..,..,..,..,..,..,..,..,..,..,..,..,..,..,..,..,..,..,..,..,..,..,..,..,..,..,..,..,..,..,..,..,..,..,..,..,..,..,..,..,..,..,..,..,..,..,230912.00,137792.00,71941.00,21179.00,239743.00,142070.00,74405.00,23268.00,247700.00,144077.00,78259.00,25364.00,245367.00,141304.00,77031.00,27032.00,260121.00,142648.00,88304.00,29169.00,260121.00,142648.00,88304.00,29169.00,249945.00,140751.00,91879.00,17315.00
"Long An",..,..,..,..,..,..,..,..,..,..,..,..,..,..,..,..,..,..,..,..,..,..,..,..,..,..,..,..,..,..,..,..,..,..,..,..,..,..,..,..,..,..,..,..,..,..,..,..,..,..,..,..,..,..,..,..,1127.00,785.00,262.00,80.00,1376.00,976.00,290.00,110.00,1582.00,1126.00,345.00,111.00,1608.00,1164.00,333.00,111.00,2602.00,1606.00,743.00,253.00,2602.00,1606.00,743.00,253.00,2936.00,1865.00,901.00,170.00
"Tien Giang",..,..,..,..,..,..,..,..,..,..,..,..,..,..,..,..,..,..,..,..,..,..,..,..,..,..,..,..,..,..,..,..,..,..,..,..,..,..,..,..,..,..,..,..,..,..,..,..,..,..,..,..,..,..,..,..,371.00,128.00,168.00,75.00,451.00,170.00,196.00,85.00,475.00,186.00,182.00,107.00,508.00,190.00,208.00,110.00,762.00,320.00,269.00,173.00,762.00,320.00,269.00,173.00,786.00,353.00,331.00,102.00
"Ben Tre",..,..,..,..,..,..,..,..,..,..,..,..,..,..,..,..,..,..,..,..,..,..,..,..,..,..,..,..,..,..,..,..,..,..,..,..,..,..,..,..,..,..,..,..,..,..,..,..,..,..,..,..,..,..,..,..,386.00,161.00,150.00,75.00,471.00,200.00,181.00,90.00,516.00,235.00,206.00,75.00,544.00,236.00,214.00,94.00,775.00,334.00,286.00,155.00,775.00,334.00,286.00,155.00,785.00,382.00,312.00,91.00
"Tra Vinh",56889.00,28119.00,22364.00,6406.00,50668.00,26019.00,17862.00,6787.00,47236.00,25943.00,15661.00,5632.00,44588.00,25588.00,13758.00,5242.00,44238.00,25200.00,14038.00,5000.00,43213.00,25868.00,13400.00,3945.00,44797.00,27192.00,14040.00,3565.00,45773.00,27048.00,15262.00,3463.00,46646.00,27435.00,15532.00,3679.00,47707.00,27751.00,16146.00,3810.00,48972.00,28386.00,16552.00,4034.00,50055.00,29023.00,16784.00,4248.00,51064.00,29639.00,16798.00,4627.00,52589.00,30658.00,17245.00,4686.00,55567.00,32519.00,17673.00,5375.00,58416.00,33791.00,18438.00,6187.00,61112.00,34587.00,19639.00,6886.00,62388.00,34581.00,20173.00,7634.00,64003.00,33885.00,22496.00,7622.00,64003.00,33885.00,22496.00,7622.00,60802.00,33111.00,23089.00,4602.00
"Vinh Long",3911.00,1648.00,1784.00,479.00,4578.00,2009.00,1927.00,642.00,3911.00,1838.00,1481.00,592.00,3862.00,1933.00,1329.00,600.00,3698.00,1934.00,1269.00,495.00,3668.00,1948.00,1208.00,512.00,3533.00,1949.00,1114.00,470.00,3472.00,1859.00,1161.00,452.00,3338.00,1678.00,1212.00,448.00,3609.00,1914.00,1294.00,401.00,3795.00,2036.00,1342.00,417.00,3667.00,1995.00,1249.00,423.00,3715.00,2081.00,1203.00,431.00,3988.00,2186.00,1342.00,460.00,4498.00,2507.00,1490.00,501.00,4894.00,2664.00,1627.00,603.00,4940.00,2716.00,1661.00,563.00,5199.00,2846.00,1752.00,601.00,5592.00,2848.00,1978.00,766.00,5592.00,2848.00,1978.00,766.00,5444.00,2886.00,2060.00,498.00
"Dong Thap",..,..,..,..,..,..,..,..,..,..,..,..,..,..,..,..,..,..,..,..,..,..,..,..,..,..,..,..,..,..,..,..,..,..,..,..,..,..,..,..,..,..,..,..,..,..,..,..,..,..,..,..,..,..,..,..,187.00,81.00,69.00,37.00,203.00,105.00,57.00,41.00,261.00,132.00,94.00,35.00,256.00,119.00,98.00,39.00,399.00,176.00,137.00,86.00,399.00,176.00,137.00,86.00,414.00,203.00,149.00,62.00
"An Giang",18630.00,11557.00,5667.00,1406.00,18650.00,10967.00,6013.00,1670.00,17255.00,10068.00,5560.00,1627.00,15971.00,9553.00,5127.00,1291.00,15562.00,9836.00,4937.00,789.00,15727.00,10064.00,4503.00,1160.00,16628.00,10503.00,4941.00,1184.00,16981.00,10614.00,5177.00,1190.00,16984.00,10550.00,5732.00,702.00,17947.00,10608.00,5986.00,1353.00,18294.00,10680.00,6038.00,1576.00,18518.00,10932.00,5966.00,1620.00,18530.00,10953.00,5883.00,1694.00,18874.00,11157.00,6068.00,1649.00,19325.00,11535.00,6224.00,1566.00,20005.00,11966.00,6372.00,1667.00,20371.00,11896.00,6600.00,1875.00,20754.00,11873.00,6807.00,2074.00,22029.00,12269.00,7556.00,2204.00,22029.00,12269.00,7556.00,2204.00,21367.00,12341.00,7645.00,1381.00
"Kien  Giang",41663.00,24888.00,13994.00,2781.00,41393.00,24493.00,13952.00,2948.00,39739.00,22592.00,13660.00,3487.00,37391.00,21830.00,11667.00,3894.00,37201.00,21992.00,11430.00,3779.00,35979.00,21492.00,10950.00,3537.00,35174.00,21736.00,10461.00,2977.00,34342.00,20890.00,10542.00,2910.00,35157.00,21309.00,10697.00,3151.00,35541.00,21545.00,11058.00,2938.00,35878.00,21707.00,10752.00,3419.00,36265.00,21760.00,11030.00,3475.00,36892.00,21970.00,11428.00,3494.00,37620.00,22031.00,12148.00,3441.00,39014.00,23224.00,12316.00,3474.00,41245.00,24668.00,12775.00,3802.00,42342.00,24805.00,13538.00,3999.00,41483.00,23936.00,13244.00,4303.00,43690.00,24201.00,14872.00,4617.00,43690.00,24201.00,14872.00,4617.00,42029.00,23742.00,15593.00,2694.00
"Can Tho",3607.00,1818.00,1407.00,382.00,3367.00,1313.00,1509.00,545.00,4048.00,1581.00,1617.00,850.00,2889.00,1119.00,1134.00,636.00,3446.00,1508.00,1256.00,682.00,3648.00,1828.00,1128.00,692.00,3857.00,1953.00,1182.00,722.00,3997.00,2076.00,1300.00,621.00,3864.00,2126.00,1032.00,706.00,4594.00,2813.00,1154.00,627.00,5279.00,2826.00,1672.00,781.00,5467.00,2879.00,1778.00,810.00,5452.00,2871.00,1713.00,868.00,5762.00,2859.00,1928.00,975.00,5935.00,2956.00,1992.00,987.00,6064.00,2942.00,2060.00,1062.00,6185.00,2968.00,2115.00,1102.00,6100.00,2966.00,1985.00,1149.00,6354.00,3025.00,2194.00,1135.00,6354.00,3025.00,2194.00,1135.00,5895.00,3007.00,2276.00,612.00
"Hau Giang",3991.00,2446.00,1176.00,369.00,3664.00,2266.00,1153.00,245.00,3832.00,2289.00,1385.00,158.00,3833.00,2238.00,1243.00,352.00,3086.00,2225.00,734.00,127.00,3872.00,2068.00,1468.00,336.00,3859.00,2193.00,1280.00,386.00,4452.00,2237.00,1784.00,431.00,4022.00,2262.00,1328.00,432.00,4268.00,2480.00,1364.00,424.00,3996.00,2450.00,1139.00,407.00,4212.00,2471.00,1300.00,441.00,4178.00,2352.00,1338.00,488.00,4192.00,2371.00,1386.00,435.00,4638.00,2682.00,1475.00,481.00,4870.00,2689.00,1625.00,556.00,5146.00,2778.00,1745.00,623.00,5023.00,2684.00,1690.00,649.00,5450.00,2750.00,1982.00,718.00,5450.00,2750.00,1982.00,718.00,5101.00,2726.00,1976.00,399.00
"Soc Trang",73382.00,46862.00,21679.00,4841.00,69327.00,42987.00,20924.00,5416.00,66171.00,41092.00,19567.00,5512.00,63440.00,40176.00,18057.00,5207.00,56832.00,35318.00,16932.00,4582.00,57518.00,36574.00,16336.00,4608.00,62264.00,39179.00,15495.00,7590.00,62627.00,40387.00,17090.00,5150.00,66181.00,41449.00,18807.00,5925.00,72099.00,44370.00,21661.00,6068.00,73867.00,45254.00,21980.00,6633.00,73873.00,44932.00,22352.00,6589.00,74485.00,44410.00,23400.00,6675.00,75734.00,45374.00,23642.00,6718.00,78975.00,48462.00,23999.00,6514.00,80230.00,48840.00,24528.00,6862.00,82926.00,49559.00,25600.00,7767.00,80731.00,48505.00,24315.00,7911.00,86248.00,48305.00,28968.00,8975.00,86248.00,48305.00,28968.00,8975.00,82844.00,47204.00,30256.00,5384.00
"Bac Lieu",6246.00,1716.00,3566.00,964.00,11823.00,7319.00,3605.00,899.00,11759.00,7306.00,3432.00,1021.00,9245.00,5284.00,2982.00,979.00,10898.00,7146.00,2883.00,869.00,10405.00,6992.00,2653.00,760.00,10807.00,7522.00,2586.00,699.00,11149.00,7557.00,2801.00,791.00,11872.00,7629.00,3433.00,810.00,11919.00,7420.00,3739.00,760.00,11954.00,7236.00,3959.00,759.00,13137.00,8333.00,3989.00,815.00,13610.00,8145.00,4348.00,1117.00,14008.00,8296.00,4488.00,1224.00,14127.00,8636.00,4294.00,1197.00,14398.00,8831.00,4260.00,1307.00,14728.00,8914.00,4400.00,1414.00,13905.00,8147.00,4247.00,1511.00,14782.00,8524.00,4651.00,1607.00,14782.00,8524.00,4651.00,1607.00,14255.00,8464.00,4939.00,852.00
"Ca Mau",5034.00,2647.00,1693.00,694.00,4736.00,2920.00,1392.00,424.00,5212.00,2867.00,1507.00,838.00,4440.00,2538.00,1376.00,526.00,4779.00,2956.00,1353.00,470.00,4725.00,2956.00,1299.00,470.00,5163.00,3413.00,1283.00,467.00,5171.00,3465.00,1199.00,507.00,5193.00,3446.00,1304.00,443.00,5135.00,3618.00,1422.00,95.00,5590.00,3554.00,1584.00,452.00,5851.00,3699.00,1653.00,499.00,5828.00,3711.00,1607.00,510.00,6089.00,3827.00,1647.00,615.00,6762.00,4116.00,1829.00,817.00,7120.00,4228.00,1996.00,896.00,7116.00,4175.00,2134.00,807.00,6868.00,4057.00,1965.00,846.00,7435.00,4405.00,2172.00,858.00,7435.00,4405.00,2172.00,858.00,7287.00,4467.00,2352.00,468.00
"Other city, province",..,..,..,..,..,..,..,..,..,..,..,..,..,..,..,..,..,..,..,..,..,..,..,..,..,..,..,..,..,..,..,..,1810.00,728.00,886.00,196.00,1705.00,755.00,641.00,309.00,2658.00,957.00,1476.00,225.00,2692.00,1375.00,982.00,335.00,3134.00,1570.00,1159.00,405.00,3676.00,1964.00,1213.00,499.00,..,..,..,..,..,..,..,..,..,..,..,..,..,..,..,..,..,..,..,..,..,..,..,..,..,..,..,..
 