"Percentage of trained labour force aged 15 years and over by province by Cities, provincies and Year"

"Cities, provincies","2008","2009","2010","2011","2012","2013","2014","2015","2016","2017","2018","2019","2020","2021","2022","2023","2024","Prel. 2025"
" WHOLE COUNTRY",14.30,14.80,14.70,15.60,16.70,18.20,18.69,20.40,20.90,21.60,22.00,22.80,24.05,26.13,26.44,27.18,28.43,29.34
"Red River Delta",18.10,20.90,21.00,21.30,24.20,25.50,26.58,28.70,29.30,29.70,29.60,32.40,32.62,36.96,37.14,37.81,39.62,41.08
"Ha Noi",23.30,31.10,30.80,30.40,34.90,36.50,39.19,43.80,44.90,44.20,42.00,48.10,48.50,50.27,50.30,50.77,53.90,54.89
"Vinh Phuc",14.50,14.10,14.70,15.40,19.40,20.90,21.05,22.30,22.00,22.10,22.40,24.90,28.59,34.68,34.89,35.78,37.28,37.39
"Bac Ninh",16.60,15.70,15.00,19.10,19.70,20.60,21.81,21.40,21.90,22.40,28.00,28.00,27.80,33.49,34.42,34.45,35.88,38.17
"Quang Ninh",25.10,32.00,28.40,29.20,33.10,34.10,35.03,31.10,31.70,32.90,35.60,37.70,38.65,41.39,41.78,41.89,42.35,44.02
"Hai Duong",15.10,14.70,14.40,13.20,14.60,14.00,15.15,19.00,19.30,20.80,17.50,22.10,24.77,30.40,29.69,29.24,29.42,29.58
"Hai Phong",23.10,23.30,22.50,23.70,24.30,27.20,28.39,32.10,32.60,33.80,31.30,31.60,34.70,36.01,36.45,36.50,38.04,40.10
"Hung Yen",11.50,13.70,13.00,13.40,17.00,17.70,20.41,19.00,19.30,19.90,20.40,25.30,26.35,26.66,28.14,28.19,29.28,29.56
"Thai Binh",13.90,12.60,15.20,12.80,14.20,13.60,15.84,15.30,15.10,15.50,18.40,15.30,17.89,19.34,19.58,22.89,23.93,24.54
"Ha Nam",11.10,13.50,13.80,15.20,16.10,18.10,16.63,16.90,17.00,18.10,20.80,20.00,22.05,27.57,27.60,29.45,32.25,32.98
"Nam Dinh",12.00,11.90,10.80,12.00,13.30,15.80,11.51,13.30,13.90,15.30,15.90,17.70,20.07,22.01,21.50,21.69,23.75,24.82
"Ninh Binh",14.90,16.40,20.10,21.60,25.40,27.70,26.18,24.30,25.30,26.40,27.40,28.90,30.16,31.74,31.79,33.61,33.93,42.20
"Northern midlands and mountain areas",12.20,13.20,13.60,13.90,14.70,15.90,15.96,17.60,17.60,18.10,18.40,18.20,20.46,25.89,26.36,26.82,27.97,28.32
"Ha Giang",7.60,9.00,10.80,10.90,9.60,9.10,9.83,9.50,10.10,12.50,13.80,12.50,12.81,19.54,20.64,21.05,22.27,22.30
"Cao Bang",16.70,15.50,17.80,16.10,20.20,19.50,20.17,18.80,19.80,21.00,20.60,20.80,21.80,24.70,25.57,25.90,26.10,26.24
"Bac Kan",11.10,13.90,12.80,14.20,12.10,12.40,12.45,16.60,15.50,17.20,17.70,16.10,16.32,27.02,27.58,27.99,29.04,29.50
"Tuyen Quang",14.60,12.40,14.30,11.30,16.30,16.90,19.57,20.70,20.20,16.10,19.40,20.70,21.32,23.07,21.63,21.82,22.47,25.62
"Lao Cai",9.60,14.00,16.50,13.80,14.90,16.50,16.17,16.40,16.80,19.10,17.10,19.50,20.99,24.59,22.74,22.77,24.00,25.96
"Yen Bai",11.70,12.40,11.30,13.30,12.10,13.60,13.75,16.90,16.00,16.60,20.00,17.50,19.09,22.20,22.90,23.19,24.20,23.71
"Thai  Nguyen",17.80,18.50,17.40,19.90,21.50,22.20,20.80,25.20,25.70,26.00,24.70,27.20,28.24,35.40,35.93,36.62,38.10,38.20
"Lang Son",11.00,12.60,12.50,12.70,13.80,16.70,16.01,14.60,15.10,15.50,19.80,16.50,21.00,27.80,28.50,27.63,29.01,29.17
"Bac Giang",10.50,12.40,13.90,14.20,14.00,16.00,16.00,17.60,17.80,17.90,16.70,18.00,19.83,26.72,32.00,32.58,33.67,34.64
"Phu Tho",14.60,15.20,12.50,12.70,13.10,15.50,14.81,21.00,21.00,21.80,21.80,24.60,25.17,34.59,33.21,34.05,35.23,35.60
"Dien Bien",10.60,11.60,13.30,13.40,17.20,19.30,20.38,21.00,20.10,21.00,15.60,16.10,16.20,18.78,18.05,18.20,18.40,18.56
"Lai Chau",7.10,10.00,9.00,11.10,11.50,12.20,12.93,11.50,11.80,14.40,14.20,13.30,12.53,25.61,23.84,23.80,23.80,23.95
"Son La",8.90,10.00,11.40,12.30,12.10,12.30,13.24,12.50,12.30,12.80,14.90,11.20,13.10,16.78,18.51,18.95,19.20,19.53
"Hoa Binh",11.80,14.20,15.00,16.00,16.90,18.20,16.38,17.40,18.30,17.80,17.40,17.40,18.62,23.63,23.85,23.75,25.62,26.03
"Northern Central area and Central coastal area",13.10,13.50,12.90,14.60,15.10,16.40,16.94,19.50,19.70,20.50,21.30,21.50,22.71,25.75,26.69,27.56,28.66,29.17
"Thanh Hoa",11.20,11.90,10.10,18.60,14.80,16.70,14.47,19.00,18.80,19.90,19.40,19.40,21.39,25.14,26.40,27.56,27.94,27.91
"Nghe An",12.10,13.60,12.90,12.20,14.70,15.50,15.93,17.30,17.30,19.90,20.80,20.70,20.76,23.37,25.29,25.66,26.53,27.87
"Ha Tinh",12.00,14.60,14.60,12.40,18.00,19.50,21.19,19.30,19.20,21.50,24.20,25.00,25.70,30.48,30.80,31.58,32.28,32.51
"Quang Binh",14.30,14.70,16.00,14.10,19.50,19.20,20.12,18.60,18.70,20.90,25.10,21.70,21.87,26.53,26.98,27.66,28.45,29.45
"Quang Tri",14.70,15.90,15.00,13.00,16.50,19.90,19.59,23.20,23.90,24.70,26.00,23.20,25.60,27.70,27.09,27.96,30.03,28.97
"Hue",16.30,15.30,17.60,18.00,19.00,20.20,22.20,23.90,24.10,24.30,22.70,22.70,23.15,28.73,29.81,30.12,31.30,32.29
"Da Nang",32.40,32.40,31.70,32.70,34.70,36.30,37.76,41.70,41.10,40.90,42.60,44.60,44.04,48.14,48.54,49.71,51.29,52.36
"Quang  Nam",14.40,11.30,10.70,12.60,9.90,12.00,13.87,16.50,17.30,18.10,20.30,18.70,21.49,26.57,26.66,27.51,28.48,28.28
"Quang  Ngai",8.70,9.70,9.90,9.90,11.30,13.10,14.82,17.90,18.50,18.30,18.20,20.90,22.03,26.12,25.19,26.06,27.36,28.57
"Binh Dinh",11.40,12.20,9.40,11.90,13.50,15.30,14.70,15.50,16.70,16.90,21.20,19.20,21.80,24.96,25.01,25.58,26.15,26.25
"Phu Yen",10.70,10.80,10.50,11.20,10.40,10.70,12.60,16.60,16.90,18.00,14.80,16.60,17.52,21.62,21.67,23.08,23.90,25.09
"Khanh  Hoa",17.40,14.60,13.90,13.10,11.80,13.10,16.28,24.60,25.20,18.70,18.80,22.80,23.88,25.57,25.30,25.30,26.23,27.05
"Ninh  Thuan",13.00,14.80,12.30,13.70,14.40,14.20,14.37,15.60,15.80,15.10,19.30,18.90,16.16,18.79,17.66,18.61,18.58,20.59
"Binh Thuan",10.60,10.80,10.60,9.30,10.80,10.80,12.36,13.40,13.40,15.60,14.00,16.30,15.66,18.29,18.47,19.55,21.40,22.40
"Central Highlands",11.40,10.90,10.40,10.90,12.20,13.30,12.53,13.00,13.30,13.50,14.20,14.30,16.86,17.00,17.62,18.21,19.21,19.29
"Kon Tum",11.50,13.10,13.10,15.20,12.90,12.40,12.42,15.80,16.20,16.60,18.00,12.90,15.98,18.17,17.60,17.82,18.66,18.08
"Gia Lai",11.80,9.80,7.50,9.20,10.30,10.40,10.91,10.90,11.00,11.00,10.40,12.50,14.90,15.90,15.29,15.28,16.22,16.01
"Dak Lak",10.50,11.50,12.40,10.60,12.90,15.00,13.62,13.30,13.90,14.10,14.50,14.60,17.20,18.28,17.98,18.28,19.65,21.12
"Dak Nong",8.00,7.70,6.20,7.20,8.40,9.20,8.04,10.30,10.50,12.10,13.90,14.10,14.33,15.41,14.73,16.71,17.91,18.57
"Lam Dong",12.20,11.70,11.50,13.20,14.80,16.60,14.96,15.20,15.20,15.00,16.60,16.70,18.50,20.49,21.80,22.65,23.03,22.11
"South East",22.50,19.60,19.40,20.60,21.00,23.50,24.18,25.40,26.20,27.50,28.00,28.10,29.47,28.34,28.19,28.95,30.00,31.54
"Binh Phuoc",10.00,12.30,14.90,12.50,13.40,15.10,15.91,12.90,13.70,14.00,16.80,15.80,18.06,19.21,20.11,20.00,21.60,21.78
"Tay Ninh",9.40,8.80,9.60,9.10,10.30,11.80,11.88,14.20,14.10,14.10,14.80,12.70,14.70,16.01,17.82,18.22,20.09,21.33
"Binh  Duong",13.30,13.30,13.70,14.90,14.40,17.20,18.21,16.80,17.10,18.70,20.60,21.90,20.13,21.03,21.10,23.28,23.79,24.62
"Dong Nai",13.00,14.30,11.40,12.20,13.80,15.90,15.40,18.60,20.60,21.50,20.10,20.00,22.50,21.89,22.28,22.80,23.65,25.12
"Ba Ria - Vung Tau",16.70,18.70,15.70,16.50,22.10,23.20,24.72,25.00,25.70,26.50,25.90,27.80,30.07,29.89,28.04,28.77,30.06,30.81
"Ho Chi Minh city",31.10,26.10,26.60,28.80,28.10,31.20,32.26,34.00,34.70,36.60,36.80,37.10,38.71,35.55,35.62,36.01,37.46,39.39
"Mekong River Delta",7.80,7.90,7.80,8.60,9.00,10.40,10.38,11.70,12.20,12.90,13.40,13.30,14.85,14.61,14.53,15.35,16.45,16.80
"Long An",10.50,8.40,9.50,8.40,9.60,11.60,10.96,11.70,12.40,14.60,16.10,16.70,15.93,15.13,15.08,15.94,17.16,17.23
"Tien Giang",8.60,8.90,8.70,9.70,7.90,9.80,9.14,12.70,11.50,10.20,11.80,11.70,14.20,13.84,13.29,14.25,15.34,15.43
"Ben Tre",6.40,7.60,9.10,9.40,7.50,8.40,9.32,12.60,12.40,12.90,9.20,11.60,12.56,12.95,11.93,12.70,13.68,14.62
"Tra Vinh",7.70,6.90,8.00,7.80,12.70,12.40,13.21,10.40,11.50,12.10,10.90,11.80,11.56,10.77,12.10,16.77,17.37,17.50
"Vinh Long",6.60,8.40,7.70,9.20,10.90,10.40,11.94,13.80,14.90,15.70,18.10,15.30,15.79,15.56,14.46,15.89,17.11,17.20
"Dong Thap",4.50,6.40,5.90,7.50,7.00,9.30,8.82,11.00,11.90,15.30,11.40,13.50,14.97,14.27,14.44,14.57,16.28,18.07
"An Giang",8.10,7.20,7.00,7.80,8.70,10.60,9.83,9.00,10.40,12.50,13.60,14.60,13.86,13.38,14.53,15.45,16.23,16.47
"Kien  Giang",10.70,7.90,9.40,9.90,8.90,9.80,9.69,10.90,12.40,10.80,15.40,13.60,14.76,15.75,16.04,16.80,17.42,17.40
"Can Tho",11.00,14.30,11.70,12.90,14.90,15.30,17.39,19.10,20.40,21.10,24.20,16.40,20.60,24.18,22.93,23.35,25.19,25.67
"Hau Giang",5.10,6.50,5.70,8.00,8.40,8.20,9.50,11.70,10.00,9.00,9.70,10.80,14.23,13.50,12.48,13.70,14.05,14.61
"Soc Trang",5.00,6.10,5.80,8.00,9.10,11.80,10.15,9.70,10.30,10.40,11.40,12.20,15.17,11.90,12.00,12.17,12.92,12.98
"Bac Lieu",9.40,8.20,6.70,6.30,8.40,9.50,9.56,9.00,10.00,11.30,8.20,8.80,10.27,10.66,12.19,13.06,14.30,14.03
"Ca Mau",5.30,6.60,5.70,5.60,5.20,7.40,7.42,10.20,10.50,10.40,12.50,12.30,13.02,14.08,14.33,15.13,16.42,17.03
 