"Preliminary Exports by some main country groups, countries, territories and by main goods In 2026",,,,,,,,,,,,,,,,,,,
,,,,,,,,,,,,,,,,,,,
,,,,,,,,,,,,,,,,,,,
,Group,January,,February,,March,,April,,May,,June,,July,,August,,8 months,
,,"Quantity
(Ton)","Value
(1000 USD)","Quantity
(Ton)","Value
(1000 USD)","Quantity
(Ton)","Value
(1000 USD)","Quantity
(Ton)","Value
(1000 USD)","Quantity
(Ton)","Value
(1000 USD)","Quantity
(Ton)","Value
(1000 USD)","Quantity
(Ton)","Value
(1000 USD)","Quantity
(Ton)","Value
(1000 USD)","Quantity
(Ton)","Value
(1000 USD)"
,,,,,,,,,,,,,,,,,,,
EU,,,5446791.7,0.0,4093140.81,0.0,5525858.98,0.0,5458375.14,0.0,5509212.18,0.0,5750306.84,0.0,6143361.38,,6330927.84,,44257975.7
,Of which: ,0.0,0.0,0.0,0.0,0.0,0.0,0.0,0.0,0.0,0.0,0.0,0.0,0.0,0.0,0.0,0.0,0.0,0.0
,"Fibres, not spun",2582.0,6790.4,2675.0,8481.64,2908.0,8833.6,2224.0,7543.43,1683.0,8417.7,2623.0,8692.25,3075.0,10403.8,2369.0,8552.65,20139.0,67715.54
,Pieces of cloth and other technical cloths,,3964.17,0.0,2811.11,0.0,3745.14,0.0,5051.91,0.0,4411.37,0.0,4156.44,0.0,3457.72,,4384.86,,31982.8
,"Bags, pockets, wallets, suitcases, hats and umbrellas",,90787.55,0.0,59748.59,0.0,84000.77,0.0,109056.97,0.0,88534.06,0.0,95308.87,0.0,91260.64,,83073.2,,701771.01
,Coal,,0.0,12000.0,2544.0,1200.0,301.81,23177.0,4884.41,0.0,0.0,0.0,0.0,0.0,0.0,,0.0,36377.0,7730.23
,Articles of rubber ,,8892.59,0.0,5556.88,0.0,9305.75,0.0,13069.94,0.0,10796.06,0.0,11147.31,0.0,13759.08,,11890.31,,84418.15
,"Iron, Steel",111293.29,77743.17,195117.47,105666.09,119561.23,81481.22,201054.0,134191.16,126095.0,78659.12,229661.0,140393.27,189514.0,138265.77,192185.0,146128.7,1364481.0,902528.68
,Articles of iron and steel,,63363.95,0.0,62020.66,0.0,66443.37,0.0,78530.25,0.0,60444.47,0.0,66590.72,0.0,54158.31,,62918.26,,514470.46
,Articles of plastics,,69383.55,0.0,46561.19,0.0,68432.43,0.0,71460.79,0.0,71780.43,0.0,75110.35,0.0,80371.35,,69800.75,,552901.23
,Other furniture products (excluding wooden furniture),,5485.04,0.0,2565.44,0.0,3631.57,0.0,1967.2,0.0,1101.51,0.0,1314.34,0.0,805.12,,1383.68,,18253.95
,"Rattan, bamboo and rush products ",,23738.36,0.0,11457.45,0.0,18411.11,0.0,15851.69,0.0,13922.53,0.0,14494.0,0.0,14133.75,,12751.43,,124760.65
,Pottery and glasware,,7867.23,0.0,3501.54,0.0,4359.58,0.0,5345.57,0.0,5069.59,0.0,5521.43,0.0,5285.23,,6526.78,,43477.2
,Means of transport and equipment,,207654.96,0.0,136217.61,0.0,186098.96,0.0,207023.7,0.0,199950.44,0.0,165477.76,0.0,152244.12,,159186.54,,1413854.55
,"Auxiliary materials for textile, garment, leather, footwear",,20220.86,0.0,9972.2,0.0,19229.39,0.0,19595.79,0.0,16905.18,0.0,17732.63,0.0,23032.22,,16141.49,,142830.02
,"Computers, Electronical products & parts",,893125.51,0.0,717662.07,0.0,1115452.08,0.0,1094889.86,0.0,1102183.8,0.0,1461379.6,0.0,1362258.94,,1479934.36,,9226886.73
,"Other Machinery, instrument, accessory ",,568482.27,0.0,460726.39,0.0,631731.24,0.0,604479.9,0.0,720880.19,0.0,701558.62,0.0,770730.34,,802753.64,,5261343.04
,Cameras and their parts,,27467.05,0.0,21277.91,0.0,27167.62,0.0,27954.94,0.0,27683.93,0.0,33323.87,0.0,30317.0,,32830.21,,228022.61
,Other base metals,0.0,0.0,0.0,0.0,7467.0,13525.31,1532.0,86493.37,1005.0,8948.739999999998,2425.0,27624.86,2277.0,25206.82,1870.0,19859.16,16576.0,181658.33000000005
,Chemicals,,6633.87,0.0,6756.61,0.0,8417.21,0.0,7653.53,0.0,7185.27,0.0,5481.3,0.0,2927.9,,12314.5,,57370.25
,Pepper,2846.0,20763.63,2061.0,15415.11,4100.0,30847.36,3175.0,23347.02,3828.0,27823.05,4115.0,29139.38,3308.0,23548.8,3096.0,21689.65,26529.0,192574.21
,Cashew nut,10238.0,72167.81,5222.0,36353.84,11786.0,82691.0,11577.0,82387.9,11897.0,84566.48,10747.0,76434.53,10892.0,76849.4,9485.0,67097.66,81844.0,578548.92
,Seafood,,89950.01,0.0,59417.21,0.0,84990.68,0.0,78860.33,0.0,84814.88,0.0,90350.71,0.0,98820.61,,91532.0,,678736.88
,Fresh and pocessed vegetables and fruit ,,30179.23,0.0,21266.33,0.0,40534.85,0.0,36736.2,0.0,43726.37,0.0,47484.59,0.0,34094.12,,33007.05,,287028.92
,"Textile, sewing products",,381757.95,0.0,267635.15,0.0,369804.82,0.0,435209.81,0.0,452958.55,0.0,490302.92,0.0,519721.4,,418602.2,,3335993.29
,Paper and paper products,,231.31,0.0,336.86,0.0,256.92,0.0,462.58,0.0,377.14,0.0,534.78,0.0,474.92,,694.88,,3369.43
,Footwear  ,,519310.13,0.0,312149.11,0.0,548009.51,0.0,605479.85,0.0,558387.07,0.0,530814.89,0.0,508836.53,,431498.22,,4014485.87
,Wood and wooden products ,,79261.1,0.0,68301.12,0.0,70104.55,0.0,77415.02,0.0,71574.07,0.0,72523.49,0.0,63087.66,,69648.23,,571915.66
,Rice,1795.0,1413.44,2376.0,1731.63,2154.0,1671.02,2478.0,1905.22,4140.0,2984.23,3436.0,2660.78,4576.0,3165.88,2683.0,1938.69,23638.0,17471.07
,Electrical wire and cable,,4329.71,0.0,2136.43,0.0,4024.43,0.0,2999.72,0.0,6076.89,0.0,2675.23,0.0,1172.42,,5601.77,,29016.68
,Tea,89.0,255.71,76.0,254.87,103.0,313.81,32.0,233.19,32.0,189.39,32.0,241.34,38.0,128.22,152.0,282.19,554.0,1898.78
,Plastic materials,11834.0,11677.1,20176.0,19318.7,34134.0,33479.31,41523.0,54069.87,38743.0,55080.66,15301.0,22984.42,11710.0,16413.95,12957.0,15696.58,186378.0,228720.73
,Rubber,4506.0,8322.06,2069.0,3625.24,5052.0,9723.71,3706.0,7367.26,1986.0,4180.6,3937.0,8690.05,6722.0,15396.81,5681.0,12886.34,33659.0,70192.28
,Coffee,105725.0,492779.41,73873.0,329431.58,95097.0,406296.02,82169.0,329467.9,51802.0,209574.93,47301.0,194318.13,62213.0,252672.78,58432.0,242757.98,576612.0,2457299.15
,Chemical products,,2824.9,0.0,1806.56,0.0,3614.8,0.0,3364.58,0.0,3928.97,0.0,2499.67,0.0,3689.61,,4140.58,,25869.74
,"Sweets, cookies and cereal preparations",,16924.6,0.0,10627.99,0.0,16621.21,0.0,15766.65,0.0,15666.82,0.0,14337.69,0.0,14180.79,,14370.05,,118495.97
,Telephones and their parts,,885346.33,0.0,709615.85,0.0,705843.44,0.0,427513.55,0.0,650870.78,0.0,464303.51,0.0,673154.51,,961559.67,,5478208.02
,"Toys, games and sports requisites; parts and accessories thereof",,91101.3,0.0,43621.88,0.0,85999.1,0.0,109899.16,0.0,113711.19,0.0,85090.48,0.0,210148.46,,158455.86,,898027.69
,"Precious stones, precious metals and their products",,10192.75,0.0,6318.45,0.0,10366.82,0.0,7579.97,0.0,8181.71,0.0,8560.77,0.0,8290.73,,9841.91,,69333.25
ASEAN,,,3474650.83,0.0,2857146.7,0.0,4001523.17,0.0,4325048.68,0.0,3803579.44,0.0,4177167.81,0.0,3803586.68,,4249484.63,,30692188.26
,Of which: ,0.0,0.0,0.0,0.0,0.0,0.0,0.0,0.0,0.0,0.0,0.0,0.0,0.0,0.0,0.0,0.0,0.0,0.0
,"Fibres, not spun",11273.0,32512.73,8180.0,23165.76,10975.0,31733.84,10266.0,29483.39,7029.0,32533.14,9850.0,28471.68,11206.0,32788.76,10060.0,27919.21,78839.0,238608.67
,"Petroleum oil, refined",52303.0,23657.69,63794.0,31040.68,13808.0,9129.03,132052.0,139102.61,44797.0,41403.04,43148.0,31549.11,64089.0,47407.92,84264.0,66505.19,498255.0,389795.43
,Pieces of cloth and other technical cloths,,6729.56,0.0,5074.51,0.0,5899.27,0.0,6329.1,0.0,7700.26,0.0,6962.48,0.0,6713.29,,5954.54,,51363.07
,"Bags, pockets, wallets, suitcases, hats and umbrellas",,6705.81,0.0,3667.51,0.0,5664.63,0.0,5224.72,0.0,6075.6,0.0,7774.01,0.0,7006.86,,6368.61,,48487.85
,Animal fodder and materials,,45102.23,0.0,36070.78,0.0,46403.47,0.0,46084.54,0.0,44293.87,0.0,50585.39,0.0,61327.32,,51125.74,,380993.58
,Glass and glassware,,63706.99,0.0,36660.74,0.0,64559.73,0.0,61967.22,0.0,61758.16,0.0,61512.93,0.0,61050.76,,67097.04,,478313.7
,Coal,56800.0,8158.8,75100.0,10399.92,70749.0,10310.91,32311.0,4735.73,80640.0,10950.13,45921.0,6206.94,61877.0,9493.72,39040.0,5402.6,462438.0,65658.81
,Articles of rubber ,,7726.4,0.0,4964.7,0.0,6897.78,0.0,8417.76,0.0,7658.13,0.0,5933.18,0.0,7266.55,,7283.34,,56147.98
,"Iron, Steel",421614.0,231498.7,240644.0,144727.68,433995.0,256077.3,329701.0,208484.3,230515.0,159407.28,222416.0,151175.91,219675.0,157550.08,207632.0,142433.85,2306192.0,1451355.35
,Casava and casava products,11061.0,4484.77,1738.0,751.92,9572.0,4273.33,6821.0,3208.78,2195.0,1190.32,4610.0,2530.67,5093.0,3085.58,4743.0,2982.44,45833.0,22507.88
,Articles of iron and steel,,63497.33,0.0,43773.09,0.0,79572.2,0.0,70083.94,0.0,64036.5,0.0,63572.26,0.0,79246.86,,66347.56,,530130.02
,Articles of plastics,,59801.75,0.0,40297.36,0.0,65940.27,0.0,63738.75,0.0,61620.41,0.0,70912.47,0.0,67047.08,,62536.89,,491895.23
,Other furniture products (excluding wooden furniture),,1468.14,0.0,731.36,0.0,1608.04,0.0,1536.44,0.0,1432.03,0.0,1527.11,0.0,1849.82,,2265.2,,12418.32
,Pottery and glasware,,11074.05,0.0,7030.61,0.0,10348.57,0.0,13261.92,0.0,11228.38,0.0,11939.94,0.0,13618.33,,10724.06,,89226.1
,Ores and other minerals,204.0,374.3,2920.0,509.51,31.0,137.8,8871.0,3792.49,132.0,234.31,8893.0,5172.77,433.0,773.69,9141.0,7244.27,30625.0,18239.2
,Means of transport and equipment,,205257.1,0.0,205404.98,0.0,177380.53,0.0,265361.77,0.0,233114.62,0.0,236662.55,0.0,274825.71,,295525.78,,1893533.31
,Fertilizers,116765.0,45531.16,61689.0,28791.52,142529.0,65565.99,138428.0,74694.34,96961.0,48134.03,117480.0,62266.06,105285.0,48713.74,110627.0,55138.64,889764.0,428835.66
,"Auxiliary materials for textile, garment, leather, footwear",,102259.03,0.0,64978.34,0.0,94598.5,0.0,89734.98,0.0,88418.96,0.0,92252.38,0.0,101895.11,,94772.12,,728909.57
,"Computers, Electronical products & parts",,413008.68,0.0,494483.37,0.0,693826.23,0.0,713857.24,0.0,709139.09,0.0,866417.26,0.0,694776.69,,1125375.38,,5710884.13
,"Other Machinery, instrument, accessory ",,348797.59,0.0,251189.59,0.0,350280.8,0.0,355991.79,0.0,386873.35,0.0,416925.13,0.0,414981.8,,428526.13,,2953566.49
,Cameras and their parts,,101.47,0.0,51.88,0.0,8.51,0.0,235.8,0.0,13.91,0.0,40.34,0.0,189.12,,91.24,,732.32
,Chemicals,,79836.02,0.0,23908.66,0.0,32340.24,0.0,83816.71,0.0,70303.54,0.0,74484.35,0.0,42612.8,,66603.95,,473906.46
,Pepper,2150.0,14217.94,1345.0,8774.54,2800.0,17165.94,2292.0,14381.44,1858.0,11752.85,1582.0,10452.55,1853.0,10820.46,1945.0,12056.12,15825.0,99621.94
,Cashew nut,1801.0,11552.8,882.0,5088.91,1592.0,10034.92,1541.0,10056.09,1441.0,9566.54,1613.0,9976.94,1563.0,10011.24,1563.0,9788.17,11996.0,76075.7
,Seafood,,76492.05,0.0,41666.54,0.0,66037.22,0.0,60722.48,0.0,64523.75,0.0,84479.96,0.0,67551.43,,72822.61,,534296.29
,Fresh and pocessed vegetables and fruit ,,43555.74,0.0,31112.96,0.0,40153.06,0.0,35537.39,0.0,30582.68,0.0,25420.09,0.0,26588.27,,30534.38,,263484.71
,"Textile, sewing products",,212763.56,0.0,136509.02,0.0,199139.14,0.0,185965.24,0.0,191095.92,0.0,217965.93,0.0,217240.82,,215637.9,,1576317.8
,Paper and paper products,,66538.12,0.0,42639.36,0.0,71977.15,0.0,62181.57,0.0,72797.49,0.0,73247.68,0.0,70861.74,,66743.17,,526986.52
,Footwear  ,,49344.07,0.0,36193.19,0.0,46424.48,0.0,49016.96,0.0,60543.21,0.0,62344.36,0.0,48052.01,,47791.37,,399709.77
,Wood and wooden products ,,40182.19,0.0,17630.09,0.0,30378.89,0.0,33898.69,0.0,35483.96,0.0,35789.44,0.0,37729.83,,29890.5,,260983.74
,Rice,392194.0,173856.72,407399.0,177952.51,570866.0,245007.11,559031.0,245913.89,408893.0,185860.02,394498.0,184847.61,191729.0,88579.5,184925.0,87669.31,3109535.0,1389686.82
,Crude oil,32895.0,18938.3,39302.0,20948.6,0.0,0.0,159135.0,148405.83,0.0,0.0,36635.0,25730.32,0.0,0.0,,0.0,267967.0,214023.05
,Electrical wire and cable,,35321.04,0.0,26081.14,0.0,42812.99,0.0,35633.13,0.0,42528.73,0.0,43341.68,0.0,40835.74,,43052.04,,309606.74
,Clinkers and cement ,553298.0,21172.0,394736.0,15148.59,387767.0,15154.79,462288.0,19678.05,362945.0,15123.92,292964.0,12092.01,397160.0,16399.75,323498.0,12638.54,3174656.0,127407.79
,Tea,1393.0,1872.73,651.0,754.31,1099.0,1279.03,1245.0,1366.27,1091.0,1128.06,1124.0,1144.6,891.0,948.19,923.0,1221.71,8417.0,9714.99
,Plastic materials,63246.0,61764.53,44742.0,43842.01,81635.0,94870.29,84607.0,133201.27,50704.0,80244.99,37037.0,58948.76,42154.0,57762.1,35875.0,48102.31,440000.0,578736.5
,Rubber,21142.0,32171.51,7810.0,13776.8,10576.0,19124.6,3815.0,7490.72,11347.0,20246.22,23434.0,42847.62,19329.0,37020.98,16421.0,28845.51,113874.0,201524.01
,Coffee,14846.0,88795.89,9359.0,61427.89,16691.0,104189.31,17386.0,93325.33,15868.0,89458.07,13373.0,83652.09,11829.0,71639.77,11275.0,68617.91,110627.0,661106.5
,Chemical products,,58277.4,0.0,51386.95,0.0,69963.12,0.0,83749.76,0.0,76170.61,0.0,71209.26,0.0,69991.1,,71336.83,,552085.29
,"Sweets, cookies and cereal preparations",,23944.85,0.0,15543.21,0.0,25553.42,0.0,20667.6,0.0,21571.56,0.0,23273.35,0.0,22864.19,,22648.84,,176067.28
,Telephones and their parts,,199244.33,0.0,243553.54,0.0,318608.42,0.0,182348.64,0.0,181254.36,0.0,197303.76,0.0,239657.45,,238936.39,,1800907.07
,"Toys, games and sports requisites; parts and accessories thereof",,2525.04,0.0,1792.33,0.0,6374.28,0.0,5274.84,0.0,5513.52,0.0,7294.72,0.0,7608.23,,4834.14,,41217.17
,"Precious stones, metals and products",,2016.38,0.0,2891.0,0.0,2726.26,0.0,2666.04,0.0,2506.9,0.0,2878.09,0.0,2595.44,,4398.84,,22678.99
United States,,,13897730.67,0.0,9944354.64,0.0,15190572.51,0.0,14994091.34,0.0,15513763.09,0.0,16757500.77,0.0,18374464.65,,17351788.51,,122024266.21
,Of which: ,0.0,0.0,0.0,0.0,0.0,0.0,0.0,0.0,0.0,0.0,0.0,0.0,0.0,0.0,0.0,0.0,0.0,0.0
,"Fibres, not spun",12883.0,16059.62,8131.0,9850.5,14264.0,19405.0,13109.0,17654.58,10145.0,19905.12,12127.0,18974.87,13010.0,18019.29,14440.0,20827.65,98109.0,140696.66
,Pieces of cloth and other technical cloths,,16213.68,0.0,16067.17,0.0,16912.2,0.0,15978.12,0.0,17351.83,0.0,17118.45,0.0,20298.42,,19104.22,,139044.11
,"Bags, pockets, wallets, suitcases, hats and umbrellas",,180430.97,0.0,134011.02,0.0,179557.92,0.0,206549.26,0.0,183326.75,0.0,222601.95,0.0,222699.99,,222949.46,,1552127.34
,Animal fodder and materials,,11815.37,0.0,6026.67,0.0,8947.61,0.0,7895.24,0.0,10410.88,0.0,9227.89,0.0,9798.27,,10954.54,,75076.51
,Glass and glassware,,31965.76,0.0,23771.05,0.0,31040.93,0.0,27258.17,0.0,30073.49,0.0,33474.0,0.0,35095.68,,41126.37,,253805.48
,Articles of rubber ,,63454.61,0.0,46405.08,0.0,55248.39,0.0,64493.66,0.0,66724.69,0.0,70335.58,0.0,75328.09,,81242.84,,523232.98
,"Iron, Steel",204946.0,104199.78,155147.0,87869.69,103674.0,67813.51,48570.0,38433.14,148755.0,98199.54,74780.0,62591.79,177847.0,121968.13,189002.0,119226.94,1102721.0,700302.54
,Articles of iron and steel,,145347.54,0.0,100104.38,0.0,147891.9,0.0,151415.9,0.0,163434.22,0.0,161679.45,0.0,181370.4,,173541.08,,1224784.91
,Articles of plastics,,358062.27,0.0,228478.4,0.0,341124.45,0.0,358793.78,0.0,339386.31,0.0,360758.28,0.0,448313.03,,368703.1,,2803619.64
,"Rattan, bamboo and rush products ",,44322.56,0.0,25501.0,0.0,37701.89,0.0,40350.37,0.0,42142.29,0.0,46833.54,0.0,44977.16,,45543.36,,327372.2
,Pottery and glasware,,18117.22,0.0,13556.24,0.0,16105.27,0.0,13739.47,0.0,13174.12,0.0,14301.86,0.0,14785.99,,15409.11,,119189.32
,Means of transport and equipment,,343599.8,0.0,248505.41,0.0,387234.27,0.0,343286.49,0.0,361778.4,0.0,371828.55,0.0,386327.91,,385381.1,,2827941.96
,"Auxiliary materials for textile, garment, leather, footwear",,24417.33,0.0,14223.03,0.0,20254.92,0.0,19037.67,0.0,22022.59,0.0,24343.16,0.0,27790.61,,23706.24,,175795.58
,"Computers, Electronical products & parts",,3789920.18,0.0,3042124.73,0.0,5531095.87,0.0,4752081.7,0.0,5424229.99,0.0,5457279.8,0.0,5571477.49,,5166768.35,,38734978.13
,"Other Machinery, instrument, accessory ",,2325077.84,0.0,1510400.25,0.0,2306862.75,0.0,2539506.74,0.0,2523804.87,0.0,2633376.49,0.0,2986267.41,,2777629.3,,19602925.68
,Cameras and their parts,,137114.48,0.0,94669.34,0.0,161949.26,0.0,152938.18,0.0,163562.91,0.0,192063.48,0.0,177334.5,,154746.08,,1234378.26
,Others base metals,,,,,,,11793.0,54538.12,3405.0,15025.02,3959.0,19394.44,3704.0,17448.01,3796.0,19465.42,26657.0,125871.03
,Chemicals,,5558.11,0.0,6400.78,0.0,11624.24,0.0,12650.36,0.0,23086.18,0.0,30465.72,0.0,36907.67,,24872.28,,151565.36
,Pepper,5308.0,38849.39,3620.0,26826.11,8765.0,62609.22,7070.0,49354.52,5798.0,42642.55,5476.0,39881.97,5436.0,39149.4,4661.0,33488.06,46134.0,332801.25
,Cashew nut,12188.0,82351.29,5933.0,40900.71,14668.0,97924.27,13133.0,89412.86,13584.0,93311.51,16181.0,110817.76,14888.0,103383.59,12371.0,86433.41,102946.0,704535.43
,Seafood,,128413.53,0.0,80906.03,0.0,133960.77,0.0,172180.28,0.0,186317.85,0.0,188809.6,0.0,181933.51,,181886.64,,1254408.24
,Fresh and pocessed vegetables and fruit ,,48538.88,0.0,30957.57,0.0,50549.07,0.0,48631.63,0.0,54051.39,0.0,59399.95,0.0,68980.1,,66827.74,,427936.36
,"Textile, sewing products",,1417563.52,0.0,1104968.9,0.0,1405639.64,0.0,1382831.43,0.0,1497069.05,0.0,1821334.95,0.0,1870869.22,,1918850.22,,12419126.96
,Paper and paper products,,64152.01,0.0,48697.13,0.0,75583.71,0.0,89852.79,0.0,88598.77,0.0,75641.12,0.0,80570.24,,90171.16,,613266.96
,Footwear  ,,821984.48,0.0,563827.16,0.0,764913.5,0.0,874070.91,0.0,771291.52,0.0,842304.18,0.0,937200.15,,889293.19,,6464885.11
,Wood and wooden products ,,808621.64,0.0,452412.12,0.0,697368.23,0.0,784552.67,0.0,738390.92,0.0,783233.67,0.0,826545.69,,821727.15,,5912852.12
,Rice,2830.0,2083.27,2086.0,1585.11,4726.0,3381.62,3269.0,2442.43,3506.0,2685.91,3814.0,3018.92,2976.0,2242.53,2881.0,2282.03,26088.0,19721.85
,Electrical wire and cable,,151065.1,0.0,96522.39,0.0,143451.84,0.0,167274.06,0.0,192350.33,0.0,229724.84,0.0,259545.78,,227313.85,,1467248.21
,Tea,381.0,574.26,528.0,952.74,733.0,1274.66,528.0,604.54,605.0,998.47,638.0,1066.0,642.0,1111.28,574.0,1052.86,4629.0,7634.83
,Rubber,2470.0,4207.33,2123.0,4049.01,2522.0,5055.03,505.0,1140.69,739.0,1390.75,1972.0,3783.82,2095.0,4559.35,2656.0,5960.61,15082.0,30146.6
,Coffee,12330.0,60566.77,10078.0,46900.77,21150.0,89456.53,13489.0,54578.15,9866.0,40472.24,4357.0,19272.05,13676.0,53173.26,10689.0,43817.82,95635.0,408237.61
,Chemical products,,19503.6,0.0,10580.09,0.0,15364.91,0.0,14344.57,0.0,12591.41,0.0,14508.21,0.0,11894.06,,14928.32,,113715.2
,"Sweets, cookies and cereal preparations",,15101.25,0.0,11501.64,0.0,30696.73,0.0,14823.25,0.0,18260.97,0.0,4758.61,0.0,20427.11,,17665.9,,133235.49
,Telephones and their parts,,1040108.61,0.0,798712.69,0.0,833527.55,0.0,1040871.81,0.0,852155.64,0.0,1047682.58,0.0,1503466.1,,1502796.39,,8619321.4
,"Toys, games and sports requisites; parts and accessories thereof",,356690.67,0.0,236223.17,0.0,325748.64,0.0,278585.07,0.0,362727.37,0.0,604892.62,0.0,762401.93,,559412.26,,3486681.76
,"Precious stones, precious metals and their products",,25917.93,0.0,20566.87,0.0,29036.56,0.0,28950.05,0.0,28291.38,0.0,21715.22,0.0,33625.71,,28993.37,,217097.12
Japan ,,,2530165.73,0.0,1922787.17,0.0,2632718.69,0.0,2442130.71,0.0,2531291.54,0.0,2711115.31,0.0,2856166.6,,2829081.25,,20455457.02
,Of which: ,0.0,0.0,0.0,0.0,0.0,0.0,0.0,0.0,0.0,0.0,0.0,0.0,0.0,0.0,0.0,0.0,0.0,0.0
,"Fibres, not spun",3361.0,7480.71,2489.0,4880.18,3528.0,7608.97,3746.0,8531.67,3069.0,10083.41,4252.0,9992.73,4140.0,10155.21,3779.0,8952.02,28364.0,67684.92
,Pieces of cloth and other technical cloths,,4246.32,0.0,4117.7,0.0,4358.46,0.0,5552.81,0.0,6462.08,0.0,5881.71,0.0,6439.95,,5871.57,,42930.64
,"Bags, pockets, wallets, suitcases, hats and umbrellas",,44400.93,0.0,28191.49,0.0,32017.17,0.0,27485.94,0.0,29520.41,0.0,39241.46,0.0,39006.71,,31814.97,,271679.11
,Animal fodder and materials,,2266.89,0.0,1480.98,0.0,2387.49,0.0,1968.95,0.0,2066.45,0.0,2156.67,0.0,2818.0,,4079.6,,19225.07
,Glass and glassware,,2552.51,0.0,2244.58,0.0,1267.37,0.0,3213.26,0.0,3476.23,0.0,4327.65,0.0,5391.96,,2660.39,,25133.98
,Coal,25073.0,3805.25,47767.0,7267.24,5397.0,1425.73,50090.0,8146.32,87017.0,14429.28,25095.0,4019.24,25132.0,4213.74,6421.0,1267.85,271992.0,44574.68
,Articles of rubber ,,15372.08,0.0,11387.92,0.0,14769.58,0.0,14431.19,0.0,17387.29,0.0,17007.93,0.0,17735.26,,18338.28,,126429.56
,"Iron, Steel",5567.0,6714.93,4202.0,5345.05,5149.0,6812.89,7021.0,9107.78,6645.0,10524.01,6576.0,10326.06,13115.0,15484.0,8851.0,13189.13,57126.0,77503.88
,Articles of iron and steel,2292.0,943.16,1868.0,795.25,1975.0,811.31,1518.0,726.65,1064.0,512.67,1540.0,823.56,1821.0,1025.77,1198.0,682.3,13276.0,6320.7
,Cassava & products,,49102.37,0.0,38277.29,0.0,52657.95,0.0,48557.77,0.0,50717.45,0.0,53757.42,0.0,56633.49,,61604.91,,411308.69
,Articles of plastics,,68729.93,0.0,49844.01,0.0,69315.53,0.0,63811.04,0.0,70394.8,0.0,79024.54,0.0,76819.78,,77963.73,,555903.39
,"Rattan, bamboo and rush products ",,4888.33,0.0,2890.93,0.0,4668.48,0.0,4606.69,0.0,4740.04,0.0,4886.29,0.0,4948.59,,8105.07,,39734.45
,Pottery and glasware,,7254.33,0.0,5795.8,0.0,7271.51,0.0,7349.57,0.0,7916.61,0.0,8226.1,0.0,7931.54,,6992.67,,58738.15
,Ores and other minerals,11877.0,3813.97,4439.0,609.23,8350.0,2640.79,206.0,125.54,12351.0,4734.95,23.0,43.26,8454.0,2749.48,4052.0,473.02,49752.0,15190.28
,Means of transport and equipment,,302349.92,0.0,212064.94,0.0,294904.68,0.0,267727.75,0.0,290903.22,0.0,302219.31,0.0,302792.38,,294963.23,,2267925.47
,Fertilizers,1028.0,550.14,762.0,392.98,1433.0,736.21,2492.0,1629.38,6856.0,5255.34,7403.0,5695.21,7112.0,4699.62,3903.0,2320.71,30989.0,21279.64
,"Auxiliary materials for textile, garment, leather, footwear",,12636.46,0.0,9078.95,0.0,11626.53,0.0,9629.56,0.0,12814.97,0.0,13140.59,0.0,13856.15,,10821.73,,93604.96
,"Computers, Electronical products & parts",,185173.64,0.0,144409.59,0.0,184590.79,0.0,229775.19,0.0,226932.17,0.0,253762.26,0.0,189678.49,,253654.4,,1667976.56
,"Other Machinery, instrument, accessory ",,245988.5,0.0,195419.7,0.0,277508.17,0.0,264256.94,0.0,271690.43,0.0,277532.03,0.0,287720.7,,277209.31,,2097325.81
,Cameras and their parts,,14763.68,0.0,12772.22,0.0,16673.54,0.0,10960.18,0.0,12216.03,0.0,12458.73,0.0,10380.94,,11358.59,,101583.94
,Chemicals,,43931.8,0.0,43702.65,0.0,64145.89,0.0,73024.25,0.0,63880.21,0.0,100077.88,0.0,125606.24,,148901.21,,663270.15
,Pepper,249.0,1352.92,190.0,1328.34,432.0,2944.74,286.0,1462.94,368.0,2376.46,565.0,3658.56,350.0,1793.68,436.0,2516.08,2876.0,17433.73
,Cashew nut,1031.0,7516.86,722.0,5240.57,1187.0,8571.62,1051.0,7516.6,1010.0,7072.01,882.0,6259.63,999.0,7087.47,1314.0,9496.04,8196.0,58760.82
,Seafood,,149782.67,0.0,83359.94,0.0,132223.13,0.0,134348.88,0.0,137665.15,0.0,163085.15,0.0,141340.35,,174304.85,,1116110.15
,Fresh and pocessed vegetables and fruit ,,20443.54,0.0,14594.03,0.0,23385.89,0.0,20354.32,0.0,21391.21,0.0,26267.04,0.0,21080.52,,25370.91,,172887.49
,"Textile, sewing products",,347887.48,0.0,268994.06,0.0,383108.68,0.0,315792.78,0.0,304016.69,0.0,358952.81,0.0,409907.42,,405099.22,,2793759.17
,Paper and paper products,,6896.27,0.0,5712.09,0.0,7067.12,0.0,6288.25,0.0,5903.58,0.0,7038.75,0.0,6890.0,,6408.47,,52204.56
,Footwear  ,,127014.75,0.0,76085.44,0.0,73070.01,0.0,88834.13,0.0,93961.45,0.0,102178.27,0.0,123485.45,,87180.38,,771809.92
,Wood and wooden products ,,215682.75,0.0,133811.01,0.0,190149.48,0.0,193223.66,0.0,171676.9,0.0,168430.54,0.0,195778.64,,212390.54,,1481143.56
,Crude oil,,0.0,0.0,0.0,0.0,0.0,0.0,0.0,0.0,0.0,39462.0,27558.47,0.0,0.0,,0.0,39462.0,27558.47
,Electrical wire and cable,,35036.71,0.0,25848.06,0.0,39099.28,0.0,37344.1,0.0,40976.44,0.0,41804.03,0.0,42012.34,,40581.51,,302702.5
,Plastic materials,19935.0,18304.44,15036.0,14324.03,24099.0,24130.34,28790.0,39660.13,45179.0,70188.87,29309.0,45685.79,23812.0,31991.5,21344.0,25672.27,207504.0,269957.39
,Rubber,929.0,1864.12,589.0,1271.34,650.0,1449.13,668.0,1502.88,663.0,1654.73,623.0,1574.22,1063.0,2753.98,941.0,2329.27,6126.0,14399.71
,Coffee,13483.0,68917.04,7085.0,38435.91,12112.0,63671.91,10062.0,47425.47,13021.0,62320.21,14077.0,64669.43,8379.0,42800.97,9312.0,44172.85,87531.0,432413.83
,Chemical products,,12922.21,0.0,8470.59,0.0,13264.31,0.0,11704.89,0.0,11646.74,0.0,12306.66,0.0,14671.67,,14724.68,,99711.79
,"Sweets, cookies and cereal preparations",,14662.57,0.0,9449.98,0.0,13174.12,0.0,10407.21,0.0,12372.87,0.0,14300.84,0.0,12313.86,,12515.96,,99197.44
,Telephones and their parts,,195219.68,0.0,254247.37,0.0,257616.52,0.0,205455.62,0.0,210771.13,0.0,190238.03,0.0,337608.82,,179000.65,,1830157.86
,"Toys, games and sports requisites; parts and accessories thereof",,89097.89,0.0,54896.01,0.0,145113.67,0.0,76410.34,0.0,68525.18,0.0,57246.61,0.0,50648.38,,130636.35,,672574.46
,"Precious stones, precious metals and their products",,9973.33,0.0,10248.06,0.0,13172.05,0.0,12129.29,0.0,10172.6,0.0,10816.9,0.0,9466.21,,7805.14,,83783.6
Korea,,,2662801.92,0.0,2456252.9,0.0,3019927.4,0.0,2616242.29,0.0,2420368.85,0.0,2684595.74,0.0,3198565.08,,3199813.98,,22258568.2
,Of which: ,0.0,0.0,0.0,0.0,0.0,0.0,0.0,0.0,0.0,0.0,0.0,0.0,0.0,0.0,0.0,0.0,0.0,0.0
,"Fibres, not spun",10243.0,26029.95,8545.0,21976.98,12398.0,32977.69,11155.0,31209.83,7698.0,33024.33,11148.0,32391.76,10110.0,28700.12,10103.0,30003.14,81400.0,236313.82
,"Petroleum oil, refined",,0.0,0.0,0.0,0.0,0.0,107481.0,98346.02,25427.0,43920.34,31666.0,48631.07,28820.0,34195.94,26080.0,30531.53,219474.0,255624.92
,Pieces of cloth and other technical cloths,,5328.0,0.0,3824.18,0.0,4990.11,0.0,5979.23,0.0,7134.95,0.0,5986.78,0.0,4856.61,,4532.87,,42632.77
,"Bags, pockets, wallets, suitcases, hats and umbrellas",,17012.53,0.0,9327.76,0.0,13397.23,0.0,13459.77,0.0,11549.38,0.0,15194.61,0.0,16126.13,,13564.68,,109632.12
,Animal fodder and materials,,989.07,0.0,711.36,0.0,2831.94,0.0,1602.81,0.0,1878.59,0.0,2125.82,0.0,1917.65,,2322.03,,14379.31
,Glass and glassware,,1486.8,0.0,1258.1,0.0,1461.06,0.0,1945.01,0.0,1890.92,0.0,2288.41,0.0,1786.4,,1510.39,,13627.13
,Coal,,0.0,4196.0,595.81,,0.0,0.0,0.0,5500.0,782.65,4200.0,594.95,0.0,0.0,8800.0,1243.6,22696.0,3217.02
,Articles of rubber ,,8547.51,0.0,5685.7,0.0,9365.82,0.0,9506.17,0.0,8690.55,0.0,9299.92,0.0,11396.31,,11712.91,,74204.93
,"Iron, Steel",12945.0,9651.49,15021.0,9770.13,46439.0,27047.73,27097.0,16544.54,10733.0,9191.59,16594.0,12078.03,10851.0,10296.75,21640.0,16877.5,161320.0,111457.78
,Casava and casava products,434.0,152.0,557.0,230.31,1211.0,457.82,14658.0,4755.51,600.0,222.9,1180.0,555.83,7136.0,2353.66,212.0,106.92,25988.0,8835.0
,Articles of iron and steel,,17263.97,0.0,12490.07,0.0,17927.6,0.0,15688.2,0.0,17716.21,0.0,17828.48,0.0,21078.61,,18429.48,,138422.67
,Articles of plastics,,23206.26,0.0,15355.69,0.0,25047.84,0.0,26409.33,0.0,24459.52,0.0,26290.46,0.0,27409.87,,24038.56,,192217.57
,"Rattan, bamboo and rush products ",,1250.29,0.0,920.89,0.0,2097.85,0.0,1891.84,0.0,1680.45,0.0,1258.78,0.0,1580.65,,1244.85,,11925.62
,Pottery and glasware,,1942.56,0.0,1514.16,0.0,2321.19,0.0,2611.52,0.0,2399.25,0.0,2788.89,0.0,2234.03,,2307.18,,18118.82
,Ores and other minerals,50.0,97.79,0.0,0.07,69.0,137.49,75.0,146.71,150.0,297.76,20.0,36.45,71.0,138.37,80.0,153.28,515.0,1007.96
,Means of transport and equipment,,150362.25,0.0,155845.92,0.0,150513.97,0.0,197391.47,0.0,147217.6,0.0,157958.25,0.0,206585.02,,120472.55,,1286347.05
,Fertilizers,3300.0,1699.61,12647.0,5558.39,18714.0,10769.82,54147.0,40887.91,29130.0,22606.78,30621.0,22413.75,10415.0,8603.63,714.0,534.47,159688.0,113074.39
,"Auxiliary materials for textile, garment, leather, footwear",,9502.92,0.0,5875.61,0.0,8359.76,0.0,10062.72,0.0,9294.07,0.0,9132.26,0.0,9902.25,,9234.13,,71363.76
,"Computers, Electronical products & parts",,878424.17,0.0,705514.18,0.0,877197.68,0.0,716417.89,0.0,689817.36,0.0,687953.92,0.0,751325.57,,919175.93,,6225826.75
,"Other Machinery, instrument, accessory ",,270971.16,0.0,196259.81,0.0,280656.13,0.0,264485.94,0.0,252204.58,0.0,284801.36,0.0,324626.49,,274719.29,,2148724.79
,Cameras and their parts,,30461.83,0.0,20110.7,0.0,28827.02,0.0,28607.36,0.0,30818.62,0.0,25029.82,0.0,29137.88,,27665.58,,220658.84
,Others base metals,,,,,,,10309.0,46324.29,2616.0,13015.23,3182.0,15929.31,2959.0,14727.13,2579.0,12260.65,21645.0,102256.63
,Chemicals,,14584.34,0.0,15178.96,0.0,20507.84,0.0,14724.89,0.0,33766.11,0.0,25305.43,0.0,47583.32,,33569.75,,205220.68
,Pepper,488.0,3557.4,212.0,1523.8,575.0,3831.73,498.0,2954.44,456.0,3071.08,425.0,2727.89,399.0,2559.65,432.0,2838.59,3485.0,23064.62
,Seafood,,76725.62,0.0,37690.57,0.0,68362.94,0.0,70427.69,0.0,77700.01,0.0,80672.21,0.0,72122.2,,81251.97,,564953.23
,Fresh and pocessed vegetables and fruit ,,25391.12,0.0,17371.59,0.0,33993.27,0.0,33965.85,0.0,30981.88,0.0,28671.53,0.0,31023.13,,31615.45,,233013.86
,"Textile, sewing products",,264884.74,0.0,210321.39,0.0,260007.96,0.0,194777.93,0.0,133019.02,0.0,167312.54,0.0,268864.04,,366223.58,,1865411.23
,Paper and paper products,,3799.78,0.0,2254.73,0.0,3204.02,0.0,3244.8,0.0,2919.69,0.0,3543.96,0.0,3249.87,,3136.76,,25353.63
,Footwear  ,,63408.67,0.0,52358.38,0.0,45657.61,0.0,41694.21,0.0,59544.31,0.0,61301.62,0.0,55420.12,,51831.53,,431216.47
,Wood and wooden products ,,57935.01,0.0,37305.31,0.0,53084.93,0.0,59566.4,0.0,55411.39,0.0,76048.46,0.0,57947.9,,51412.6,,448712.03
,Crude oil,,0.0,21568.0,11186.34,0.0,0.0,30765.0,29008.77,0.0,0.0,-1.0,0.0,21793.0,14145.71,,0.0,74125.0,54340.82
,Electrical wire and cable,,37201.03,0.0,25792.94,0.0,37018.76,0.0,37835.95,0.0,35888.94,0.0,40733.2,0.0,44521.28,,43893.54,,302885.69
,Plastic materials,3877.0,4273.81,1651.0,2235.32,3907.0,4750.63,8091.0,11324.93,5568.0,7745.8,6189.0,8664.71,5812.0,8147.48,4885.0,6354.61,39980.0,53497.33
,Rubber,5109.0,9655.66,2983.0,5807.78,4751.0,9831.84,3827.0,7965.4,3117.0,6680.47,4648.0,10864.23,4599.0,10735.45,3111.0,7135.77,32145.0,68676.63
,Coffee,3965.0,19143.27,1466.0,7028.44,4240.0,18481.64,2334.0,11116.78,2614.0,12821.81,2300.0,11392.54,3436.0,15525.44,2268.0,9608.93,22623.0,105118.88
,Chemical products,,28557.02,0.0,15830.79,0.0,17296.37,0.0,18703.82,0.0,14987.75,0.0,16598.67,0.0,15675.76,,24880.9,,152531.12
,"Sweets, cookies and cereal preparations",,6993.99,0.0,5386.38,0.0,7753.7,0.0,6538.74,0.0,7125.12,0.0,6624.61,0.0,8173.18,,8263.94,,56859.7
,Telephones and their parts,,407304.16,0.0,705411.08,0.0,706105.0,0.0,384211.42,0.0,405905.46,0.0,571009.17,0.0,806046.18,,726505.25,,4712497.73
,"Toys, games and sports requisites; parts and accessories thereof",,4870.23,0.0,2570.71,0.0,10975.93,0.0,3559.94,0.0,4120.29,0.0,3583.11,0.0,4844.99,,3671.65,,38196.88
,"Precious stones, precious metals and their products",,1447.42,0.0,630.29,0.0,1102.34,0.0,1296.08,0.0,1214.67,0.0,1792.03,0.0,1735.84,,1484.94,,10703.64
Australia,,,579622.57,0.0,544929.2,0.0,662313.87,0.0,773496.66,0.0,613805.98,0.0,664972.23,0.0,725950.21,,681410.31,,5246501.08
,Of which: ,0.0,0.0,0.0,0.0,0.0,0.0,0.0,0.0,0.0,0.0,0.0,0.0,0.0,0.0,0.0,0.0,0.0,0.0
,"Bags, pockets, wallets, suitcases, hats and umbrellas",,8225.4,0.0,4702.32,0.0,8301.85,0.0,7758.24,0.0,6393.0,0.0,9723.27,0.0,9752.95,,8440.19,,63297.25
,Articles of rubber ,,1957.5,0.0,1322.23,0.0,2194.31,0.0,2317.04,0.0,2122.27,0.0,2425.06,0.0,2237.19,,3075.06,,17650.7
,"Iron, Steel",20667.0,13940.98,8051.0,5846.36,26010.0,18709.56,7171.0,6179.31,30318.0,22714.7,59204.0,37451.07,51538.0,35218.32,33126.0,25163.1,236085.0,165223.44
,Articles of iron and steel,,23663.74,0.0,15254.34,0.0,25067.95,0.0,18459.3,0.0,16931.81,0.0,28549.87,0.0,23557.7,,27168.31,,178653.05
,Articles of plastics,,8984.52,0.0,5903.46,0.0,8601.59,0.0,9145.05,0.0,8788.0,0.0,11008.23,0.0,11510.29,,12977.16,,76918.32
,Other furniture products (excluding wooden furniture),,3264.64,0.0,2422.59,0.0,2351.92,0.0,3189.57,0.0,3075.74,0.0,4418.47,0.0,7337.48,,5781.08,,31841.53
,"Rattan, bamboo and rush products ",,878.67,0.0,800.49,0.0,1367.27,0.0,1103.86,0.0,1059.03,0.0,2274.08,0.0,1507.62,,1723.81,,10714.86
,Pottery and glasware,,1304.93,0.0,1206.31,0.0,1491.69,0.0,1541.66,0.0,1567.78,0.0,1660.15,0.0,1544.77,,1801.98,,12119.31
,Means of transport and equipment,,7166.63,0.0,3566.64,0.0,7711.89,0.0,7917.26,0.0,7871.27,0.0,7561.55,0.0,9430.27,,14244.26,,65469.8
,"Auxiliary materials for textile, garment, leather, footwear",,852.39,0.0,478.82,0.0,847.3,0.0,1954.2,0.0,1465.56,0.0,1415.46,0.0,2105.11,,1990.2,,11109.07
,"Computers, Electronical products & parts",,109531.61,0.0,55960.58,0.0,88245.31,0.0,133582.11,0.0,98868.89,0.0,106958.29,0.0,136343.16,,135344.2,,864834.19
,"Other Machinery, instrument, accessory ",,40681.13,0.0,66262.84,0.0,74401.44,0.0,112060.62,0.0,58608.98,0.0,86764.62,0.0,60100.61,,73761.93,,572642.2
,Cameras and their parts,,4735.55,0.0,3098.59,0.0,2933.74,0.0,2738.2,0.0,3401.04,0.0,5770.8,0.0,4856.77,,3900.42,,31435.13
,Pepper,284.0,2073.02,164.0,1152.43,218.0,1596.64,277.0,1870.63,264.0,1836.24,371.0,2639.71,160.0,1172.33,340.0,2324.21,2078.0,14665.25
,Cashew nut,1049.0,6825.77,782.0,5179.42,1206.0,7610.24,1504.0,10035.95,1377.0,9236.35,1349.0,9222.99,1649.0,11073.79,1377.0,9494.42,10293.0,68678.95
,Seafood,,31776.43,0.0,19627.19,0.0,33180.77,0.0,29999.92,0.0,28790.42,0.0,33104.57,0.0,37972.7,,37575.57,,252027.58
,Fresh and pocessed vegetables and fruit ,,13830.54,0.0,8681.08,0.0,13904.9,0.0,12514.0,0.0,11705.78,0.0,10651.1,0.0,11539.96,,14702.97,,97530.35
,"Textile, sewing products",,62155.51,0.0,45924.49,0.0,50594.93,0.0,49406.46,0.0,49416.27,0.0,50933.32,0.0,52123.06,,58108.96,,418663.03
,Paper and paper products,,7811.79,0.0,4739.59,0.0,7803.51,0.0,7982.99,0.0,8266.71,0.0,8539.09,0.0,7951.42,,8616.63,,61711.77
,Footwear  ,,33048.6,0.0,23710.88,0.0,28302.68,0.0,35505.65,0.0,38260.81,0.0,41021.47,0.0,37824.53,,31419.54,,269094.2
,Wood and wooden products ,,13762.93,0.0,9217.09,0.0,11074.21,0.0,13232.78,0.0,11735.45,0.0,16128.67,0.0,19275.29,,16423.32,,110849.76
,Rice,2722.0,2015.59,2885.0,1652.92,4387.0,2668.88,5473.0,3439.24,4477.0,3059.02,4111.0,2874.27,3989.0,2831.25,5071.0,3678.34,33115.0,22219.54
,Crude oil,40470.0,22472.79,138266.0,79673.06,80622.0,54708.73,86924.0,110690.08,39134.0,28028.75,1.0,0.0,34066.0,22627.12,,0.0,419483.0,318200.56
,Electrical wire and cable,,5639.71,0.0,2101.86,0.0,5599.29,0.0,4134.51,0.0,7975.55,0.0,8208.35,0.0,9960.5,,7019.59,,50639.38
,Clinkers and cement ,44886.0,1699.93,65463.0,2674.05,67486.0,2967.57,64613.0,2718.2,53239.0,2204.47,76330.0,3075.96,102274.0,4008.85,86795.0,3850.75,561086.0,23199.82
,Plastic materials,1241.0,1454.4,1232.0,1508.38,2275.0,3041.28,3049.0,4858.98,2904.0,4848.38,2255.0,3587.26,2873.0,3971.28,2342.0,3322.01,18171.0,26592.0
,Coffee,1901.0,9266.02,801.0,5203.28,2356.0,12825.89,3016.0,14746.72,3563.0,15528.73,1355.0,7409.73,2122.0,10458.68,1475.0,7820.51,16589.0,83259.59
,Chemical products,,3248.98,0.0,2242.83,0.0,3700.32,0.0,3494.35,0.0,4009.74,0.0,4035.81,0.0,4256.49,,3618.15,,28606.69
,"Sweets, cookies and cereal preparations",,3268.59,0.0,2121.65,0.0,3764.84,0.0,4085.18,0.0,3495.85,0.0,4390.16,0.0,4861.36,,4042.08,,30029.74
,Telephones and their parts,,67198.1,0.0,120949.07,0.0,89643.37,0.0,36949.05,0.0,76419.69,0.0,64943.9,0.0,99250.72,,86687.11,,642041.06
,"Toys, games and sports requisites; parts and accessories thereof",,11675.12,0.0,6497.65,0.0,16305.2,0.0,12079.5,0.0,9099.6,0.0,17416.69,0.0,12833.39,,13926.95,,99834.15
,"Precious stones, precious metals and their products",,663.85,0.0,1124.31,0.0,1617.72,0.0,2076.87,0.0,638.64,0.0,1644.9,0.0,2711.66,,1858.08,,12336.06
"China, PR ",,,6321734.43,0.0,4705060.92,0.0,5820285.03,0.0,6166280.77,0.0,7079839.69,0.0,7884682.05,0.0,7639387.0,,8586208.18,,54203478.09
,Of which: ,0.0,0.0,0.0,0.0,0.0,0.0,0.0,0.0,0.0,0.0,0.0,0.0,0.0,0.0,0.0,0.0,0.0,0.0
,"Fibres, not spun",90344.0,205624.9,54534.0,125365.18,102275.0,242270.88,89828.0,208822.45,61774.0,218570.53,91492.0,222751.42,97500.0,242654.75,101232.0,255746.74,688979.0,1721806.88
,"Petroleum oil, refined",,0.0,0.0,0.0,0.0,0.0,96117.0,88141.14,12036.0,23505.28,32105.0,53218.68,24903.0,30507.99,26015.0,30977.95,191176.0,226351.06
,Pieces of cloth and other technical cloths,,2424.18,0.0,1787.38,0.0,2483.33,0.0,1565.1,0.0,1609.19,0.0,1803.62,0.0,1408.2,,1192.17,,14273.21
,"Bags, pockets, wallets, suitcases, hats and umbrellas",,13157.85,0.0,8844.2,0.0,16256.85,0.0,17835.31,0.0,18242.04,0.0,19434.47,0.0,20324.59,,14311.4,,128406.74
,Animal fodder and materials,,77233.32,0.0,42138.43,0.0,86992.4,0.0,108454.04,0.0,120444.37,0.0,125622.2,0.0,113634.34,,100047.21,,774566.34
,Glass and glassware,,1610.22,0.0,464.27,0.0,1489.87,0.0,1682.07,0.0,1688.2,0.0,2533.97,0.0,2242.18,,2770.16,,14480.96
,Articles of rubber ,,7211.33,0.0,4421.5,0.0,8363.38,0.0,4856.64,0.0,5066.54,0.0,6356.38,0.0,6494.9,,6871.44,,49642.13
,"Iron, Steel",2273.0,3232.77,1151.0,1513.25,2434.0,3562.72,2955.0,4348.91,1759.0,2591.0,2330.0,3477.97,2261.0,3516.0,2233.0,3447.6,17396.0,25690.24
,Casava and casava products,480853.0,158295.62,288680.0,94516.91,505160.0,176604.63,223927.0,73348.9,184840.0,68182.02,168886.0,72476.6,107852.0,45400.1,153051.0,75810.9,2113249.0,764635.7
,Articles of iron and steel,,12414.41,0.0,7833.08,0.0,15842.23,0.0,10206.4,0.0,9597.5,0.0,11774.06,0.0,14303.87,,15040.26,,97011.84
,Articles of plastics,,17893.86,0.0,10565.22,0.0,19148.79,0.0,18496.3,0.0,18429.96,0.0,18467.4,0.0,20136.34,,21452.42,,144590.31
,Other furniture products (excluding wooden furniture),,747.61,0.0,432.97,0.0,855.73,0.0,580.17,0.0,450.49,0.0,593.26,0.0,559.07,,867.95,,5087.28
,"Rattan, bamboo and rush products ",,1290.6,0.0,291.01,0.0,473.89,0.0,582.71,0.0,1821.22,0.0,2206.7,0.0,1382.16,,488.94,,8537.25
,Pottery and glasware,,922.23,0.0,359.28,0.0,946.52,0.0,1188.12,0.0,1160.11,0.0,1126.23,0.0,1232.91,,1419.42,,8354.86
,Ores and other minerals,18100.0,6656.8,17800.0,7479.84,9250.0,4878.94,18466.0,19678.32,9305.0,5512.63,21170.0,8357.88,19659.0,25639.13,4400.0,3370.4,118150.0,81573.95
,Means of transport and equipment,,38317.36,0.0,26454.2,0.0,56172.42,0.0,47705.88,0.0,55601.08,0.0,39205.42,0.0,54057.1,,30995.73,,348509.22
,"Auxiliary materials for textile, garment, leather, footwear",,17369.82,0.0,9140.07,0.0,19978.59,0.0,17503.89,0.0,16989.33,0.0,20384.72,0.0,19936.45,,15402.74,,136705.65
,"Computers, Electronical products & parts",,1455935.33,0.0,1467501.26,0.0,1467651.0,0.0,1909610.92,0.0,2514890.48,0.0,2989739.84,0.0,2508272.7,,2924680.71,,17238282.28
,"Other Machinery, instrument, accessory ",,525831.59,0.0,316132.67,0.0,558614.22,0.0,598778.68,0.0,622322.61,0.0,539441.45,0.0,685163.31,,679015.72,,4525300.28
,Cameras and their parts,,449916.48,0.0,346583.45,0.0,390162.18,0.0,319204.62,0.0,330913.92,0.0,322475.06,0.0,277662.1,,328254.86,,2765172.69
,Chemicals,,53068.49,0.0,74074.59,0.0,48204.92,0.0,16194.87,0.0,40218.08,0.0,46142.46,0.0,91760.98,,50243.65,,419908.07
,Cashew nut,6765.0,46249.58,1221.0,8887.82,6615.0,47333.36,20286.0,147973.79,25055.0,180705.83,21204.0,153992.58,18111.0,133401.15,16029.0,121019.81,115286.0,839563.95
,Seafood,,244607.72,0.0,245349.36,0.0,217091.9,0.0,243516.07,0.0,214971.73,0.0,225833.62,0.0,257296.54,,250647.44,,1899314.41
,Fresh and pocessed vegetables and fruit ,,375765.28,0.0,162265.37,0.0,240766.52,0.0,240606.4,0.0,397717.72,0.0,620525.89,0.0,774640.95,,1060937.81,,3873225.97
,"Textile, sewing products",,139046.01,0.0,83481.31,0.0,106277.44,0.0,82754.71,0.0,113062.19,0.0,126731.9,0.0,173552.96,,174825.48,,999732.04
,Paper and paper products,,7680.14,0.0,5655.19,0.0,11183.15,0.0,8107.59,0.0,8963.42,0.0,12308.49,0.0,30740.01,,30871.08,,115509.09
,Footwear  ,,106833.12,0.0,100067.37,0.0,72386.84,0.0,77502.6,0.0,130582.65,0.0,126455.44,0.0,106269.7,,123981.63,,844079.38
,Wood and wooden products ,,228448.48,0.0,162324.02,0.0,217046.58,0.0,239213.63,0.0,209276.74,0.0,224721.13,0.0,252418.69,,235015.14,,1768464.43
,Rice,118189.0,56793.09,59976.0,31277.48,156336.0,78945.25,228381.0,113943.16,221791.0,109674.32,130793.0,63625.95,62173.0,28933.97,48896.0,21521.92,1026535.0,504715.17
,Electrical wire and cable,,86738.99,0.0,49996.87,0.0,71172.37,0.0,76676.8,0.0,69846.81,0.0,79458.09,0.0,76591.78,,105919.95,,616401.68
,Tea,1140.0,1519.67,335.0,441.86,938.0,1326.79,1026.0,1976.04,994.0,1522.75,897.0,1552.14,1029.0,1636.74,884.0,2428.78,7243.0,12404.81
,Plastic materials,24869.0,22868.68,20408.0,18794.28,20435.0,18165.31,16525.0,15766.16,17308.0,17262.12,31435.0,33706.92,19152.0,23833.85,11974.0,11844.59,162106.0,162241.95
,Rubber,147878.0,265072.0,47239.0,87261.76,62735.0,119659.09,34601.0,67973.01,35832.0,73557.44,50499.0,113010.19,83930.0,178073.22,93329.0,199706.01,556043.0,1104312.75
,Coffee,8807.0,50337.9,2720.0,13815.07,7023.0,35792.62,6928.0,39446.45,6302.0,37738.33,7043.0,49267.64,5147.0,24811.25,4948.0,23422.07,48918.0,274631.36
,Chemical products,,46065.27,0.0,39019.25,0.0,59306.17,0.0,60654.77,0.0,48427.15,0.0,50718.29,0.0,43447.64,,44938.71,,392577.29
,"Sweets, cookies and cereal preparations",,6702.3,0.0,3207.97,0.0,6087.44,0.0,6778.86,0.0,8143.33,0.0,6093.02,0.0,5634.65,,5565.75,,48213.35
,Telephones and their parts,,1312749.94,0.0,1032373.9,0.0,1195077.27,0.0,1068278.2,0.0,1173835.32,0.0,1158702.02,0.0,1210640.89,,1443334.48,,9594992.06
,"Toys, games and sports requisites; parts and accessories thereof",,24827.08,0.0,12818.16,0.0,16709.6,0.0,17313.04,0.0,20877.82,0.0,23409.92,0.0,21605.62,,19209.45,,156770.73
India,,,994895.91,0.0,850665.08,0.0,1125387.72,0.0,955169.96,0.0,1019558.82,0.0,1010151.62,0.0,1023141.21,,1072576.11,,8051546.47
,Of which: ,0.0,0.0,0.0,0.0,0.0,0.0,0.0,0.0,0.0,0.0,0.0,0.0,0.0,0.0,0.0,0.0,0.0,0.0
,"Fibres, not spun",2710.0,6702.37,1757.0,4360.13,2401.0,5086.02,1427.0,4124.2,1063.0,4658.92,2221.0,6051.27,2179.0,4629.83,2360.0,6634.6,16118.0,42247.38
,Animal fodder and materials,,4934.04,0.0,3626.94,0.0,5200.73,0.0,3015.06,0.0,3086.44,0.0,3364.61,0.0,3852.75,,3940.24,,31020.84
,Articles of rubber ,,1951.45,0.0,1445.77,0.0,2191.48,0.0,2916.42,0.0,1492.35,0.0,2539.77,0.0,2444.48,,2655.23,,17636.98
,"Iron, Steel",62446.0,69334.51,64918.0,63810.86,93528.0,115783.7,49122.0,32839.07,71164.0,58794.58,55862.0,48707.76,16902.0,31405.87,23224.0,45654.39,437166.0,466330.77
,Articles of iron and steel,,8106.74,0.0,8449.71,0.0,13070.09,0.0,15128.06,0.0,14524.33,0.0,13809.77,0.0,9788.93,,9544.66,,92422.32
,Articles of plastics,,28469.17,0.0,18742.73,0.0,26221.46,0.0,26598.23,0.0,19815.1,0.0,15330.43,0.0,15858.16,,19333.03,,170368.34
,"Rattan, bamboo and rush products ",,3847.17,0.0,2904.74,0.0,4199.22,0.0,3842.31,0.0,2322.83,0.0,2915.57,0.0,3176.92,,2811.41,,26020.2
,Pottery and glasware,,606.12,0.0,485.65,0.0,419.57,0.0,565.34,0.0,702.39,0.0,904.95,0.0,779.59,,560.59,,5024.23
,Means of transport and equipment,,25108.62,0.0,18098.72,0.0,25738.44,0.0,22745.45,0.0,22155.09,0.0,23526.12,0.0,22445.56,,31920.57,,191738.6
,"Auxiliary materials for textile, garment, leather, footwear",,16195.35,0.0,10657.87,0.0,15543.38,0.0,17736.59,0.0,18101.09,0.0,19136.03,0.0,16283.01,,16997.29,,130650.64
,"Computers, Electronical products & parts",,196158.55,0.0,107839.8,0.0,143933.63,0.0,142886.95,0.0,176781.9,0.0,191488.42,0.0,202103.48,,218972.13,,1380164.88
,"Other Machinery, instrument, accessory ",,93250.61,0.0,93507.25,0.0,128336.99,0.0,106429.06,0.0,114279.41,0.0,121813.22,0.0,124398.29,,142370.23,,924385.09
,Chemicals,,17436.76,0.0,28153.18,0.0,36130.25,0.0,30482.17,0.0,35999.26,0.0,37120.45,0.0,39168.31,,43757.63,,268248.05
,Pepper,881.0,6036.24,456.0,3245.61,1055.0,7199.08,1297.0,8303.92,970.0,6270.95,1337.0,8671.57,784.0,5120.47,749.0,5019.6,7529.0,49867.49
,Cashew nut,102.0,286.37,105.0,432.96,34.0,229.45,366.0,1359.54,133.0,775.8,521.0,2408.66,512.0,1718.19,844.0,2740.0,2617.0,9951.0
,Seafood,,2335.12,0.0,1038.08,0.0,1387.87,0.0,1969.35,0.0,2606.25,0.0,2337.04,0.0,2351.39,,2751.71,,16776.84
,"Textile, sewing products",,22770.0,0.0,16099.61,0.0,20471.51,0.0,21148.98,0.0,23690.99,0.0,26278.21,0.0,29548.51,,27288.52,,187296.38
,Footwear  ,,15761.97,0.0,11382.8,0.0,17366.82,0.0,19774.65,0.0,15020.24,0.0,12451.11,0.0,16618.87,,13587.56,,121964.05
,Wood and wooden products ,,7714.69,0.0,3437.27,0.0,5958.52,0.0,8648.4,0.0,8504.54,0.0,11027.6,0.0,8583.05,,8068.83,,61942.92
,Tea,647.0,927.31,222.0,301.12,644.0,869.96,1.0,14.04,2.0,13.85,13.0,27.64,17.0,29.23,61.0,79.12,1607.0,2262.3
,Plastic materials,30779.0,28071.08,26066.0,23927.9,41018.0,39888.38,21961.0,25617.87,8583.0,11743.31,55236.0,67371.22,27454.0,32482.65,24831.0,28337.82,235928.0,257440.26
,Rubber,6679.0,12875.88,5915.0,11658.65,8871.0,18600.91,4981.0,11089.27,5434.0,12026.56,10643.0,24811.01,15601.0,35454.28,14572.0,32542.24,72696.0,159058.83
,Coffee,3334.0,14239.71,2151.0,8620.79,2831.0,11435.67,2074.0,8072.05,1979.0,7563.57,2033.0,7381.61,1394.0,5704.58,1787.0,7474.97,17583.0,70492.98
,Chemical products,,10073.12,0.0,10063.6,0.0,14325.08,0.0,11780.14,0.0,10895.69,0.0,14873.63,0.0,13086.56,,19127.27,,104225.11
,"Sweets, cookies and cereal preparations",,416.98,0.0,192.92,0.0,205.27,0.0,327.44,0.0,270.82,0.0,480.54,0.0,483.38,,503.59,,2880.98
,Telephones and their parts,,149388.17,0.0,215864.24,0.0,221984.51,0.0,197726.73,0.0,216749.41,0.0,172124.88,0.0,223279.96,,204591.53,,1601709.46
Ukraine ,,,6817.05,0.0,3935.12,0.0,7208.58,0.0,10237.68,0.0,9563.88,0.0,12808.05,0.0,8675.35,,4941.2,,64186.95
,Of which: ,0.0,0.0,0.0,0.0,0.0,0.0,0.0,0.0,0.0,0.0,0.0,0.0,0.0,0.0,0.0,0.0,0.0,0.0
,Articles of plastics,,181.28,0.0,148.56,0.0,123.25,0.0,159.11,0.0,0.0,0.0,421.72,0.0,353.95,,177.69,,1565.58
,"Computers, Electronical products & parts",,0.0,0.0,0.0,0.0,30.76,0.0,54.76,0.0,382.54,0.0,169.2,0.0,0.0,,11.89,,649.18
,"Other Machinery, instrument, accessory ",,104.45,0.0,46.76,0.0,34.92,0.0,180.95,0.0,12.49,0.0,17.04,0.0,34.4,,401.24,,832.27
,Cashew nut,28.0,180.04,0.0,0.0,46.0,313.73,98.0,610.45,25.0,141.61,51.0,292.12,49.0,304.32,49.0,312.9,346.0,2155.17
,Pepper,20.0,158.15,18.0,128.39,59.0,411.8,41.0,273.0,80.0,529.16,143.0,988.68,42.0,280.74,,0.0,403.0,2769.94
,Seafood,,1107.4,0.0,1050.68,0.0,1542.21,0.0,1700.38,0.0,1413.41,0.0,2550.8,0.0,1522.78,,0.0,,10887.69
,Fresh and pocessed vegetables and fruit ,,83.06,0.0,196.65,0.0,178.26,0.0,79.82,0.0,392.12,0.0,481.33,0.0,258.9,,0.0,,1670.18
,"Textile, sewing products",,252.95,0.0,119.75,0.0,262.66,0.0,1484.09,0.0,723.25,0.0,824.5,0.0,288.7,,159.1,,4115.03
,Footwear  ,,1286.62,0.0,583.21,0.0,1419.06,0.0,3175.8,0.0,2824.66,0.0,1641.34,0.0,1676.49,,1041.75,,13648.96
,Rice,50.0,37.18,0.0,0.0,50.0,37.02,920.0,591.69,50.0,35.85,620.0,378.13,0.0,0.0,,0.0,1690.0,1079.89
,Tea,20.0,23.95,0.0,0.0,65.0,75.36,34.0,65.24,31.0,41.85,17.0,43.01,34.0,44.16,44.0,76.13,245.0,369.73
,Coffee,,0.0,0.0,0.0,0.0,0.0,0.0,0.0,19.0,186.75,0.0,0.0,0.0,0.0,19.0,170.62,38.0,357.37
