"Average population by province, sex and residence by Cities, provincies, Average population and Year"

"Cities, provincies",Total 1995,Total 1996,Total 1997,Total 1998,Total 1999,Total 2000,Total 2001,Total 2002,Total 2003,Total 2004,Total 2005,Total 2006,Total 2007,Total 2008,Total 2009,Total 2010,Total 2011,Total 2012,Total 2013,Total 2014,Total 2015,Total 2016,Total 2017,Total 2018,Total 2019,Total 2020,Total 2021,Total 2022,Total 2023,Total 2024,Total Prel. 2025,Male 1995,Male 1996,Male 1997,Male 1998,Male 1999,Male 2000,Male 2001,Male 2002,Male 2003,Male 2004,Male 2005,Male 2006,Male 2007,Male 2008,Male 2009,Male 2010,Male 2011,Male 2012,Male 2013,Male 2014,Male 2015,Male 2016,Male 2017,Male 2018,Male 2019,Male 2020,Male 2021,Male 2022,Male 2023,Male 2024,Male Prel. 2025,Female 1995,Female 1996,Female 1997,Female 1998,Female 1999,Female 2000,Female 2001,Female 2002,Female 2003,Female 2004,Female 2005,Female 2006,Female 2007,Female 2008,Female 2009,Female 2010,Female 2011,Female 2012,Female 2013,Female 2014,Female 2015,Female 2016,Female 2017,Female 2018,Female 2019,Female 2020,Female 2021,Female 2022,Female 2023,Female 2024,Female Prel. 2025,Urban 1995,Urban 1996,Urban 1997,Urban 1998,Urban 1999,Urban 2000,Urban 2001,Urban 2002,Urban 2003,Urban 2004,Urban 2005,Urban 2006,Urban 2007,Urban 2008,Urban 2009,Urban 2010,Urban 2011,Urban 2012,Urban 2013,Urban 2014,Urban 2015,Urban 2016,Urban 2017,Urban 2018,Urban 2019,Urban 2020,Urban 2021,Urban 2022,Urban 2023,Urban 2024,Urban Prel. 2025,Rural 1995,Rural 1996,Rural 1997,Rural 1998,Rural 1999,Rural 2000,Rural 2001,Rural 2002,Rural 2003,Rural 2004,Rural 2005,Rural 2006,Rural 2007,Rural 2008,Rural 2009,Rural 2010,Rural 2011,Rural 2012,Rural 2013,Rural 2014,Rural 2015,Rural 2016,Rural 2017,Rural 2018,Rural 2019,Rural 2020,Rural 2021,Rural 2022,Rural 2023,Rural 2024,Rural Prel. 2025
 WHOLE COUNTRY,71995.50,73156.70,74306.90,75456.30,76596.70,77630.90,78620.50,79537.70,80467.40,81436.40,82392.10,83311.20,84218.50,85118.70,86025.00,87067.27,88145.83,89202.89,90191.42,91203.76,92228.60,93250.70,94286.00,95385.20,96484.00,97582.69,98504.42,99467.93,100309.21,101343.75,102345.32,35237.40,35857.30,36473.10,37089.70,37662.10,38165.30,38656.40,39112.20,39535.00,40042.00,40521.50,40999.00,41447.30,41956.10,42523.40,43063.34,43619.20,44168.04,44685.77,45212.79,45753.80,46294.70,46848.00,47427.10,48017.70,48625.39,49087.48,49584.60,50040.00,50576.90,51039.12,36758.10,37299.40,37833.80,38366.60,38934.60,39465.60,39964.10,40425.50,40932.40,41394.40,41870.60,42312.20,42771.20,43162.60,43501.60,44003.93,44526.63,45034.85,45505.65,45990.98,46474.80,46956.00,47438.00,47958.10,48466.30,48957.30,49416.89,49883.27,50269.21,50766.91,51306.20,..,15419.90,16835.40,17464.60,18081.60,18725.40,19299.10,19873.20,20725.00,21601.20,22332.00,23045.80,23746.30,24673.10,25584.70,26460.52,27678.62,28274.89,28865.08,30272.69,30881.90,31397.00,31928.30,32636.90,33816.60,35906.44,36556.60,37347.50,38219.71,39007.28,39551.33,57057.40,57736.80,57471.50,57991.70,58515.10,58905.50,59321.40,59664.50,59742.40,59835.20,60060.10,60265.40,60472.20,60445.60,60440.30,60606.75,60467.21,60928.00,61326.34,60931.08,61346.70,61853.70,62357.70,62748.30,62667.40,61676.26,61947.80,62120.37,62089.49,62336.48,62793.99
Red River Delta,17078.40,17289.80,17494.80,17692.90,17877.80,18060.70,18249.90,18432.90,18617.50,18807.90,18976.70,19108.90,19228.80,19473.70,19618.10,19897.81,20216.81,20525.36,20785.63,21080.59,21368.40,21669.20,21968.60,22290.70,22620.20,22920.18,23223.10,23454.28,23732.41,24015.98,24311.11,8300.10,8416.90,8530.30,8645.40,8743.40,8840.50,8934.40,9026.60,9116.30,9213.10,9308.20,9369.00,9432.00,9544.70,9649.90,9794.22,9958.31,10117.96,10253.02,10403.56,10554.00,10710.80,10870.90,11036.40,11214.50,11358.58,11516.40,11623.85,11778.69,11926.36,12093.82,8778.30,8872.90,8964.50,9047.50,9134.40,9220.20,9315.50,9406.30,9501.20,9594.80,9668.50,9739.90,9796.80,9929.00,9968.20,10103.58,10258.50,10407.40,10532.62,10677.03,10814.40,10958.40,11097.70,11254.40,11405.70,11561.60,11706.62,11830.44,11953.73,12089.63,12217.29,..,3229.70,3536.00,3690.10,3800.40,3923.80,4048.40,4224.90,4428.10,4764.90,4917.00,5041.60,5206.60,5584.40,5752.40,6022.08,6164.16,6310.29,6467.57,7117.52,7254.20,7411.70,7569.20,7773.50,8130.30,8537.08,8722.90,8830.36,9204.31,9373.82,10456.91,13985.20,14060.10,13958.80,14002.80,14077.40,14136.90,14201.50,14208.00,14189.40,14043.00,14059.70,14067.30,14022.20,13889.30,13865.70,13875.73,14052.65,14215.07,14318.07,13963.07,14114.10,14257.50,14399.40,14517.30,14489.90,14383.10,14500.07,14623.93,14528.10,14642.17,13854.20
Ha Noi,2431.00,2492.90,2556.00,2621.50,2685.00,2767.70,2852.90,2928.30,3000.30,3071.40,3133.40,3184.80,3228.50,6381.80,6472.00,6639.09,6825.82,6991.43,7128.39,7285.53,7433.60,7590.80,7742.20,7914.50,8093.90,8246.54,8330.80,8435.65,8587.08,8717.63,8857.53,1213.40,1245.60,1278.10,1312.40,1343.80,1384.50,1427.10,1464.90,1500.50,1539.50,1568.00,1596.60,1618.30,3124.90,3180.00,3264.96,3359.81,3444.43,3515.06,3595.78,3672.20,3753.20,3831.50,3920.30,4012.70,4083.48,4132.01,4167.29,4264.17,4336.19,4406.51,1217.60,1247.30,1277.90,1309.10,1341.20,1383.20,1425.80,1463.40,1499.80,1531.90,1565.40,1588.20,1610.20,3256.90,3292.00,3374.12,3466.00,3547.01,3613.33,3689.76,3761.40,3837.60,3910.70,3994.20,4081.20,4163.06,4198.83,4268.36,4322.91,4381.44,4451.02,..,1343.10,1455.80,1496.40,1552.10,1603.00,1650.00,1719.50,1830.20,1992.30,2046.10,2077.50,2106.50,2596.20,2652.80,2825.52,2900.37,2972.61,3024.64,3583.51,3650.50,3733.00,3810.00,3904.80,4000.30,4061.06,4095.37,4138.51,4212.99,4280.83,4234.85,1156.10,1149.80,1100.20,1125.10,1132.90,1164.70,1202.90,1208.80,1170.10,1079.10,1087.30,1107.30,1122.00,3785.60,3819.20,3813.57,3925.45,4018.82,4103.75,3702.03,3783.10,3857.70,3932.20,4009.60,4093.60,4185.48,4235.47,4297.15,4374.09,4436.79,4622.68
Ha Tay,2299.00,2328.00,2353.00,2373.60,2391.70,2430.20,2475.50,2527.00,2587.30,2649.10,2702.90,2742.40,2773.70,..,..,..,..,..,..,..,..,..,..,..,..,..,..,..,..,..,..,1091.70,1109.40,1127.40,1143.80,1158.60,1183.80,1205.90,1231.00,1252.70,1276.70,1310.90,1321.70,1336.80,..,..,..,..,..,..,..,..,..,..,..,..,..,..,..,..,..,..,1207.30,1218.60,1225.60,1229.80,1233.10,1246.40,1269.60,1296.00,1334.60,1372.40,1392.00,1420.70,1436.90,..,..,..,..,..,..,..,..,..,..,..,..,..,..,..,..,..,..,..,169.80,179.00,184.50,192.50,194.50,203.70,211.20,216.80,270.10,278.60,285.70,291.50,..,..,..,..,..,..,..,..,..,..,..,..,..,..,..,..,..,..,2136.60,2158.20,2174.00,2189.10,2199.20,2235.70,2271.80,2315.80,2370.50,2379.00,2424.30,2456.70,2482.20,..,..,..,..,..,..,..,..,..,..,..,..,..,..,..,..,..,..
Vinh Phuc,1048.20,1061.90,1075.80,1085.70,1094.30,1104.10,1114.10,1124.30,1134.10,1145.20,1157.00,1166.00,1174.10,993.80,1000.40,1014.83,1029.50,1047.39,1061.50,1076.82,1090.40,1106.10,1123.10,1138.40,1154.80,1171.23,1191.80,1197.62,1211.35,1225.29,1238.77,509.20,516.40,523.60,529.30,533.40,537.80,543.10,548.00,557.20,567.10,572.90,577.40,581.40,492.10,494.20,501.19,508.44,517.28,524.25,529.54,536.20,543.90,555.40,563.70,575.50,583.72,593.96,598.03,604.74,611.74,619.45,539.00,545.50,552.20,556.40,560.90,566.30,571.00,576.30,576.90,578.10,584.10,588.60,592.70,501.70,506.20,513.64,521.06,530.11,537.25,547.28,554.20,562.20,567.80,574.60,579.40,587.51,597.82,599.59,606.60,613.55,619.31,..,83.80,101.90,106.50,112.50,119.70,121.90,124.60,137.60,160.80,166.70,171.40,206.50,222.90,224.60,232.87,236.95,244.56,251.44,251.06,254.20,257.90,261.70,285.20,295.20,350.98,358.33,366.18,411.00,416.63,426.81,968.70,978.10,973.90,979.20,981.80,984.40,992.20,999.70,996.50,984.40,990.30,994.60,967.60,770.90,775.80,781.96,792.56,802.84,810.06,825.77,836.10,848.30,861.40,853.20,859.60,820.25,833.40,831.44,800.35,808.67,811.96
Bac Ninh,916.00,925.30,931.70,937.60,943.00,950.60,958.90,967.60,975.30,983.20,991.10,999.80,1009.40,1018.10,1026.50,1045.92,1072.38,1104.69,1139.89,1177.06,1218.50,1257.90,1297.80,1337.30,1378.60,1419.13,1462.90,1488.25,1517.44,1546.59,1574.43,432.60,439.50,445.40,451.10,456.40,461.60,465.60,469.90,472.00,478.70,481.70,486.80,491.40,498.00,503.90,513.77,527.10,543.31,560.97,579.63,600.40,620.20,640.30,657.80,681.00,699.01,725.24,732.05,744.93,759.38,781.30,483.40,485.80,486.30,486.50,486.60,489.00,493.30,497.70,503.30,504.50,509.40,513.00,518.00,520.10,522.60,532.15,545.28,561.37,578.91,597.43,618.10,637.60,657.40,679.60,697.60,720.12,737.71,756.21,772.51,787.22,793.14,..,46.60,58.50,88.00,88.90,96.40,106.80,118.40,131.10,145.10,160.70,178.10,197.40,218.80,241.50,272.68,279.35,286.35,293.70,327.28,336.10,345.50,355.30,365.60,380.90,446.57,536.15,554.57,770.71,787.92,873.08,874.70,878.70,873.20,849.60,854.10,854.20,852.10,849.20,844.20,838.10,830.40,821.70,812.00,799.30,785.00,773.24,793.03,818.34,846.19,849.78,882.40,912.40,942.50,971.70,997.70,972.56,926.80,933.68,746.73,758.67,701.35
Quang Ninh,941.70,958.00,974.40,991.40,1007.20,1024.20,1039.30,1054.40,1068.40,1081.80,1096.10,1109.30,1122.50,1135.10,1146.10,1163.95,1181.53,1198.39,1209.58,1227.67,1241.60,1261.20,1285.20,1303.90,1324.80,1337.61,1350.80,1362.88,1381.17,1396.52,1411.58,481.80,490.00,498.10,506.70,514.00,522.50,530.20,537.90,544.00,547.90,557.90,561.90,568.50,577.90,585.00,593.91,602.66,611.03,616.51,625.50,632.40,642.10,654.10,663.40,673.80,679.58,681.71,690.37,698.59,705.51,711.98,459.90,468.00,476.30,484.70,493.20,501.70,509.10,516.50,524.40,533.90,538.20,547.40,554.00,557.20,561.10,570.04,578.87,587.36,593.07,602.17,609.20,619.10,631.10,640.60,651.10,658.03,669.15,672.51,682.58,691.01,699.60,..,411.50,426.80,434.40,446.00,473.00,484.60,496.30,507.70,519.00,530.90,542.50,554.20,565.80,594.30,616.87,639.93,663.31,684.20,709.67,733.50,761.50,792.90,822.10,853.70,901.11,909.89,917.98,930.42,968.26,1072.11,537.60,546.50,547.60,557.00,561.20,551.20,554.70,558.10,560.70,562.80,565.20,566.80,568.30,569.30,551.80,547.08,541.60,535.08,525.39,518.00,508.10,499.80,492.30,481.80,471.20,436.50,440.96,444.90,450.74,428.27,339.47
Hai Duong,1609.10,1619.50,1630.50,1641.30,1651.00,1656.90,1662.70,1668.10,1673.70,1680.40,1685.50,1689.70,1694.70,1700.80,1706.80,1722.77,1747.83,1767.83,1779.67,1795.79,1812.80,1832.80,1850.60,1877.70,1896.90,1916.77,1936.80,1946.82,1956.89,1978.23,1997.71,785.00,790.30,795.10,799.10,802.00,800.00,802.50,806.50,809.30,813.00,821.70,824.60,827.70,831.40,835.10,844.22,857.84,869.02,876.20,885.52,895.30,906.60,916.80,931.70,942.70,956.47,966.40,975.50,980.65,991.09,999.31,824.10,829.20,835.40,842.20,849.00,856.90,860.20,861.60,864.40,867.40,863.80,865.10,867.00,869.40,871.70,878.54,889.99,898.81,903.47,910.27,917.50,926.20,933.80,946.00,954.20,960.30,970.32,971.32,976.24,987.14,998.39,..,146.40,182.80,224.70,229.30,229.80,230.90,231.60,235.20,259.70,266.40,268.10,278.90,315.40,323.70,336.46,351.49,366.07,379.46,394.26,409.80,426.60,443.60,463.40,594.20,603.24,613.18,618.12,620.02,630.52,680.00,1475.90,1473.10,1447.70,1416.60,1421.70,1427.10,1431.80,1436.50,1438.50,1420.70,1419.10,1421.60,1415.80,1385.40,1383.10,1386.30,1396.34,1401.76,1400.22,1401.53,1403.00,1406.20,1407.00,1414.30,1302.70,1313.54,1323.60,1328.71,1336.87,1347.71,1317.71
Hai Phong,1608.20,1625.00,1641.90,1659.50,1676.70,1691.50,1708.60,1725.30,1741.00,1757.80,1773.40,1789.10,1806.50,1824.10,1840.40,1862.85,1886.20,1912.94,1932.17,1950.71,1969.50,1985.30,2001.40,2016.40,2033.30,2053.49,2072.40,2088.02,2105.03,2124.52,2152.17,790.20,799.60,808.90,818.80,827.30,837.30,845.70,854.00,859.00,868.80,876.60,884.30,892.90,903.10,912.60,923.85,935.61,949.07,958.80,968.20,977.70,985.80,994.00,1001.60,1010.20,1015.65,1024.99,1035.33,1043.86,1053.59,1070.42,818.00,825.40,833.00,840.70,849.40,854.20,862.90,871.30,882.00,889.00,896.80,904.80,913.60,921.00,927.80,939.00,950.58,963.87,973.37,982.51,991.80,999.60,1007.40,1014.80,1023.10,1037.84,1047.39,1052.69,1061.16,1070.93,1081.74,..,532.20,550.20,558.10,571.80,594.00,618.40,643.60,669.40,696.60,724.40,753.30,784.00,815.90,848.50,857.87,867.64,878.95,886.79,894.29,901.90,908.10,914.40,920.30,926.90,932.55,943.20,951.77,960.64,970.27,1422.63,1083.80,1092.80,1091.70,1101.40,1104.90,1097.50,1090.20,1081.70,1071.60,1061.20,1049.00,1035.80,1022.50,1008.20,991.90,1004.98,1018.55,1033.98,1045.38,1056.42,1067.60,1077.20,1087.00,1096.20,1106.40,1120.95,1129.19,1136.25,1144.39,1154.25,729.53
Hung Yen,1033.20,1042.60,1052.20,1061.70,1071.40,1079.00,1086.00,1091.50,1097.00,1104.30,1111.00,1116.40,1121.30,1126.20,1128.60,1139.42,1150.74,1162.91,1175.52,1188.65,1202.00,1215.50,1228.80,1242.40,1255.80,1269.09,1284.60,1290.85,1301.01,1318.06,1333.42,496.10,501.60,506.60,512.40,517.60,521.00,524.40,527.10,532.50,533.90,538.80,539.80,542.10,544.30,552.90,559.44,566.23,573.82,580.67,588.08,596.50,604.70,613.20,620.60,628.70,636.39,644.15,648.23,653.44,662.04,672.65,537.10,541.00,545.60,549.30,553.80,558.00,561.60,564.40,564.50,570.40,572.20,576.60,579.20,581.90,575.70,579.97,584.52,589.09,594.85,600.57,605.50,610.80,615.60,621.80,627.10,632.70,640.41,642.62,647.58,656.02,660.77,..,41.00,78.80,90.40,93.40,103.60,107.10,110.70,114.30,118.20,122.20,126.20,130.20,134.40,136.30,137.75,139.27,140.90,142.65,144.48,146.10,147.90,149.50,151.50,207.30,209.73,213.57,217.43,220.98,225.20,236.77,1009.70,1001.60,973.40,971.30,978.00,975.40,978.90,980.80,982.70,986.10,988.80,990.20,991.10,991.80,992.30,1001.67,1011.47,1022.01,1032.87,1044.17,1055.90,1067.60,1079.30,1090.90,1048.50,1059.36,1070.99,1073.42,1080.03,1092.86,1096.65
Thai Binh,1752.30,1761.00,1769.50,1778.50,1788.10,1789.40,1790.30,1790.90,1790.90,1791.20,1790.50,1787.40,1783.90,1782.70,1783.10,1790.88,1798.66,1806.48,1815.04,1822.43,1830.30,1838.10,1846.10,1854.10,1862.20,1870.24,1873.90,1878.54,1882.34,1890.38,1901.75,834.70,839.90,844.70,850.20,854.70,854.90,855.30,855.60,859.70,860.70,859.30,858.90,857.20,859.30,860.80,865.29,869.77,874.27,879.15,883.45,888.00,892.50,897.10,901.80,906.40,911.40,914.35,917.06,918.96,923.17,932.71,917.60,921.10,924.80,928.30,933.40,934.50,935.00,935.30,931.20,930.50,931.20,928.50,926.70,923.40,922.30,925.58,928.89,932.21,935.89,938.98,942.30,945.60,949.00,952.40,955.70,958.84,959.54,961.47,963.38,967.21,969.04,..,97.50,100.40,101.60,103.80,103.50,103.80,132.50,133.30,134.10,135.00,135.70,136.60,174.40,173.30,175.52,177.79,180.09,182.42,184.78,187.20,189.60,192.00,194.50,197.00,219.46,220.23,220.96,221.74,224.51,274.70,1656.00,1663.50,1669.10,1676.90,1684.30,1685.90,1686.50,1658.40,1657.60,1657.10,1655.50,1651.70,1647.30,1608.30,1609.80,1615.36,1620.88,1626.40,1632.62,1637.65,1643.20,1648.50,1654.10,1659.60,1665.20,1650.78,1653.66,1657.58,1660.60,1665.86,1627.05
Ha Nam,763.70,771.60,779.40,786.60,792.50,793.80,793.20,792.80,792.30,791.90,791.30,790.00,788.40,786.90,786.20,791.40,795.65,800.81,807.44,815.07,824.30,832.20,839.80,847.10,854.50,861.83,875.20,878.05,885.91,894.22,903.16,371.90,375.80,379.20,382.30,385.30,385.20,385.00,384.80,385.20,383.60,382.70,382.90,382.20,382.40,383.90,386.79,389.18,392.02,395.58,399.64,404.50,408.70,412.80,416.70,420.60,424.65,431.41,434.81,436.69,440.81,446.16,391.80,395.80,400.20,404.30,407.20,408.60,408.20,408.00,407.10,408.30,408.60,407.10,406.20,404.50,402.30,404.62,406.47,408.79,411.86,415.43,419.80,423.50,427.00,430.40,433.80,437.19,443.80,443.24,449.22,453.41,457.00,..,57.60,60.90,62.30,62.60,49.70,52.20,54.80,57.60,60.50,63.60,66.80,70.00,73.50,74.90,82.70,84.30,86.26,127.25,129.76,133.00,135.60,138.20,140.80,143.30,239.68,244.91,245.96,249.82,257.04,469.52,707.70,714.00,718.50,724.30,729.90,744.10,741.00,738.00,734.70,731.40,727.70,723.20,718.40,713.40,711.30,708.70,711.34,714.55,680.19,685.31,691.20,696.60,701.50,706.40,711.20,622.15,630.31,632.10,636.09,637.17,433.64
Nam Dinh,1820.50,1838.00,1856.20,1874.40,1891.90,1886.50,1879.70,1872.80,1866.30,1859.40,1851.00,1839.40,1829.70,1826.10,1828.40,1822.35,1816.81,1811.50,1806.41,1801.54,1796.90,1792.50,1788.20,1784.20,1780.90,1780.33,1836.30,1876.85,1887.10,1894.20,1897.99,884.10,893.50,902.00,912.90,921.00,917.90,914.60,911.30,908.50,907.20,901.40,897.40,892.60,887.00,894.60,891.43,888.55,885.86,883.35,881.03,878.90,876.90,875.10,873.50,872.50,872.24,899.37,919.51,924.62,928.16,933.08,936.40,944.50,954.20,961.50,970.90,968.60,965.10,961.50,957.80,952.20,949.60,942.00,937.10,939.10,933.80,930.91,928.26,925.64,923.06,920.52,918.00,915.50,913.10,910.70,908.40,908.09,936.89,957.35,962.48,966.05,964.91,..,221.80,229.90,231.30,235.10,240.10,248.20,256.50,265.20,274.10,283.10,291.90,301.20,311.90,321.60,320.74,320.01,319.32,318.68,318.08,317.50,317.00,316.50,324.10,323.70,360.12,371.57,380.46,385.41,387.97,414.55,1600.20,1616.20,1626.30,1643.10,1656.80,1646.40,1631.50,1616.30,1601.10,1585.30,1567.90,1547.50,1528.50,1514.20,1506.80,1501.61,1496.80,1492.18,1487.73,1483.46,1479.40,1475.40,1471.70,1460.20,1457.10,1420.21,1464.70,1496.39,1501.69,1506.24,1483.44
Ninh Binh,855.50,866.00,874.20,881.10,885.00,886.80,888.70,889.90,890.90,892.20,893.50,894.60,896.10,898.10,899.60,904.36,911.69,920.99,930.03,939.31,948.50,956.80,965.40,974.70,984.50,993.92,1007.60,1010.75,1017.10,1030.34,1042.62,409.40,415.30,421.20,426.40,429.30,434.00,435.00,435.60,435.70,436.00,436.30,436.70,440.90,444.30,446.90,449.36,453.11,457.85,462.47,467.20,471.90,476.20,480.60,485.30,490.40,495.99,502.81,505.67,508.04,514.68,520.25,446.10,450.70,453.00,454.70,455.70,452.80,453.70,454.30,455.20,456.20,457.20,457.90,455.20,453.80,452.70,455.01,458.58,463.14,467.56,472.11,476.60,480.70,484.80,489.30,494.10,497.93,504.76,505.08,509.06,515.66,522.37,..,78.40,111.00,111.90,112.40,116.50,120.80,125.20,129.70,134.40,139.30,144.40,149.60,155.20,160.90,163.10,167.06,171.87,176.35,180.35,184.40,189.00,195.10,201.20,207.80,212.59,216.52,218.43,220.58,224.66,351.90,778.20,787.60,763.20,769.20,772.60,770.30,767.90,764.70,761.20,757.80,754.20,750.20,746.50,742.90,738.70,741.26,744.63,749.11,753.68,758.96,764.10,767.80,770.40,773.40,776.70,781.33,791.00,792.32,796.53,805.68,690.72
Northern midlands and mountain areas,9522.90,9679.70,9820.80,9951.20,10085.30,10204.40,10321.80,10440.00,10559.50,10681.00,10798.70,10904.30,11004.20,10997.30,11073.50,11188.95,11311.41,11441.84,11574.49,11739.21,11907.00,12061.10,12230.80,12404.90,12569.30,12725.78,12925.03,13023.19,13162.45,13338.95,13489.54,4701.60,4788.60,4863.60,4934.50,5007.40,5064.10,5122.40,5181.20,5240.40,5307.30,5362.10,5419.50,5469.30,5459.10,5517.90,5581.27,5644.03,5714.39,5786.64,5871.40,5959.80,6042.20,6134.80,6227.00,6315.30,6396.62,6493.98,6558.31,6628.78,6713.93,6783.38,4821.30,4891.10,4957.20,5016.70,5077.90,5140.30,5199.40,5258.80,5319.10,5373.70,5436.60,5484.80,5534.90,5538.20,5555.60,5607.67,5667.38,5727.45,5787.85,5867.81,5947.20,6018.90,6095.90,6177.90,6254.00,6329.16,6431.09,6464.88,6533.67,6625.02,6706.16,..,1227.40,1325.30,1362.60,1379.00,1430.40,1463.80,1499.90,1559.60,1602.70,1649.10,1687.90,1721.10,1751.10,1770.40,1850.86,1917.65,1952.53,2000.02,2053.99,2122.30,2155.20,2193.30,2233.60,2284.30,2597.83,2646.91,2819.74,2885.26,3065.60,3004.75,8321.20,8452.30,8495.50,8588.60,8706.30,8774.00,8858.00,8940.10,8999.90,9078.30,9149.60,9216.40,9283.10,9246.20,9303.10,9338.09,9393.76,9489.31,9574.47,9685.22,9784.70,9905.90,10037.40,10171.30,10285.00,10127.95,10278.16,10203.45,10277.19,10273.35,10484.79
Ha Giang,550.30,564.20,577.70,590.40,605.90,619.20,631.60,643.90,656.20,669.00,681.70,693.40,704.90,716.20,725.10,737.77,749.54,763.50,778.96,792.47,806.70,820.40,833.70,846.50,858.10,870.24,887.09,892.72,899.90,911.35,921.38,272.00,278.90,284.70,290.90,300.00,306.50,312.70,318.70,324.90,331.20,337.50,343.60,349.00,354.60,363.10,369.14,374.38,381.81,390.61,397.69,406.20,413.00,420.20,427.20,433.60,439.65,448.48,453.17,457.11,461.95,459.91,278.30,285.30,293.00,299.50,305.90,312.70,318.90,325.20,331.30,337.80,344.20,349.80,355.90,361.60,362.00,368.62,375.16,381.69,388.34,394.79,400.50,407.40,413.50,419.40,424.50,430.59,438.60,439.55,442.79,449.40,461.47,..,49.90,52.20,53.20,51.80,66.30,68.50,70.80,73.00,75.40,77.80,80.10,82.50,84.90,91.60,105.19,112.66,114.94,116.88,118.77,120.90,123.00,125.20,127.60,137.20,137.89,140.33,142.35,145.08,148.64,58.97,501.80,514.30,525.50,537.20,554.10,552.90,563.10,573.10,583.20,593.60,603.90,613.30,622.40,631.30,633.50,632.58,636.88,648.57,662.08,673.70,685.80,697.40,708.50,718.90,720.90,732.35,746.76,750.38,754.82,762.71,862.41
Cao Bang,489.20,489.40,490.00,490.50,492.10,493.90,496.20,498.70,500.80,502.80,504.90,506.80,508.60,510.50,511.20,512.54,514.02,515.88,517.85,519.87,522.00,524.20,526.40,528.70,530.90,533.09,542.22,543.05,547.86,558.46,562.93,237.20,237.30,237.50,237.80,238.60,241.30,242.40,243.60,244.40,246.80,247.40,248.80,249.70,250.60,253.70,254.57,255.55,256.72,257.95,259.20,260.50,261.90,263.20,264.60,265.90,267.01,271.59,272.83,275.51,280.20,282.92,252.00,252.10,252.50,252.70,253.50,252.60,253.80,255.10,256.40,256.00,257.50,258.00,258.90,259.90,257.50,257.96,258.46,259.16,259.90,260.67,261.50,262.30,263.20,264.10,264.90,266.07,270.63,270.22,272.35,278.26,280.01,..,51.20,52.80,53.30,54.00,66.90,67.40,68.10,68.60,68.90,74.20,79.50,79.90,87.60,86.40,98.58,99.46,104.22,105.29,106.34,108.60,111.50,115.50,119.90,124.50,136.01,138.18,138.47,139.53,142.20,83.46,438.50,438.20,437.20,437.20,438.10,427.00,428.80,430.60,432.20,433.90,430.70,427.30,428.70,422.90,424.80,413.96,414.56,411.66,412.56,413.53,413.30,412.80,410.90,408.80,406.30,397.07,404.04,404.59,408.32,416.26,479.47
Bac Kan,254.20,259.60,265.20,270.90,276.40,278.40,280.50,282.50,284.40,286.50,288.40,290.00,291.80,293.60,294.60,296.62,298.69,300.80,301.73,302.94,305.60,307.70,309.90,312.00,314.40,316.46,323.71,324.35,326.50,329.31,331.50,126.90,129.70,132.50,135.40,138.10,139.10,140.10,141.10,142.10,143.50,144.10,145.20,146.10,147.70,148.50,149.70,150.92,152.16,152.81,153.60,155.10,156.40,157.70,159.00,160.30,161.02,164.71,165.03,166.13,167.57,168.69,127.30,129.90,132.70,135.50,138.30,139.30,140.40,141.40,142.30,143.00,144.30,144.80,145.70,145.90,146.10,146.92,147.77,148.64,148.92,149.34,150.50,151.30,152.20,153.10,154.10,155.44,159.01,159.32,160.38,161.75,162.81,..,34.90,37.00,38.40,40.30,39.90,40.80,41.60,42.50,43.40,44.20,45.10,46.00,46.90,47.30,48.90,50.55,52.26,53.82,55.48,57.50,59.40,61.40,63.50,65.60,71.48,73.11,73.57,78.64,80.85,43.78,220.70,224.70,228.20,232.50,236.10,238.50,239.70,240.90,241.90,243.10,244.20,244.90,245.80,246.70,247.30,247.72,248.14,248.54,247.91,247.47,248.20,248.30,248.50,248.60,248.70,244.99,250.60,250.79,247.86,248.46,287.72
Tuyen Quang,638.80,648.90,659.00,668.00,677.30,684.10,690.20,696.30,701.90,707.50,712.10,715.70,719.40,723.50,725.20,729.75,733.60,738.53,743.37,749.59,756.20,763.40,770.50,778.30,786.30,792.90,801.67,805.78,812.21,820.30,826.87,316.90,321.70,326.40,330.80,335.00,338.20,341.20,344.20,347.00,350.30,352.00,354.40,356.30,357.50,363.30,365.77,367.88,370.55,373.17,376.49,380.00,383.80,387.60,391.70,395.90,399.22,403.56,407.62,410.92,413.24,418.93,321.90,327.20,332.60,337.20,342.30,345.90,349.00,352.10,354.90,357.20,360.10,361.30,363.10,366.00,361.90,363.99,365.71,367.98,370.20,373.10,376.20,379.60,382.90,386.60,390.30,393.68,398.11,398.16,401.30,407.07,407.94,..,69.50,71.90,73.30,60.70,64.40,67.30,70.30,73.40,76.60,79.80,83.10,86.50,90.10,94.30,95.45,96.54,97.78,99.03,100.47,102.00,103.60,105.20,106.90,108.60,109.56,111.30,120.54,122.80,159.17,167.81,571.40,579.40,587.10,594.70,616.60,619.70,622.90,626.00,628.50,630.90,632.30,632.60,632.90,633.40,630.90,634.30,637.06,640.75,644.34,649.12,654.20,659.80,665.30,671.50,677.60,683.33,690.37,685.24,689.42,661.14,659.05
Lao Cai,550.10,562.80,574.50,585.90,598.50,607.40,616.60,625.70,634.20,573.90,581.40,590.20,598.30,606.50,615.80,626.92,638.15,649.51,661.00,672.64,684.50,696.50,708.60,720.80,733.30,746.36,761.89,770.59,779.92,792.21,801.48,275.00,281.50,287.20,292.90,298.80,303.30,307.60,312.10,316.00,285.70,289.40,294.50,299.20,304.50,309.90,315.78,321.77,327.84,333.99,340.23,346.60,353.00,359.50,366.10,372.90,380.10,387.09,393.00,397.85,403.94,408.05,275.10,281.30,287.30,293.00,299.70,304.10,309.00,313.60,318.20,288.20,292.00,295.70,299.10,302.00,305.90,311.15,316.38,321.67,327.01,332.41,337.90,343.40,349.00,354.70,360.40,366.25,374.80,377.59,382.07,388.27,393.44,..,97.60,101.50,102.00,103.70,103.20,105.10,106.90,108.70,112.20,119.90,123.00,125.90,129.10,130.40,133.35,143.58,146.72,150.64,153.90,157.20,159.80,162.00,167.00,171.50,197.21,201.90,206.50,210.97,215.02,154.82,455.90,465.20,473.00,483.90,494.80,504.20,511.50,518.80,525.50,461.70,461.50,467.20,472.40,477.40,485.40,493.58,494.56,502.78,510.36,518.74,527.20,536.60,546.60,553.80,561.80,549.15,559.99,564.09,568.95,577.19,646.66
Yen Bai,647.70,655.90,664.50,673.10,682.10,688.00,694.10,700.10,706.80,713.50,719.50,725.40,731.60,737.50,741.70,751.29,758.65,765.69,774.58,783.53,793.10,800.30,807.30,814.60,823.00,831.59,842.67,847.25,855.53,864.38,874.19,322.70,327.10,331.50,336.00,340.40,343.20,346.50,349.20,352.20,355.50,358.10,360.50,363.70,367.70,370.70,375.66,379.82,384.12,388.46,392.71,397.80,401.70,405.60,409.50,414.10,419.10,424.66,427.31,431.73,436.30,441.38,325.00,328.80,333.00,337.10,341.70,344.80,347.60,350.90,354.60,358.00,361.40,364.90,367.90,369.80,371.00,375.63,378.82,381.57,386.12,390.83,395.30,398.70,401.70,405.00,409.00,412.49,418.01,419.93,423.80,428.08,432.80,..,123.90,126.70,132.00,133.80,135.00,136.00,137.20,138.60,140.60,141.50,142.60,143.20,143.50,144.20,142.76,144.38,146.05,147.77,156.04,158.00,159.20,160.50,161.90,163.30,171.59,174.73,176.65,179.20,181.26,199.25,524.30,532.00,537.80,541.10,548.30,553.00,558.10,562.90,568.20,572.90,578.00,582.80,588.40,594.00,597.50,608.53,614.26,619.64,626.82,627.50,635.10,641.10,646.80,652.70,659.80,660.00,667.94,670.60,676.33,683.12,674.93
Thai  Nguyen,1005.00,1020.60,1029.60,1038.50,1047.80,1055.50,1063.60,1071.00,1079.50,1089.00,1098.50,1106.50,1113.00,1120.30,1125.40,1131.28,1139.44,1149.08,1155.99,1198.17,1230.80,1242.80,1256.10,1273.60,1290.90,1307.87,1323.15,1335.99,1350.35,1365.20,1380.08,492.60,500.00,507.30,514.90,522.20,525.90,529.90,533.60,538.00,544.30,549.40,553.80,556.30,558.40,556.50,558.91,561.67,566.42,569.82,588.30,602.30,608.20,615.50,623.30,631.10,638.93,646.25,652.26,659.07,666.16,673.73,512.40,520.60,522.30,523.60,525.60,529.60,533.70,537.40,541.50,544.70,549.10,552.70,556.70,561.90,568.90,572.36,577.78,582.67,586.17,609.87,628.50,634.60,640.70,650.30,659.90,668.94,676.90,683.72,691.28,699.04,706.35,..,204.30,210.00,212.00,219.90,233.90,239.50,245.10,251.10,257.40,263.90,270.10,276.10,282.40,287.80,293.56,322.21,326.90,344.21,347.72,387.80,392.50,399.40,405.20,413.90,419.68,425.30,525.56,548.86,556.07,586.73,804.00,816.30,819.60,826.50,827.90,821.60,824.10,825.90,828.40,831.60,834.60,836.40,836.90,837.90,837.60,837.72,817.24,822.19,811.78,850.45,843.00,850.30,856.70,868.30,877.10,888.19,897.80,810.43,801.49,809.13,793.35
Lang Son,679.20,689.20,694.70,700.20,705.90,707.90,710.50,713.20,716.70,720.50,724.10,726.30,728.20,730.70,733.20,736.29,740.91,745.13,748.94,752.59,757.80,763.40,768.70,775.90,782.80,788.71,796.94,802.09,807.31,813.99,820.63,333.70,338.80,342.60,346.50,350.30,351.10,352.40,353.80,355.60,358.20,359.30,361.10,362.00,363.80,364.90,367.37,370.68,373.81,376.75,379.61,383.30,387.20,390.90,395.60,400.00,403.41,406.85,410.34,413.05,416.49,419.92,345.50,350.40,352.10,353.70,355.60,356.80,358.10,359.40,361.10,362.30,364.80,365.20,366.20,366.90,368.30,368.92,370.23,371.32,372.20,372.98,374.50,376.20,377.80,380.20,382.80,385.30,390.09,391.76,394.27,397.50,400.72,..,122.30,125.40,128.10,133.50,130.80,132.00,133.10,134.50,135.90,137.20,138.30,139.40,140.60,140.60,142.14,143.97,145.74,147.45,149.15,151.20,153.30,155.40,157.80,160.30,181.72,183.89,185.87,187.12,192.32,138.53,563.90,566.90,569.30,572.10,572.40,577.10,578.50,580.10,582.20,584.60,586.90,588.00,588.80,590.10,592.60,594.16,596.94,599.39,601.49,603.45,606.60,610.10,613.30,618.00,622.50,606.99,613.00,616.22,620.19,621.67,682.10
Bac Giang,1431.00,1451.40,1468.30,1477.40,1495.70,1502.70,1509.10,1515.80,1522.60,1530.30,1537.30,1543.00,1548.80,1554.60,1556.90,1569.14,1586.02,1607.77,1630.65,1646.86,1667.00,1696.90,1736.80,1777.50,1810.40,1841.62,1875.24,1890.93,1922.74,1962.60,1997.92,700.40,716.30,725.20,730.70,739.50,742.60,745.70,749.10,752.80,756.60,760.00,762.90,765.80,771.90,771.80,778.88,788.23,800.02,812.41,821.50,832.50,848.50,869.60,891.10,908.70,925.46,941.82,952.95,968.92,989.01,1006.59,730.60,735.10,743.10,746.70,756.20,760.10,763.40,766.70,769.80,773.70,777.30,780.10,783.00,782.70,785.10,790.26,797.80,807.75,818.24,825.36,834.40,848.30,867.20,886.50,901.70,916.17,933.42,937.97,953.82,973.59,991.34,..,83.30,96.10,108.70,111.60,124.30,127.00,129.70,132.50,135.40,138.40,141.20,144.20,147.20,146.00,150.13,154.81,160.10,165.66,186.08,189.10,193.10,198.20,202.90,207.40,333.98,341.66,370.34,379.36,475.54,681.96,1349.00,1368.10,1372.20,1368.70,1384.10,1378.40,1382.10,1386.10,1390.10,1394.90,1398.90,1401.80,1404.60,1407.40,1410.90,1419.02,1431.22,1447.67,1464.99,1460.78,1477.90,1503.80,1538.60,1574.60,1603.10,1507.65,1533.58,1520.59,1543.38,1487.06,1315.96
Phu Tho,1211.70,1224.80,1237.90,1250.80,1263.80,1270.10,1276.00,1281.40,1286.30,1291.70,1297.30,1301.50,1305.60,1311.50,1316.60,1322.65,1329.34,1340.81,1355.24,1373.67,1392.30,1409.00,1430.50,1449.60,1466.40,1481.88,1507.50,1516.92,1530.85,1543.88,1559.32,592.90,600.00,607.10,614.40,620.80,623.50,626.40,629.10,631.80,635.00,638.20,639.80,641.80,646.20,647.30,653.36,655.58,661.12,669.05,678.85,688.80,697.70,709.90,719.80,729.30,735.60,747.82,756.09,762.57,769.39,777.03,618.80,624.80,630.80,636.40,643.00,646.60,649.60,652.30,654.50,656.70,659.10,661.70,663.80,665.30,669.30,669.29,673.76,679.70,686.20,694.83,703.50,711.30,720.60,729.80,737.10,746.29,759.72,760.83,768.28,774.49,782.29,..,119.60,173.50,175.80,179.90,180.60,183.70,186.80,189.90,193.20,196.40,199.60,202.70,206.20,208.50,239.40,240.86,242.83,248.04,252.57,255.70,258.50,262.00,265.40,269.40,281.83,287.90,293.52,297.27,301.31,311.02,1094.50,1105.20,1064.40,1075.00,1083.90,1089.50,1092.30,1094.60,1096.40,1098.50,1100.90,1101.90,1102.90,1105.30,1108.10,1083.26,1088.49,1097.98,1107.20,1121.11,1136.60,1150.50,1168.40,1184.20,1197.00,1200.06,1219.58,1223.40,1233.58,1242.57,1248.29
Dien Bien,..,..,..,..,..,..,..,..,..,423.30,438.50,452.70,466.00,479.30,490.80,501.75,512.80,523.88,534.97,546.06,557.10,568.30,579.40,590.50,601.70,613.48,625.09,635.92,646.18,656.71,667.42,..,..,..,..,..,..,..,..,..,212.50,219.90,227.10,233.80,240.50,245.50,251.34,257.21,263.10,269.01,274.92,280.90,286.90,292.90,298.90,305.00,311.46,317.36,322.96,328.15,333.50,338.91,..,..,..,..,..,..,..,..,..,210.80,218.60,225.60,232.20,238.80,245.30,250.41,255.59,260.78,265.96,271.14,276.30,281.40,286.50,291.60,296.60,302.02,307.80,312.96,318.04,323.21,328.51,..,..,..,..,..,..,..,..,..,68.30,70.60,72.50,74.20,74.50,73.50,74.70,75.88,77.09,78.35,79.64,81.00,82.30,83.70,85.10,86.60,93.17,95.00,96.67,98.25,99.84,92.61,..,..,..,..,..,..,..,..,..,355.00,367.90,380.20,391.80,404.80,417.30,427.05,436.92,446.79,456.61,466.42,476.20,486.00,495.70,505.40,515.10,520.31,530.09,539.25,547.94,556.87,574.81
Lai Chau,535.50,549.50,562.80,576.70,593.60,616.80,638.70,661.60,684.70,351.30,356.70,360.70,364.40,367.90,371.40,381.20,392.88,402.95,414.55,421.46,427.90,436.30,444.50,453.40,462.60,469.81,478.43,482.10,489.28,495.47,501.16,270.40,277.60,284.40,291.60,300.10,311.70,322.80,334.40,344.60,176.50,179.50,181.30,183.20,186.50,189.90,194.18,200.13,205.26,211.17,214.69,218.00,222.30,226.40,231.00,235.70,238.42,242.28,244.26,247.93,250.45,253.67,265.10,271.90,278.40,285.10,293.50,305.10,315.90,327.20,340.10,174.80,177.20,179.40,181.20,181.40,181.50,187.02,192.75,197.69,203.38,206.77,209.90,214.10,218.10,222.40,227.00,231.39,236.15,237.84,241.36,245.02,247.49,..,63.50,65.30,71.20,72.80,75.00,79.00,83.00,107.00,45.60,46.70,47.60,48.50,49.40,53.30,55.89,57.60,59.08,60.78,61.79,62.70,64.00,65.20,66.50,67.80,82.22,84.66,85.29,86.47,87.57,59.27,472.60,486.00,497.50,505.50,520.80,541.80,559.70,578.60,577.70,305.70,310.00,313.10,315.90,318.50,318.10,325.32,335.28,343.88,353.78,359.67,365.20,372.40,379.30,386.90,394.80,387.59,393.77,396.81,402.81,407.91,441.89
Son La,811.70,833.40,855.00,877.00,886.50,909.90,931.40,953.00,974.50,994.60,1014.50,1033.50,1050.80,1067.20,1079.20,1097.52,1115.21,1129.87,1143.91,1159.74,1177.40,1194.90,1213.40,1233.10,1252.70,1270.56,1287.72,1300.13,1313.34,1330.58,1341.22,408.30,419.10,429.20,438.80,446.40,456.20,467.00,477.80,489.10,500.10,509.20,519.70,528.40,529.70,542.60,552.22,561.57,569.42,576.96,585.41,594.80,604.10,614.00,624.40,635.00,644.48,653.49,659.79,666.56,675.35,680.52,403.40,414.30,425.80,438.20,440.10,453.70,464.40,475.20,485.40,494.50,505.30,513.80,522.40,537.50,536.60,545.30,553.64,560.46,566.96,574.33,582.60,590.80,599.50,608.60,617.70,626.07,634.23,640.34,646.78,655.23,660.70,..,104.60,108.40,110.30,111.80,103.30,108.20,113.20,118.40,123.60,128.90,134.30,139.70,145.10,148.70,151.28,153.79,155.90,157.92,160.19,162.70,165.20,167.90,170.70,173.50,176.10,180.07,181.80,185.63,191.71,186.38,709.00,728.80,746.60,766.70,774.70,806.60,823.20,839.80,856.10,871.00,885.60,899.20,911.10,922.10,930.50,946.25,961.41,973.98,986.00,999.56,1014.70,1029.70,1045.60,1062.40,1079.20,1094.46,1107.65,1118.32,1127.70,1138.87,1154.85
Hoa Binh,718.50,730.00,741.60,751.80,759.70,770.50,783.30,796.80,810.90,827.10,843.80,858.60,872.80,778.00,786.40,794.22,802.18,808.43,812.75,819.62,828.60,837.00,845.00,850.40,855.80,861.22,871.72,875.38,880.47,894.50,903.45,352.60,360.60,368.00,373.80,377.20,381.50,387.70,394.50,401.90,411.10,418.10,426.80,434.00,379.50,390.20,394.39,398.64,402.04,404.49,408.22,413.00,417.50,421.80,424.80,427.80,432.76,438.04,440.70,443.31,450.40,453.15,365.90,369.40,373.60,378.00,382.50,389.00,395.60,402.30,409.00,416.00,425.70,431.80,438.80,398.50,396.20,399.83,403.54,406.39,408.25,411.40,415.60,419.50,423.20,425.60,428.00,428.46,433.68,434.68,437.17,444.11,450.30,..,102.80,104.50,104.30,105.20,106.80,109.30,114.10,121.40,126.20,129.60,130.90,132.30,123.60,117.80,119.57,121.37,122.93,124.20,125.88,127.90,129.80,131.70,133.20,134.70,205.41,208.79,222.63,226.06,234.10,240.16,615.60,627.20,637.10,647.50,654.50,663.70,674.00,682.70,689.50,700.90,714.20,727.70,740.50,654.40,668.60,674.65,680.81,685.50,688.55,693.74,700.70,707.10,713.20,717.20,721.10,655.81,662.94,652.75,654.42,660.40,663.29
Northern Central area and Central coastal area,17201.20,17436.20,17674.00,17912.40,18134.50,18218.30,18305.40,18384.20,18459.60,18538.50,18608.60,18667.40,18729.10,18797.90,18855.70,18986.89,19116.29,19253.84,19391.97,19511.45,19653.70,19802.50,19949.00,20085.10,20220.40,20343.18,20584.91,20655.16,20768.65,20960.53,21102.60,8432.80,8553.50,8671.50,8796.30,8902.90,8941.00,8984.00,9023.30,9064.30,9109.20,9142.60,9177.70,9206.90,9269.00,9323.10,9389.37,9458.09,9532.12,9604.72,9670.78,9748.90,9830.60,9909.90,9985.80,10062.10,10120.51,10243.78,10312.49,10371.83,10468.19,10526.96,8768.40,8882.70,9002.50,9116.10,9231.60,9277.30,9321.40,9360.90,9395.30,9429.30,9466.00,9489.70,9522.20,9528.90,9532.60,9597.52,9658.20,9721.72,9787.25,9840.67,9904.80,9971.90,10039.00,10099.30,10158.40,10222.67,10341.13,10342.68,10396.82,10492.35,10575.64,..,2904.50,3113.00,3256.40,3361.50,3543.10,3642.80,3762.00,3878.20,3987.50,4094.60,4199.60,4309.70,4432.40,4555.20,4718.68,4857.04,4994.12,5106.11,5258.40,5404.70,5487.60,5567.80,5642.60,5745.00,6409.13,6681.29,6770.88,6894.62,7005.15,7089.61,14363.90,14531.70,14561.00,14656.00,14773.00,14675.20,14662.60,14622.20,14581.40,14551.00,14514.00,14467.80,14419.40,14365.50,14300.50,14268.21,14259.25,14259.73,14285.85,14253.06,14249.00,14314.90,14381.20,14442.40,14475.40,13934.04,13903.61,13884.33,13874.03,13955.39,14012.99
Thanh Hoa,3337.70,3375.90,3414.10,3448.50,3474.50,3468.20,3464.00,3457.80,3449.80,3442.60,3436.40,3428.00,3417.30,3408.80,3404.30,3415.79,3427.59,3449.44,3484.77,3507.09,3537.00,3570.80,3603.70,3631.30,3645.80,3664.94,3716.43,3722.06,3739.48,3764.24,3771.77,1630.00,1649.50,1667.00,1685.40,1698.70,1694.80,1692.70,1689.70,1687.00,1686.40,1682.10,1679.30,1675.20,1687.70,1682.30,1689.67,1697.15,1709.63,1728.82,1741.58,1758.10,1776.70,1794.80,1810.30,1819.30,1821.48,1848.07,1858.34,1867.22,1879.70,1884.00,1707.70,1726.40,1747.10,1763.10,1775.80,1773.40,1771.30,1768.10,1762.80,1756.20,1754.30,1748.70,1742.10,1721.10,1722.00,1726.12,1730.43,1739.81,1755.95,1765.51,1778.90,1794.20,1808.90,1821.00,1826.50,1843.47,1868.35,1863.72,1872.26,1884.54,1887.77,..,283.80,300.10,310.80,322.40,319.20,323.30,327.30,331.10,335.10,339.20,343.10,346.80,350.80,355.30,368.65,383.28,400.07,419.20,437.33,457.10,478.60,500.80,523.80,547.20,853.28,993.39,1029.90,1036.13,1058.18,868.81,3063.80,3092.10,3114.00,3137.70,3152.10,3149.00,3140.70,3130.50,3118.70,3107.50,3097.20,3084.90,3070.50,3058.00,3049.00,3047.14,3044.31,3049.37,3065.58,3069.76,3079.90,3092.30,3102.90,3107.50,3098.60,2811.66,2723.04,2692.16,2703.35,2706.07,2902.96
Nghe An,2714.90,2752.80,2791.30,2829.40,2865.20,2871.10,2877.00,2881.60,2884.90,2890.00,2895.60,2900.10,2905.20,2912.10,2914.50,2954.73,2996.14,3035.99,3076.38,3116.33,3160.60,3203.10,3246.70,3291.40,3337.20,3365.20,3409.81,3419.99,3441.97,3472.29,3497.75,1340.10,1358.30,1376.50,1395.20,1411.40,1413.60,1416.50,1418.80,1419.10,1420.30,1421.80,1423.10,1424.60,1438.40,1446.80,1464.70,1485.20,1506.14,1525.51,1549.59,1574.10,1597.70,1620.00,1643.90,1669.50,1684.95,1708.42,1711.83,1724.50,1740.47,1753.24,1374.80,1394.50,1414.80,1434.20,1453.80,1457.50,1460.50,1462.80,1465.80,1469.70,1473.80,1477.00,1480.60,1473.70,1467.70,1490.03,1510.94,1529.85,1550.87,1566.74,1586.50,1605.40,1626.70,1647.50,1667.70,1680.24,1701.39,1708.16,1717.48,1731.82,1744.52,..,267.60,278.00,281.70,292.40,296.10,303.40,310.80,318.30,326.10,334.10,342.20,350.60,359.50,375.10,379.88,398.78,408.16,455.11,460.40,465.10,471.80,478.40,483.90,490.50,521.61,529.48,530.45,540.04,546.00,632.50,2451.70,2485.20,2513.30,2547.70,2572.80,2575.00,2573.60,2570.80,2566.60,2563.90,2561.50,2557.90,2554.60,2552.60,2539.40,2574.84,2597.36,2627.83,2621.26,2655.94,2695.50,2731.30,2768.30,2807.50,2846.70,2843.59,2880.33,2889.54,2901.93,2926.29,2865.25
Ha Tinh,1247.70,1253.20,1258.60,1264.40,1271.10,1268.40,1265.10,1260.80,1256.30,1252.20,1247.80,1243.60,1239.00,1234.00,1227.80,1232.66,1236.71,1242.09,1247.56,1255.25,1261.30,1266.70,1274.20,1280.50,1290.30,1296.62,1314.06,1317.25,1323.75,1329.83,1335.14,611.30,614.50,617.50,620.90,623.90,622.30,620.70,618.60,616.60,621.80,616.40,617.50,615.20,592.40,607.10,609.83,612.17,615.17,618.22,622.37,625.70,628.70,632.80,636.30,641.50,642.16,650.79,655.10,658.39,661.22,664.73,636.40,638.70,641.10,643.50,647.20,646.10,644.40,642.20,639.70,630.40,631.40,626.10,623.80,641.60,620.70,622.83,624.54,626.92,629.34,632.88,635.60,638.00,641.40,644.20,648.80,654.46,663.26,662.16,665.35,668.61,670.42,..,89.60,93.50,110.20,113.80,124.40,130.00,135.80,141.80,148.10,154.70,161.50,168.60,176.00,183.50,189.33,195.25,201.57,208.11,215.23,222.30,229.50,237.30,245.10,253.90,287.77,293.01,293.70,298.05,300.38,274.77,1160.40,1163.60,1165.10,1154.20,1157.30,1144.00,1135.10,1125.00,1114.50,1104.10,1093.10,1082.10,1070.40,1058.00,1044.30,1043.33,1041.46,1040.52,1039.45,1040.02,1039.00,1037.20,1037.00,1035.40,1036.40,1008.86,1021.10,1023.60,1025.70,1029.45,1060.37
Quang Binh,746.10,758.20,771.00,783.90,795.80,802.10,808.10,814.80,819.80,825.00,830.30,834.50,838.50,843.50,845.00,849.46,854.57,859.79,865.02,870.49,875.60,880.60,885.70,891.10,896.60,901.98,910.66,913.86,918.66,924.76,931.92,368.70,374.80,381.20,387.90,393.60,396.50,399.50,402.80,405.30,408.00,412.60,415.70,417.70,421.50,423.30,424.68,427.13,429.50,432.15,435.08,437.80,440.50,443.30,446.80,449.90,452.85,457.40,460.27,462.73,465.40,468.54,377.40,383.40,389.80,396.00,402.20,405.60,408.60,412.00,414.50,417.00,417.70,418.80,420.80,422.00,421.70,424.78,427.44,430.30,432.87,435.41,437.80,440.20,442.40,444.30,446.70,449.14,453.20,453.60,455.93,459.36,463.39,..,73.40,78.50,82.30,87.10,90.60,95.50,100.00,105.50,110.30,115.00,118.70,122.00,125.30,127.60,129.46,131.43,133.22,135.08,173.92,176.60,179.60,182.30,185.20,188.20,207.11,210.07,211.70,214.87,217.25,201.34,676.20,684.80,692.50,701.60,708.70,711.50,712.60,714.80,714.30,714.70,715.30,715.80,716.50,718.20,717.40,720.00,723.15,726.57,729.94,696.57,699.00,701.00,703.40,706.00,708.40,694.87,700.59,702.16,703.79,707.50,730.59
Quang Tri,534.90,544.80,555.00,565.40,574.90,577.60,580.80,583.90,586.30,588.60,590.30,591.90,594.10,596.70,598.60,601.57,604.72,607.77,611.00,614.37,617.90,621.60,625.40,629.70,633.40,637.39,647.79,650.95,654.20,659.21,662.21,262.20,267.40,272.70,278.20,283.00,284.20,285.80,287.30,290.00,291.00,292.00,292.60,293.70,296.00,295.40,297.03,298.72,300.37,302.10,303.90,305.80,307.80,309.80,312.10,314.10,316.01,321.79,324.03,325.83,328.51,330.13,272.70,277.40,282.30,287.20,291.90,293.40,295.00,296.60,296.30,297.60,298.30,299.30,300.40,300.70,303.20,304.54,306.00,307.41,308.90,310.46,312.10,313.80,315.50,317.70,319.40,321.37,326.00,326.92,328.37,330.70,332.08,..,107.80,118.00,126.70,137.30,137.30,140.40,143.50,146.50,149.50,152.50,155.50,158.70,162.00,167.60,170.16,172.81,175.45,178.19,181.01,183.90,186.90,190.00,193.20,196.40,206.86,210.96,212.59,214.25,216.04,128.01,434.60,437.00,437.00,438.70,437.60,440.30,440.40,440.40,439.80,439.10,437.80,436.40,435.40,434.70,431.00,431.40,431.91,432.32,432.81,433.36,434.00,434.70,435.40,436.50,437.10,430.52,436.83,438.36,439.95,443.17,534.20
Hue,999.30,1011.20,1023.10,1035.60,1049.10,1052.10,1056.30,1060.10,1064.20,1068.60,1072.90,1076.90,1081.00,1084.90,1087.60,1092.94,1100.77,1105.78,1109.80,1111.58,1114.70,1118.00,1123.40,1125.40,1129.50,1133.59,1153.80,1160.22,1166.55,1178.55,1190.34,491.20,497.70,504.10,510.90,517.60,518.90,520.90,522.80,523.80,524.90,526.10,529.50,531.00,533.80,537.40,540.11,544.06,546.62,548.69,549.66,551.30,553.00,555.70,556.90,559.00,561.24,571.24,578.22,581.43,587.41,593.29,508.10,513.50,519.00,524.70,531.50,533.20,535.40,537.30,540.40,543.70,546.80,547.40,550.00,551.10,550.20,552.84,556.72,559.16,561.11,561.93,563.40,565.00,567.60,568.60,570.50,572.35,582.50,582.00,585.11,591.14,597.05,..,262.30,282.00,284.40,290.00,314.70,322.60,330.60,338.90,347.50,356.30,365.10,374.20,383.50,391.20,471.82,522.21,534.09,536.70,540.01,542.00,543.90,548.30,548.10,563.40,562.32,609.38,612.83,616.23,622.59,813.28,739.50,748.90,741.10,751.20,759.10,737.40,733.70,729.50,725.30,721.10,716.60,711.80,706.80,701.40,696.40,621.12,578.57,571.69,573.10,571.58,572.70,574.10,575.00,577.40,566.10,571.27,544.42,547.40,550.31,555.96,377.06
Da Nang,637.30,649.30,661.80,674.40,687.30,706.10,723.10,739.70,760.70,784.80,805.70,825.90,847.50,868.80,894.50,937.22,968.65,996.29,1017.33,1033.93,1056.30,1080.30,1097.80,1114.40,1141.10,1169.48,1195.49,1220.19,1245.21,1276.00,1304.72,312.20,318.40,324.70,331.30,337.60,346.70,355.00,363.10,375.70,379.60,395.80,400.50,409.90,427.10,441.20,462.21,477.68,491.28,501.62,509.77,520.80,532.60,541.20,549.30,562.40,578.57,591.43,604.48,617.13,632.42,645.20,325.10,330.90,337.10,343.10,349.70,359.40,368.10,376.60,385.00,405.20,409.90,425.40,437.60,441.70,453.30,475.01,490.97,505.02,515.71,524.16,535.50,547.70,556.60,565.10,578.70,590.92,604.06,615.71,628.09,643.58,659.52,..,433.80,520.60,528.20,541.50,565.60,584.40,603.20,626.00,651.70,675.10,698.30,723.00,747.90,777.00,814.34,841.94,866.26,884.86,899.61,919.40,940.60,956.10,970.90,994.60,1020.44,1044.33,1067.07,1091.34,1120.46,1227.52,211.20,215.50,141.20,146.20,145.80,140.50,138.70,136.50,134.70,133.10,130.60,127.60,124.50,120.90,117.50,122.88,126.71,130.03,132.47,134.33,136.90,139.70,141.60,143.40,146.50,149.04,151.16,153.12,153.88,155.54,77.20
Quang  Nam,1322.00,1335.30,1348.10,1361.80,1375.80,1382.50,1388.80,1394.30,1398.60,1403.00,1407.40,1410.80,1413.90,1417.80,1423.00,1429.72,1436.83,1443.98,1451.37,1459.79,1468.20,1475.70,1483.30,1490.80,1497.50,1505.04,1518.48,1519.38,1526.06,1543.94,1551.66,639.10,645.90,652.20,659.40,665.80,668.70,671.80,674.50,676.10,679.30,681.30,683.40,684.60,689.00,693.30,697.01,701.28,705.61,710.09,714.72,719.40,724.00,728.50,732.80,736.50,740.36,746.97,750.47,753.84,762.72,765.95,682.90,689.40,695.90,702.40,710.00,713.80,717.00,719.80,722.50,723.70,726.10,727.40,729.30,728.80,729.70,732.71,735.55,738.37,741.28,745.07,748.70,751.70,754.80,757.90,760.90,764.69,771.51,768.91,772.21,781.22,785.71,..,181.60,188.40,191.80,197.40,209.40,215.20,221.10,226.90,232.90,239.00,245.20,251.40,257.90,264.00,270.03,273.21,276.54,279.85,283.46,359.90,363.90,368.40,373.10,379.60,396.20,401.26,407.39,469.14,474.84,400.16,1143.80,1153.70,1159.70,1170.00,1178.40,1173.10,1173.60,1173.20,1171.70,1170.10,1168.40,1165.60,1162.50,1159.90,1159.00,1159.69,1163.62,1167.44,1171.52,1176.33,1108.30,1111.80,1114.90,1117.70,1117.80,1108.84,1117.22,1111.99,1056.92,1069.10,1151.50
Quang  Ngai,1149.00,1159.70,1170.40,1181.40,1191.90,1194.30,1197.80,1200.60,1203.20,1206.50,1210.00,1212.60,1214.80,1217.00,1217.20,1218.70,1220.12,1221.83,1223.05,1224.52,1226.20,1227.50,1228.90,1230.50,1231.90,1233.40,1244.13,1245.65,1248.11,1259.90,1268.72,559.50,565.10,570.50,576.40,581.20,582.90,584.70,586.40,587.90,589.70,592.10,594.20,596.10,598.50,600.00,600.96,601.90,602.84,603.59,604.54,605.50,606.20,607.20,608.20,608.90,609.70,615.01,620.10,621.38,627.29,631.27,589.50,594.60,599.90,605.00,610.70,611.40,613.10,614.20,615.30,616.80,617.90,618.40,618.70,618.50,617.20,617.74,618.21,618.99,619.46,619.98,620.70,621.20,621.80,622.40,623.00,623.70,629.12,625.55,626.73,632.61,637.45,..,115.00,121.50,126.10,132.00,134.10,136.50,153.60,169.80,171.30,173.00,174.10,175.60,177.30,178.00,180.23,182.48,184.79,187.06,189.40,191.80,194.20,196.60,199.10,201.50,260.18,262.66,272.22,272.96,280.86,289.17,1038.20,1044.70,1048.90,1055.30,1059.90,1060.20,1061.30,1047.00,1033.40,1035.20,1037.00,1038.50,1039.20,1039.70,1039.20,1038.47,1037.64,1037.04,1035.99,1035.12,1034.40,1033.30,1032.40,1031.50,1030.40,973.21,981.48,973.43,975.16,979.03,979.54
Binh Dinh,1394.40,1412.70,1431.30,1449.60,1465.20,1466.10,1468.40,1470.70,1473.10,1475.50,1477.80,1480.10,1482.30,1485.60,1487.40,1487.42,1487.46,1487.51,1487.55,1487.60,1487.60,1487.70,1487.70,1487.80,1487.80,1487.90,1508.32,1504.29,1506.33,1518.45,1527.77,676.20,685.50,694.80,704.30,711.50,711.60,712.70,713.90,715.40,718.70,719.80,720.90,722.80,725.30,725.10,725.54,726.15,726.40,726.14,726.00,726.90,727.80,729.10,730.70,732.70,732.81,742.87,747.88,748.97,755.04,758.95,718.20,727.20,736.50,745.30,753.70,754.50,755.70,756.80,757.70,756.80,758.00,759.20,759.50,760.30,762.30,761.89,761.31,761.11,761.41,761.60,760.80,759.90,758.70,757.10,755.10,755.10,765.46,756.41,757.36,763.41,768.82,..,268.20,279.20,344.40,353.10,355.00,361.00,367.10,373.40,379.70,386.20,392.70,399.40,406.50,412.50,415.74,418.95,467.51,468.86,470.22,471.50,472.90,474.20,475.50,476.80,599.85,620.81,619.65,620.87,627.85,675.28,1132.00,1144.50,1152.10,1105.20,1112.10,1111.10,1107.40,1103.60,1099.70,1095.80,1091.60,1087.40,1082.90,1079.10,1074.90,1071.68,1068.51,1020.00,1018.69,1017.38,1016.10,1014.80,1013.50,1012.20,1011.00,888.05,887.51,884.64,885.46,890.61,852.49
Phu Yen,740.30,752.30,764.40,777.10,790.50,799.60,808.40,816.80,824.80,832.00,838.20,844.30,850.30,856.70,862.40,863.15,863.96,864.87,865.28,865.67,866.20,868.20,870.00,871.50,873.20,874.30,875.54,876.62,877.70,885.16,887.74,365.80,372.10,378.30,385.10,391.60,396.00,400.30,404.50,408.60,412.90,415.20,420.00,422.00,427.10,431.60,432.23,432.86,433.71,434.06,434.37,434.80,436.10,437.20,438.20,439.20,439.70,440.31,441.87,442.46,446.24,447.54,374.50,380.20,386.10,392.00,398.90,403.60,408.10,412.30,416.20,419.10,423.00,424.30,428.30,429.60,430.80,430.91,431.10,431.16,431.22,431.30,431.30,432.10,432.80,433.30,433.90,434.59,435.22,434.75,435.25,438.92,440.19,..,137.90,143.20,145.90,150.20,151.90,156.00,160.10,164.20,168.30,172.20,176.20,180.20,184.50,198.80,199.38,199.83,200.20,200.39,247.98,248.20,249.30,249.90,250.50,251.00,285.90,286.32,286.68,287.05,292.10,339.71,605.00,614.40,621.20,631.20,640.30,647.70,652.40,656.70,660.60,663.70,666.00,668.10,670.10,672.20,663.60,663.77,664.14,664.67,664.89,617.69,618.00,618.80,620.20,621.00,622.20,588.39,589.21,589.94,590.65,593.06,548.02
Khanh  Hoa,959.40,978.00,996.70,1016.20,1034.90,1049.60,1063.80,1077.20,1091.10,1104.00,1115.00,1125.20,1137.50,1149.30,1158.20,1161.95,1170.24,1177.60,1184.92,1192.15,1198.40,1207.20,1216.30,1224.50,1232.80,1240.44,1248.06,1253.97,1260.62,1269.29,1279.12,473.60,483.30,492.80,503.00,512.10,519.10,526.20,532.80,539.90,548.10,552.60,558.70,564.70,570.40,571.90,574.22,578.76,583.30,588.26,590.96,594.50,599.30,604.30,608.90,613.50,617.70,621.40,625.30,628.61,632.83,629.49,485.80,494.70,503.90,513.20,522.80,530.50,537.60,544.40,551.20,555.90,562.40,566.50,572.80,578.90,586.30,587.73,591.48,594.31,596.66,601.19,603.90,607.80,612.00,615.60,619.40,622.74,626.66,628.67,632.01,636.46,649.63,..,351.00,362.90,368.20,377.00,385.90,394.50,402.90,411.60,420.10,427.90,435.50,444.00,452.50,461.00,465.27,471.44,477.69,483.10,489.09,494.60,501.50,508.20,514.70,521.30,525.87,528.74,531.19,534.36,538.12,665.12,613.70,627.00,633.80,648.00,657.90,663.70,669.30,674.30,679.50,683.90,687.10,689.70,693.50,696.80,697.20,696.68,698.80,699.91,701.81,703.06,703.80,705.70,708.10,709.80,711.50,714.56,719.32,722.78,726.26,731.17,614.00
Ninh  Thuan,466.50,476.60,487.10,497.70,507.40,516.70,525.80,532.50,538.20,543.50,547.90,551.40,555.80,560.70,565.80,566.87,567.85,571.31,573.28,575.42,578.30,581.50,585.40,588.90,591.00,593.64,596.05,598.68,601.22,612.69,619.43,230.10,235.20,240.40,245.80,250.30,254.80,259.30,262.60,265.50,268.80,270.40,272.70,274.90,278.40,282.00,282.69,283.35,285.25,286.41,287.65,289.30,291.00,293.20,295.10,296.40,299.88,301.10,303.43,304.74,310.58,312.20,236.40,241.40,246.70,251.90,257.10,261.90,266.50,269.90,272.70,274.70,277.50,278.70,280.90,282.30,283.80,284.18,284.50,286.06,286.88,287.77,289.00,290.50,292.20,293.80,294.70,293.76,294.90,295.25,296.47,302.11,307.23,..,106.50,112.00,115.70,120.40,126.90,134.80,146.70,150.30,158.50,166.80,175.20,184.30,202.60,204.10,204.28,204.46,205.52,206.05,206.64,207.50,208.40,209.60,210.70,211.30,209.60,211.04,212.26,213.43,221.71,207.49,363.40,370.10,375.10,382.00,387.00,389.80,391.00,385.80,387.90,385.00,381.10,376.20,371.50,358.10,361.70,362.59,363.40,365.79,367.23,368.79,370.80,373.10,375.70,378.10,379.70,384.05,385.01,386.42,387.78,390.98,411.94
Binh Thuan,951.70,976.20,1001.10,1027.00,1050.90,1063.90,1078.00,1093.40,1108.60,1122.20,1133.30,1142.10,1151.90,1162.00,1169.40,1174.71,1180.68,1189.59,1194.66,1197.26,1205.40,1213.60,1220.50,1227.30,1232.30,1239.26,1246.31,1252.06,1258.79,1266.22,1274.31,472.80,485.80,498.80,512.50,524.60,530.90,537.90,545.50,553.40,559.70,564.40,569.60,574.50,583.40,585.70,588.49,591.67,596.34,599.08,600.58,604.90,609.20,612.80,616.50,619.20,623.10,626.97,631.19,634.59,638.34,642.44,478.90,490.40,502.30,514.50,526.30,533.00,540.10,547.90,555.20,562.50,568.90,572.50,577.40,578.60,583.70,586.22,589.00,593.25,595.58,596.68,600.60,604.40,607.60,610.80,613.10,616.15,619.33,620.87,624.20,627.89,631.87,..,226.00,235.10,240.00,246.90,332.00,345.20,359.30,373.90,388.40,402.60,416.30,430.90,446.10,459.50,460.10,461.00,463.03,463.56,464.12,464.80,466.50,467.70,468.80,469.30,472.14,479.85,483.27,485.88,488.76,366.45,730.40,750.20,766.00,787.00,804.00,731.90,732.80,734.10,734.70,733.80,730.70,725.80,721.00,715.90,709.90,714.61,719.68,726.56,731.11,733.14,740.60,747.10,752.80,758.40,763.00,767.12,766.46,768.79,772.91,777.46,907.86
Central Highlands,3384.80,3563.00,3743.10,3922.20,4096.10,4246.40,4367.50,4465.30,4561.20,4664.20,4768.20,4860.90,4948.00,5036.70,5128.80,5206.33,5278.04,5358.01,5438.74,5509.20,5584.30,5657.10,5725.50,5796.40,5861.30,5932.11,6033.82,6092.43,6163.56,6241.03,6310.93,1708.20,1797.70,1895.30,1987.10,2073.90,2149.00,2210.40,2259.90,2286.90,2349.00,2406.90,2454.40,2491.80,2526.50,2590.70,2629.31,2665.07,2705.10,2745.52,2780.53,2818.40,2854.50,2888.50,2923.70,2955.80,2990.54,3041.70,3073.61,3108.38,3147.30,3181.88,1676.60,1765.30,1847.80,1935.10,2022.20,2097.40,2157.10,2205.40,2274.30,2315.20,2361.30,2406.50,2456.20,2510.20,2538.10,2577.02,2612.97,2652.91,2693.22,2728.66,2765.90,2802.60,2837.00,2872.70,2905.50,2941.57,2992.06,3018.82,3055.18,3093.74,3129.05,..,877.80,963.30,1037.70,1098.30,1140.40,1180.50,1215.80,1239.70,1267.80,1305.10,1332.90,1364.90,1389.90,1449.90,1474.46,1497.87,1522.34,1546.75,1574.47,1596.20,1617.10,1638.20,1661.00,1681.70,1707.32,1745.10,1769.54,1814.57,1845.94,1506.82,2564.30,2685.20,2779.80,2884.50,2997.80,3106.00,3187.00,3249.50,3321.50,3396.40,3463.10,3528.00,3583.10,3646.80,3678.90,3731.87,3780.17,3835.67,3891.99,3934.73,3988.10,4039.90,4087.30,4135.40,4179.60,4224.79,4288.60,4322.84,4349.04,4395.10,4804.11
Kon Tum,279.50,288.30,297.30,306.70,316.60,328.10,339.00,350.20,361.50,373.70,386.00,396.60,408.10,420.50,431.80,442.11,451.61,462.71,473.25,484.22,495.90,507.80,520.10,532.40,543.40,555.64,568.78,579.91,591.27,601.82,612.52,140.50,145.00,149.60,154.40,159.40,165.10,170.60,176.30,181.60,187.70,193.50,199.20,205.00,209.50,218.70,223.71,228.34,233.76,238.91,244.26,249.90,255.80,261.70,267.70,273.10,278.96,285.40,291.43,297.59,303.38,308.89,139.00,143.30,147.70,152.30,157.20,163.00,168.40,173.90,179.90,186.00,192.50,197.40,203.10,211.00,213.10,218.41,223.28,228.94,234.34,239.96,245.90,252.00,258.30,264.60,270.40,276.68,283.38,288.49,293.67,298.43,303.64,..,69.80,86.10,93.80,103.40,105.10,109.30,113.60,117.90,122.70,127.40,131.70,136.40,141.40,144.70,147.48,149.94,152.90,155.65,158.50,161.60,164.70,167.80,171.00,173.70,181.94,185.28,188.51,191.80,194.83,198.44,216.00,218.50,211.20,212.90,213.20,223.00,229.70,236.60,243.60,251.00,258.60,264.90,271.70,279.10,287.10,294.63,301.67,309.81,317.60,325.71,334.30,343.10,352.20,361.40,369.70,373.71,383.50,391.41,399.46,406.98,414.09
Gia Lai,850.70,881.50,912.80,946.10,981.50,1026.30,1065.60,1092.90,1119.10,1147.10,1174.60,1200.50,1225.50,1251.30,1281.00,1308.85,1336.10,1359.97,1382.97,1403.13,1426.40,1447.20,1468.90,1495.70,1520.20,1541.83,1569.72,1590.98,1613.90,1634.90,1654.88,428.90,444.80,460.90,478.10,495.80,518.20,538.10,551.80,556.30,583.80,583.90,611.00,623.70,624.70,643.20,656.99,670.54,682.38,693.79,703.76,715.30,725.50,736.30,749.60,761.70,773.09,787.00,797.84,808.57,818.89,828.12,421.80,436.70,451.90,468.00,485.70,508.10,527.50,541.10,562.80,563.30,590.70,589.50,601.80,626.60,637.80,651.86,665.56,677.58,689.18,699.36,711.10,721.60,732.60,746.10,758.40,768.73,782.66,793.14,805.33,816.00,826.76,..,202.00,219.90,231.30,246.10,262.00,275.50,286.00,296.60,307.80,319.10,330.20,341.30,352.90,366.00,374.41,382.73,390.10,397.25,403.59,410.80,417.40,424.30,432.60,440.30,447.21,458.94,466.73,475.13,482.84,347.67,658.90,679.50,692.90,714.80,735.40,764.30,790.10,806.90,822.50,839.30,855.50,870.30,884.20,898.40,915.00,934.44,953.37,969.86,985.73,999.54,1015.60,1029.70,1044.70,1063.10,1079.90,1094.62,1110.70,1124.20,1138.76,1152.06,1307.21
Dak Lak,1398.30,1501.80,1605.10,1703.10,1793.40,1860.90,1912.20,1954.50,1995.60,1635.60,1658.50,1677.80,1696.60,1715.10,1735.70,1748.56,1760.42,1777.26,1794.56,1805.83,1820.10,1836.40,1850.30,1861.50,1872.60,1886.94,1909.00,1918.44,1931.46,1946.17,1961.46,706.60,757.90,816.40,866.60,911.70,945.60,971.70,993.20,1006.20,825.00,849.20,852.70,855.80,866.00,876.30,882.65,888.53,896.92,905.53,911.11,918.20,926.30,933.20,938.70,944.20,952.22,963.28,969.54,976.11,983.60,991.42,691.70,743.90,788.70,836.50,881.70,915.30,940.50,961.30,989.40,810.60,809.30,825.10,840.80,849.10,859.40,865.90,871.89,880.34,889.02,894.72,902.00,910.10,917.10,922.80,928.40,934.72,945.72,948.90,955.35,962.56,970.04,..,266.80,298.60,340.50,359.20,375.80,391.50,406.30,409.40,363.30,367.20,371.80,376.60,378.50,416.40,420.76,424.92,430.31,435.84,439.93,444.80,450.10,454.90,459.10,463.30,466.48,473.81,478.32,502.40,507.79,439.21,1140.70,1235.00,1306.50,1362.60,1434.20,1485.10,1520.70,1548.20,1586.20,1272.30,1291.30,1306.00,1320.00,1336.60,1319.30,1327.80,1335.50,1346.95,1358.72,1365.90,1375.40,1386.30,1395.40,1402.40,1409.30,1420.46,1435.19,1440.12,1429.10,1438.38,1522.25
Dak Nong,..,..,..,..,..,..,..,..,..,403.40,423.60,440.90,457.30,474.40,491.00,503.32,512.67,529.37,548.10,564.96,580.50,594.40,604.90,615.40,625.80,637.91,664.42,670.56,681.95,695.68,704.69,..,..,..,..,..,..,..,..,..,200.10,217.30,218.70,226.80,237.20,255.20,261.34,265.98,274.41,283.88,292.20,300.40,307.10,312.30,317.40,322.50,326.71,340.28,343.07,348.92,355.51,360.24,..,..,..,..,..,..,..,..,..,203.30,206.30,222.20,230.50,237.20,235.80,241.98,246.70,254.96,264.22,272.76,280.10,287.30,292.60,298.00,303.30,311.20,324.13,327.49,333.02,340.17,344.45,..,..,..,..,..,..,..,..,..,51.70,61.80,63.00,69.40,71.10,72.40,74.46,76.09,78.83,81.90,85.16,87.60,89.50,91.60,93.70,95.40,97.49,107.98,112.43,115.52,120.03,87.29,..,..,..,..,..,..,..,..,..,351.70,361.80,377.90,387.90,403.30,418.60,428.87,436.58,450.54,466.20,479.80,492.90,504.90,513.30,521.70,530.40,540.42,556.44,558.13,566.43,575.65,617.40
Lam Dong,856.30,891.40,927.90,966.30,1004.60,1031.10,1050.70,1067.70,1085.00,1104.40,1125.50,1145.10,1160.50,1175.40,1189.30,1203.49,1217.24,1228.71,1239.86,1251.07,1261.40,1271.30,1281.30,1291.40,1299.30,1309.79,1321.90,1332.53,1345.00,1362.47,1377.38,432.20,450.00,468.40,488.00,507.00,520.10,530.00,538.60,542.80,552.40,563.00,572.80,580.50,589.10,597.30,604.62,611.69,617.63,623.41,629.21,634.60,639.80,645.00,650.20,654.30,659.56,665.68,671.73,677.19,685.91,693.20,424.10,441.40,459.50,478.30,497.60,511.00,520.70,529.10,542.20,552.00,562.50,572.30,580.00,586.30,592.00,598.88,605.55,611.08,616.46,621.85,626.80,631.60,636.40,641.20,645.00,650.23,656.16,660.80,667.81,676.57,684.17,..,339.20,358.70,372.10,389.60,397.50,404.20,409.90,415.80,422.30,429.60,436.20,441.20,446.00,450.40,457.35,464.19,470.20,476.12,487.29,491.40,495.40,499.60,504.60,509.00,514.21,519.10,523.55,529.72,540.44,434.21,548.70,552.20,569.20,594.20,615.00,633.60,646.50,657.80,669.20,682.10,695.90,708.90,719.30,729.40,738.90,746.14,753.05,758.51,763.74,763.78,769.90,775.90,781.70,786.80,790.30,795.59,802.80,808.98,815.28,822.03,943.17
South East,9276.30,9494.50,9715.40,9954.10,10218.80,10604.50,10955.60,11282.10,11629.90,11990.70,12380.60,12822.80,13266.40,13683.60,14149.00,14578.89,15005.55,15371.24,15730.65,16093.51,16448.50,16789.20,17132.60,17527.40,17930.30,18342.89,18315.00,18810.77,19018.85,19239.40,19508.50,4520.20,4634.60,4755.10,4876.00,5005.50,5188.40,5362.00,5522.60,5674.20,5854.70,6045.20,6275.80,6488.00,6691.90,6895.20,7114.69,7333.32,7522.85,7709.95,7899.68,8086.20,8266.50,8448.70,8657.10,8870.40,9138.24,9118.39,9299.89,9418.58,9544.69,9650.87,4756.10,4859.90,4960.30,5078.10,5213.30,5416.10,5593.60,5759.50,5955.70,6136.00,6335.40,6547.00,6778.40,6991.70,7253.80,7464.20,7672.23,7848.39,8020.70,8193.83,8362.30,8522.70,8683.90,8870.30,9059.80,9204.65,9196.61,9510.88,9600.26,9694.71,9857.63,..,4692.00,5284.00,5424.10,5667.00,5834.50,6001.60,6143.40,6322.10,6605.70,6923.10,7263.00,7553.20,7826.20,8114.00,8390.35,9151.84,9367.60,9583.53,10067.13,10279.60,10473.40,10679.90,11018.90,11617.60,12172.29,12165.00,12498.15,12640.19,12865.79,12998.41,4727.40,4802.50,4431.40,4530.00,4551.80,4770.00,4954.00,5138.70,5307.80,5385.00,5457.50,5559.80,5713.20,5857.40,6035.00,6188.54,5853.71,6003.63,6147.12,6026.38,6168.90,6315.90,6452.70,6508.50,6312.70,6170.61,6150.00,6312.61,6378.61,6373.61,6510.09
Binh Phuoc,533.20,551.40,572.60,608.10,652.30,682.90,707.90,732.60,754.60,777.40,799.60,819.00,838.30,858.00,875.00,885.13,899.57,911.35,923.49,934.37,947.20,962.70,972.60,984.90,997.80,1011.08,1024.29,1034.67,1045.49,1062.30,1077.73,259.70,273.70,289.20,313.20,336.60,348.00,360.80,373.30,383.00,395.60,406.00,417.00,427.00,436.00,444.30,449.12,456.11,461.75,467.56,472.72,478.90,486.30,491.00,496.90,503.00,509.65,516.24,521.76,526.82,534.66,542.51,273.50,277.70,283.40,294.90,315.70,334.90,347.10,359.30,371.60,381.80,393.60,402.00,411.30,422.00,430.70,436.02,443.46,449.61,455.93,461.64,468.30,476.30,481.60,488.10,494.80,501.43,508.10,512.90,518.67,527.64,535.23,..,84.10,88.60,92.10,103.60,106.00,111.00,116.00,121.00,125.00,129.80,134.10,138.40,142.80,146.80,153.90,162.04,170.08,178.55,187.16,196.60,207.00,216.60,227.30,238.50,243.05,247.54,303.96,307.37,312.88,327.74,452.30,467.30,484.00,516.00,548.70,576.90,596.90,616.60,633.60,652.40,669.80,684.90,699.90,715.20,728.20,731.23,737.52,741.27,744.94,747.20,750.60,755.70,755.90,757.60,759.20,768.03,776.75,730.71,738.12,749.42,750.00
Tay Ninh,910.00,924.10,938.80,953.70,968.00,983.30,996.50,1007.20,1017.90,1029.20,1038.20,1046.40,1053.00,1060.50,1067.20,1076.49,1090.06,1103.41,1111.40,1120.73,1129.90,1139.60,1151.10,1160.70,1171.70,1178.33,1181.91,1188.76,1194.91,1202.77,1211.01,446.20,453.50,460.90,468.70,475.60,482.90,489.40,494.60,499.60,506.50,509.00,515.00,518.00,525.00,531.00,535.84,542.83,549.72,553.94,558.83,563.60,568.80,574.70,579.80,585.50,589.50,591.29,596.18,599.01,602.33,605.43,463.80,470.60,477.90,485.00,492.40,500.40,507.10,512.60,518.30,522.70,529.20,531.40,535.00,535.50,536.20,540.65,547.23,553.69,557.46,561.90,566.30,570.90,576.40,580.90,586.20,588.83,590.62,592.57,595.90,600.44,605.58,..,110.80,116.70,120.70,126.00,136.00,140.00,143.00,147.00,151.00,154.50,158.00,161.40,165.00,166.30,170.00,174.43,178.90,182.58,206.55,206.90,207.20,207.50,207.80,208.30,381.11,382.70,386.73,389.17,391.65,529.91,802.90,813.30,822.10,833.00,842.00,847.30,856.50,864.20,870.90,878.20,883.70,888.40,891.60,895.50,900.90,906.48,915.63,924.51,928.81,914.18,923.00,932.50,943.60,952.90,963.40,797.22,799.27,802.03,805.74,811.11,681.09
Binh  Duong,639.00,658.50,679.00,700.10,720.80,779.40,845.50,910.00,973.10,1037.10,1109.30,1203.70,1307.00,1402.70,1512.50,1618.13,1699.93,1789.71,1873.48,1977.84,2069.20,2138.80,2227.20,2345.20,2456.30,2580.55,2596.79,2763.12,2823.43,2870.61,2910.32,309.30,318.70,328.60,338.90,348.70,376.90,408.80,440.00,461.80,496.60,527.00,576.00,626.00,675.00,727.50,781.86,825.13,872.67,917.68,973.21,1022.80,1062.00,1110.90,1175.20,1236.40,1321.72,1308.56,1395.53,1466.46,1491.05,1448.78,329.70,339.80,350.40,361.20,372.10,402.50,436.70,470.00,511.30,540.50,582.30,627.70,681.00,727.70,785.00,836.27,874.80,917.04,955.80,1004.63,1046.40,1076.80,1116.20,1170.00,1219.90,1258.83,1288.22,1367.59,1356.97,1379.56,1461.54,..,129.40,188.00,211.50,241.00,236.00,256.00,275.00,293.00,312.00,333.80,361.70,392.30,420.50,453.00,535.92,1096.63,1152.93,1205.02,1522.34,1587.50,1632.30,1696.90,1875.70,1961.90,2178.17,2189.68,2327.43,2377.78,2464.29,2570.10,527.10,529.10,491.00,488.60,479.80,543.40,589.50,635.00,680.10,725.10,775.50,842.00,914.70,982.20,1059.50,1082.20,603.31,636.78,668.46,455.50,481.70,506.50,530.30,469.50,494.50,402.38,407.11,435.70,445.60,406.32,340.22
Dong Nai,1844.80,1882.20,1920.00,1959.30,1999.50,2054.10,2093.70,2132.10,2176.10,2220.50,2263.80,2314.90,2372.60,2432.70,2499.70,2577.79,2661.78,2719.05,2771.42,2831.29,2890.00,2951.40,3004.90,3055.10,3113.70,3177.40,3169.10,3255.81,3310.86,3365.45,3415.96,924.00,942.30,960.50,979.70,998.50,1025.30,1045.00,1064.20,1077.50,1101.40,1121.00,1148.00,1177.00,1209.00,1238.00,1278.32,1321.67,1351.86,1379.68,1411.31,1442.40,1475.00,1503.70,1530.80,1562.20,1613.11,1608.90,1622.21,1649.81,1694.12,1718.29,920.80,939.90,959.50,979.60,1001.00,1028.80,1048.70,1067.90,1098.60,1119.10,1142.80,1166.90,1195.60,1223.70,1261.70,1299.48,1340.10,1367.19,1391.74,1419.98,1447.60,1476.40,1501.20,1524.30,1551.50,1564.29,1560.21,1633.60,1661.05,1671.32,1697.67,..,547.90,577.00,593.90,613.70,628.00,646.00,664.00,684.00,704.00,724.80,748.20,774.00,801.10,829.30,854.55,881.69,899.94,916.54,935.60,954.20,973.70,990.60,1006.30,1371.80,1406.73,1418.64,1470.31,1498.50,1526.57,1499.79,1308.40,1334.30,1343.00,1365.40,1385.80,1426.10,1447.70,1468.10,1492.10,1516.50,1539.00,1566.70,1598.60,1631.60,1670.40,1723.25,1780.09,1819.11,1854.88,1895.69,1935.80,1977.60,2014.30,2048.70,1742.00,1770.67,1750.46,1785.50,1812.37,1838.88,1916.18
Ba Ria - Vung Tau,708.90,730.40,752.70,775.60,805.10,829.90,858.00,880.80,899.10,918.90,938.80,955.70,970.20,983.60,998.50,1019.57,1040.80,1057.84,1076.85,1093.37,1104.30,1117.60,1127.20,1138.30,1152.20,1167.94,1176.08,1178.70,1187.50,1194.65,1202.64,354.80,365.80,376.90,388.10,402.80,415.00,429.10,440.50,449.80,460.60,470.00,479.00,486.00,493.00,499.10,509.78,520.61,529.35,539.09,547.58,553.30,560.20,565.30,571.00,578.20,578.97,583.00,587.83,592.28,595.88,600.54,354.10,364.60,375.80,387.50,402.30,414.90,428.90,440.30,449.30,458.30,468.80,476.70,484.20,490.60,499.40,509.79,520.19,528.49,537.77,545.79,551.00,557.40,562.00,567.30,574.00,588.97,593.08,590.87,595.22,598.77,602.10,..,271.90,284.90,295.10,337.80,353.00,371.00,388.00,403.00,419.00,435.70,451.30,466.30,481.00,497.80,516.61,535.99,553.68,572.85,591.15,606.80,624.20,639.80,656.70,675.60,672.31,686.87,711.89,723.37,741.81,639.42,462.40,458.50,467.80,480.50,467.30,476.90,487.00,492.80,496.10,499.90,503.10,504.40,503.90,502.60,500.70,502.96,504.81,504.17,504.01,502.23,497.50,493.40,487.40,481.60,476.60,495.63,489.21,466.81,464.13,452.84,563.22
Ho Chi Minh city,4640.40,4747.90,4852.30,4957.30,5073.10,5274.90,5454.00,5619.40,5809.10,6007.60,6230.90,6483.10,6725.30,6946.10,7196.10,7401.78,7613.43,7789.87,7974.02,8135.91,8307.90,8479.10,8649.60,8843.20,9038.60,9227.60,9166.84,9389.72,9456.66,9543.63,9690.83,2226.20,2280.60,2339.00,2387.40,2443.30,2540.30,2628.90,2710.00,2802.50,2894.00,3012.20,3140.80,3254.00,3353.90,3455.30,3559.78,3666.98,3757.50,3852.01,3936.03,4025.20,4114.20,4203.10,4303.60,4405.10,4525.29,4510.40,4576.37,4584.21,4626.65,4735.32,2414.20,2467.30,2513.30,2569.90,2629.80,2734.60,2825.10,2909.40,3006.60,3113.60,3218.70,3342.30,3471.30,3592.20,3740.80,3842.00,3946.45,4032.37,4122.01,4199.89,4282.70,4364.90,4446.50,4539.70,4633.40,4702.30,4656.44,4813.35,4872.45,4916.98,4955.52,..,3547.90,4028.80,4110.80,4244.90,4375.50,4477.60,4557.40,4674.10,4894.70,5144.50,5409.70,5620.80,5815.80,6020.80,6159.37,6301.07,6412.07,6527.99,6624.34,6727.60,6829.00,6928.50,7045.10,7161.50,7290.92,7239.63,7297.85,7344.00,7428.60,7431.45,1174.30,1200.00,823.50,846.50,828.20,899.40,976.40,1062.00,1135.00,1112.90,1086.40,1073.40,1104.50,1130.30,1175.30,1242.41,1312.36,1377.80,1446.03,1511.58,1580.30,1650.20,1721.20,1798.20,1877.00,1936.68,1927.21,2091.87,2112.66,2115.03,2259.39
Mekong River Delta,15531.90,15693.50,15858.80,16023.50,16184.20,16296.60,16420.30,16533.20,16639.70,16754.10,16859.30,16946.90,17042.00,17129.50,17199.90,17208.41,17217.72,17252.60,17269.94,17269.81,17266.70,17271.60,17279.50,17280.70,17282.50,17318.55,17422.62,17432.10,17463.29,17547.85,17622.63,7574.50,7666.00,7757.30,7850.40,7929.00,7982.30,8043.20,8098.60,8152.90,8208.70,8256.50,8302.60,8359.30,8464.90,8546.60,8554.49,8560.37,8575.62,8585.92,8586.83,8586.50,8590.10,8595.10,8597.10,8599.60,8620.90,8673.24,8716.52,8733.74,8776.39,8802.20,7957.40,8027.50,8101.50,8173.10,8255.20,8314.30,8377.10,8434.60,8486.80,8545.40,8602.80,8644.30,8682.70,8664.60,8653.30,8653.92,8657.34,8676.98,8684.01,8682.98,8680.20,8681.50,8684.30,8683.50,8682.90,8697.65,8749.38,8715.58,8729.55,8771.46,8820.43,..,2488.50,2613.80,2693.70,2775.40,2853.20,2962.00,3027.20,3297.30,3372.60,3443.10,3520.80,3590.80,3689.10,3942.80,4004.09,4090.05,4128.00,4161.11,4201.18,4224.90,4252.00,4279.90,4307.30,4357.70,4482.78,4595.34,4658.88,4780.76,4850.99,4494.84,13095.40,13205.00,13245.00,13329.80,13408.80,13443.40,13458.30,13506.00,13342.40,13381.50,13416.20,13426.10,13451.20,13440.40,13257.10,13204.32,13127.66,13124.60,13108.83,13068.63,13041.90,13019.60,12999.70,12973.40,12924.80,12835.77,12827.28,12773.22,12682.52,12696.87,13127.79
Long An,1250.80,1265.10,1279.90,1294.80,1311.10,1327.10,1343.10,1356.50,1369.00,1382.20,1393.40,1405.20,1417.90,1428.20,1436.30,1469.24,1504.08,1549.76,1587.85,1611.70,1626.20,1645.20,1662.30,1678.90,1695.10,1713.66,1725.75,1734.26,1743.43,1756.25,1769.28,609.10,617.30,625.70,634.40,642.80,650.40,658.20,664.80,671.20,679.60,683.80,690.90,704.60,709.50,713.30,729.96,747.60,770.64,789.92,802.14,809.70,819.50,828.40,837.10,845.50,855.46,861.50,865.92,870.58,877.03,880.98,641.70,647.80,654.20,660.40,668.30,676.70,684.90,691.70,697.80,702.60,709.60,714.30,713.30,718.70,723.00,739.28,756.48,779.12,797.93,809.56,816.50,825.70,833.90,841.90,849.60,858.20,864.26,868.34,872.85,879.21,888.30,..,185.10,194.70,208.60,217.50,217.10,221.40,225.20,229.00,233.00,236.60,240.40,244.40,248.00,251.30,254.88,258.73,264.35,268.57,270.31,270.50,271.30,271.80,272.20,272.50,312.52,316.46,318.58,320.79,326.83,172.35,1071.70,1080.00,1085.20,1086.20,1093.60,1110.00,1121.70,1131.30,1140.00,1149.20,1156.80,1164.80,1173.50,1180.20,1185.00,1214.36,1245.35,1285.41,1319.28,1341.39,1355.80,1373.90,1390.50,1406.70,1422.60,1401.13,1409.30,1415.68,1422.64,1429.42,1596.92
Tien Giang,1581.50,1587.40,1593.60,1600.00,1608.40,1613.50,1620.10,1626.70,1634.00,1642.70,1650.10,1655.30,1661.60,1668.00,1672.80,1677.99,1682.60,1692.46,1705.77,1716.09,1728.70,1740.10,1751.80,1759.10,1766.30,1772.54,1779.42,1785.24,1790.65,1796.06,1801.46,762.90,766.80,770.70,775.00,779.10,781.20,784.40,787.60,791.70,797.50,799.60,803.60,806.60,814.70,820.70,825.88,828.23,829.81,836.87,841.71,847.90,853.50,859.30,863.00,866.90,868.87,872.13,878.87,881.63,884.39,889.54,818.60,820.60,822.90,825.00,829.30,832.30,835.70,839.10,842.30,845.20,850.50,851.70,855.00,853.30,852.10,852.10,854.37,862.65,868.90,874.38,880.80,886.60,892.50,896.10,899.40,903.67,907.29,906.36,909.03,911.68,911.92,..,202.80,208.50,210.40,214.70,211.70,213.70,215.70,217.80,220.20,222.30,224.20,226.30,228.40,229.00,229.88,230.52,231.87,233.69,240.25,242.00,243.60,245.30,246.30,247.30,251.91,253.64,271.92,273.68,302.56,438.08,1380.60,1384.60,1385.10,1389.60,1393.70,1401.80,1406.40,1411.00,1416.20,1422.50,1427.80,1431.10,1435.30,1439.60,1443.80,1448.10,1452.09,1460.59,1472.08,1475.83,1486.70,1496.50,1506.60,1512.80,1519.00,1520.64,1525.77,1513.32,1516.97,1493.51,1363.38
Ben Tre,1281.80,1286.80,1291.40,1294.70,1299.10,1297.90,1294.90,1289.00,1282.80,1277.60,1273.20,1269.30,1264.80,1259.60,1256.10,1259.39,1262.66,1266.73,1269.72,1272.51,1275.80,1278.60,1282.40,1286.00,1289.10,1292.40,1295.70,1298.01,1299.33,1306.27,1310.19,618.20,621.40,624.20,626.70,628.70,627.90,626.40,623.60,621.90,620.60,617.50,616.60,615.30,615.50,616.30,617.70,619.14,620.97,622.27,623.47,624.90,626.10,627.80,629.40,630.80,633.10,634.72,640.46,641.18,644.64,648.41,663.60,665.40,667.20,668.00,670.40,670.00,668.50,665.40,660.90,657.00,655.70,652.70,649.50,644.10,639.80,641.69,643.52,645.76,647.45,649.04,650.90,652.50,654.60,656.60,658.40,659.29,660.98,657.54,658.15,661.63,661.78,..,101.20,106.40,107.50,115.70,110.30,112.00,113.60,115.20,116.80,118.60,120.40,122.20,124.00,125.70,125.72,125.79,125.94,125.98,126.01,126.10,126.10,126.20,126.30,126.40,126.66,128.27,133.04,170.43,174.65,170.81,1184.60,1185.60,1185.00,1187.20,1183.40,1187.60,1182.90,1175.40,1167.60,1160.80,1154.60,1148.90,1142.60,1135.60,1130.40,1133.67,1136.87,1140.79,1143.73,1146.50,1149.70,1152.50,1156.20,1159.70,1162.70,1165.74,1167.43,1164.96,1128.90,1131.62,1139.38
Tra Vinh,934.90,942.60,950.80,959.20,969.10,972.00,975.30,979.20,982.50,986.30,990.20,993.70,997.20,1000.80,1003.20,1003.78,1004.35,1005.12,1005.62,1006.24,1006.90,1007.60,1008.10,1008.80,1009.30,1009.94,1018.63,1019.26,1019.88,1023.89,1026.96,459.70,465.40,471.30,477.40,483.30,484.60,486.30,488.20,489.90,491.00,491.90,492.90,493.70,495.00,494.10,494.41,494.67,495.02,495.27,495.57,495.90,496.20,496.40,496.70,496.90,496.89,501.17,503.32,503.68,505.68,508.61,475.20,477.20,479.50,481.80,485.80,487.40,489.00,491.00,492.60,495.30,498.30,500.80,503.50,505.80,509.10,509.37,509.68,510.10,510.35,510.66,511.00,511.40,511.70,512.10,512.40,513.05,517.47,515.94,516.21,518.21,518.35,..,99.80,109.30,117.50,125.80,126.60,129.40,132.30,135.20,138.20,141.20,144.30,147.50,150.70,153.70,155.65,157.59,159.59,162.10,164.95,166.50,168.40,169.80,172.00,174.10,175.83,178.36,184.86,186.85,189.01,174.55,842.10,842.80,841.50,841.70,843.30,845.40,845.90,846.90,847.30,848.10,849.00,849.40,849.70,850.10,849.50,848.13,846.76,845.53,843.53,841.29,840.30,839.20,838.30,836.80,835.20,834.11,840.27,834.40,833.03,834.88,852.41
Vinh Long,990.40,995.60,1001.00,1006.40,1012.30,1013.40,1014.60,1015.90,1017.40,1018.80,1020.20,1021.60,1022.80,1024.00,1025.10,1025.61,1024.85,1022.60,1023.84,1023.75,1023.20,1022.80,1022.60,1022.70,1022.60,1022.97,1029.02,1028.82,1029.63,1037.27,1042.46,479.90,482.80,485.70,488.70,491.40,491.80,492.40,493.00,493.50,495.30,496.00,496.60,497.20,501.30,504.60,504.87,504.55,503.49,504.14,504.14,503.90,503.80,503.70,503.80,503.80,503.94,506.97,508.72,509.17,512.97,516.97,510.50,512.80,515.30,517.70,520.90,521.60,522.20,522.90,523.90,523.50,524.20,525.00,525.60,522.70,520.50,520.73,520.30,519.12,519.70,519.61,519.30,519.10,518.90,518.90,518.80,519.03,522.05,520.11,520.46,524.30,525.48,..,135.30,140.10,142.40,146.30,145.30,146.60,148.10,149.50,150.80,152.30,153.70,155.20,156.50,156.90,156.98,157.00,157.03,168.30,168.54,168.80,169.10,169.40,169.70,169.80,232.07,233.72,233.94,235.50,237.83,282.10,857.40,860.30,860.90,864.00,866.00,868.10,868.00,867.80,867.90,868.00,867.90,867.90,867.60,867.50,868.20,868.62,867.85,865.57,855.55,855.21,854.40,853.80,853.20,853.00,852.80,790.90,795.30,794.88,794.13,799.44,760.35
Dong Thap,1489.30,1510.40,1532.50,1556.50,1568.20,1580.60,1592.20,1603.50,1614.30,1626.60,1639.50,1646.80,1654.50,1662.50,1666.60,1660.41,1653.23,1646.17,1639.21,1632.37,1625.60,1619.00,1612.50,1606.10,1598.80,1600.01,1601.31,1600.17,1600.25,1601.12,1602.32,726.20,738.00,750.00,763.40,769.50,775.20,780.90,786.50,792.10,793.80,798.80,803.70,807.50,829.50,830.70,827.78,824.41,821.10,817.85,814.65,811.50,808.40,805.30,802.40,798.90,799.25,799.89,800.16,801.07,801.32,803.73,763.10,772.40,782.50,793.10,798.70,805.40,811.30,817.00,822.20,832.80,840.70,843.10,847.00,833.00,835.90,832.63,828.82,825.06,821.37,817.73,814.10,810.60,807.10,803.70,799.90,800.77,801.41,800.01,799.18,799.80,798.59,..,201.60,212.40,219.70,229.40,231.00,237.00,243.10,249.30,255.80,262.60,268.70,274.90,281.40,296.00,295.82,295.16,294.52,293.89,293.29,292.70,292.10,291.60,292.30,304.70,306.15,323.21,323.88,325.82,328.61,378.00,1294.50,1308.80,1320.10,1336.80,1338.80,1349.60,1355.20,1360.40,1365.00,1370.80,1376.90,1378.10,1379.60,1381.10,1370.60,1364.60,1358.08,1351.65,1345.32,1339.09,1333.00,1326.90,1320.90,1313.80,1294.10,1293.87,1278.10,1276.29,1274.43,1272.51,1224.32
An Giang,1970.10,1990.70,2011.10,2032.50,2055.40,2061.70,2073.80,2085.60,2096.30,2107.40,2118.10,2125.80,2134.30,2142.60,2147.60,2122.44,2097.54,2077.94,2051.62,2024.59,2000.90,1976.40,1954.20,1931.00,1907.40,1904.53,1909.51,1905.52,1906.27,1912.58,1914.49,966.70,978.10,989.10,1001.10,1011.50,1014.10,1020.10,1025.90,1031.60,1035.90,1039.40,1045.00,1049.20,1059.60,1066.90,1054.36,1041.93,1032.14,1019.02,1005.54,993.70,981.50,970.40,958.90,947.10,945.60,948.15,946.15,946.56,949.75,954.01,1003.40,1012.60,1022.00,1031.40,1043.90,1047.60,1053.70,1059.70,1064.70,1071.50,1078.70,1080.80,1085.10,1083.00,1080.70,1068.08,1055.61,1045.80,1032.60,1019.05,1007.10,994.90,983.80,972.20,960.30,958.93,961.36,959.37,959.71,962.83,960.49,..,370.90,395.10,398.00,405.30,457.50,472.90,488.80,504.90,521.70,538.90,555.80,573.50,591.70,609.70,609.16,608.65,609.60,608.51,607.11,606.60,605.80,605.60,605.00,602.60,601.64,646.02,644.77,705.29,706.49,477.40,1602.10,1619.80,1616.00,1634.50,1650.10,1604.20,1600.90,1596.80,1591.40,1585.70,1579.20,1570.00,1560.80,1550.90,1537.90,1513.28,1488.90,1468.34,1443.11,1417.48,1394.20,1370.60,1348.60,1326.00,1304.80,1302.89,1263.48,1260.74,1200.97,1206.09,1437.09
Kien  Giang,1392.00,1422.30,1452.90,1480.30,1504.20,1522.70,1540.90,1559.60,1578.90,1599.10,1619.80,1637.80,1654.90,1672.30,1688.50,1690.74,1694.45,1698.15,1701.11,1703.40,1705.40,1708.70,1712.90,1718.10,1723.70,1728.87,1752.32,1751.76,1755.34,1766.66,1780.10,685.80,702.30,718.70,731.70,740.30,750.60,759.60,768.80,777.00,788.50,800.20,807.60,816.00,834.10,852.20,853.71,855.95,858.19,860.06,861.59,863.00,865.00,867.50,870.50,873.70,876.54,888.98,896.34,898.26,904.10,891.21,706.20,720.00,734.20,748.60,763.90,772.10,781.30,790.80,801.90,810.60,819.60,830.20,838.90,838.20,836.30,837.03,838.50,839.96,841.05,841.81,842.40,843.70,845.40,847.60,850.00,852.33,863.34,855.42,857.08,862.55,888.89,..,289.20,310.50,326.10,330.00,341.70,352.80,364.40,376.30,388.90,401.90,414.60,427.50,440.70,454.00,457.04,460.48,463.95,467.23,470.35,473.40,476.90,480.60,484.60,488.80,491.75,504.36,522.73,528.66,527.28,468.78,1107.20,1133.10,1142.40,1154.20,1174.20,1181.00,1188.10,1195.20,1202.60,1210.20,1217.90,1223.20,1227.40,1231.60,1234.50,1233.70,1233.97,1234.20,1233.88,1233.05,1232.00,1231.80,1232.30,1233.50,1234.90,1237.11,1247.90,1229.03,1226.68,1239.38,1311.32
Can Tho,1739.70,1758.80,1778.00,1796.40,1816.80,1830.70,1845.70,1859.90,1873.50,1138.10,1149.00,1160.50,1172.00,1180.90,1188.60,1192.30,1195.93,1200.93,1203.23,1205.72,1208.50,1214.60,1222.40,1227.70,1236.00,1240.73,1246.99,1252.35,1258.88,1271.72,1285.71,851.10,861.60,871.90,882.20,892.20,898.60,906.00,913.00,919.70,559.70,565.30,570.70,577.60,583.60,589.70,591.50,593.28,595.73,596.85,598.06,599.40,602.40,606.30,608.90,612.90,616.14,619.12,621.65,625.06,631.47,639.89,888.60,897.20,906.10,914.20,924.60,932.10,939.70,946.90,953.80,578.40,583.70,589.80,594.40,597.30,598.90,600.80,602.66,605.20,606.38,607.66,609.10,612.20,616.10,618.80,623.00,624.59,627.88,630.70,633.82,640.25,645.83,..,349.90,362.50,378.00,387.30,399.80,449.80,456.40,667.70,567.30,573.80,584.90,590.60,615.50,783.20,790.17,797.12,805.03,811.19,817.53,824.10,833.00,842.70,850.60,861.30,868.84,876.92,882.86,887.83,898.66,891.43,1395.70,1408.90,1415.50,1418.40,1429.50,1430.90,1395.90,1403.50,1205.80,570.80,575.20,575.60,581.40,565.40,405.40,402.13,398.82,395.90,392.04,388.19,384.40,381.60,379.80,377.10,374.70,371.89,370.07,369.49,371.05,373.07,394.28
Hau Giang,..,..,..,..,..,..,..,..,..,749.80,751.50,752.80,754.70,756.30,758.00,755.34,752.73,750.73,747.88,744.95,742.40,740.10,737.30,734.90,732.20,729.78,729.89,729.47,728.29,730.01,712.59,..,..,..,..,..,..,..,..,..,368.90,368.90,371.20,373.60,377.50,381.40,379.77,378.19,376.91,375.21,373.46,371.90,370.50,368.80,367.40,365.70,367.40,367.40,369.24,368.68,369.57,360.71,..,..,..,..,..,..,..,..,..,380.90,382.60,381.60,381.10,378.80,376.60,375.57,374.54,373.82,372.68,371.49,370.50,369.60,368.50,367.50,366.40,362.38,362.44,360.23,359.61,360.45,351.87,..,..,..,..,..,..,..,..,..,114.30,117.20,124.70,127.20,138.40,149.70,153.04,156.50,160.16,163.72,167.33,171.10,175.00,178.90,183.00,197.70,204.05,212.69,204.99,204.66,205.15,154.23,..,..,..,..,..,..,..,..,..,635.50,634.30,628.10,627.50,617.90,608.30,602.30,596.23,590.57,584.17,577.62,571.30,565.00,558.30,551.90,534.40,525.73,517.20,524.48,523.63,524.86,558.35
Soc Trang,1150.10,1155.90,1162.30,1168.80,1177.90,1193.40,1210.30,1224.60,1237.40,1249.80,1258.60,1265.60,1276.30,1285.10,1293.20,1283.51,1273.93,1266.42,1254.98,1245.61,1236.30,1227.60,1218.30,1208.80,1199.50,1195.74,1206.82,1197.82,1198.80,1205.34,1226.64,558.60,562.20,565.80,569.70,574.10,581.40,589.70,596.60,603.10,609.10,613.40,616.90,622.10,631.30,642.70,638.12,633.54,629.98,624.47,619.99,615.60,611.40,606.90,602.40,597.90,595.90,601.42,606.40,606.91,610.26,621.04,591.50,593.70,596.50,599.10,603.80,612.00,620.60,628.00,634.30,640.70,645.20,648.70,654.20,653.80,650.50,645.39,640.39,636.43,630.51,625.62,620.80,616.20,611.40,606.50,601.60,599.84,605.40,591.43,591.89,595.08,605.60,..,197.40,203.80,206.50,211.80,214.70,219.70,224.20,228.60,233.00,236.70,240.20,244.40,248.30,250.60,288.79,351.60,360.93,358.92,372.44,375.80,379.30,382.50,385.50,388.50,386.61,391.40,405.65,406.02,411.15,390.82,955.40,958.50,958.50,962.30,966.10,978.70,990.60,1000.40,1008.80,1016.80,1021.90,1025.40,1031.90,1036.80,1042.60,994.72,922.32,905.49,896.05,873.17,860.50,848.30,835.80,823.30,811.00,809.13,815.42,792.17,792.78,794.19,835.82
Bac Lieu,709.50,716.30,724.20,732.10,738.20,749.70,764.20,777.40,789.10,801.30,812.80,823.80,835.80,847.50,856.80,861.84,866.87,872.14,877.04,882.16,887.30,892.80,897.70,903.00,908.20,913.48,918.51,921.81,925.17,928.68,932.41,343.40,346.80,350.70,355.60,361.60,367.10,374.20,380.70,386.50,389.60,398.20,400.60,406.40,413.00,427.30,429.91,432.58,435.36,437.97,440.69,443.40,446.30,449.00,451.70,454.60,457.07,459.49,462.14,463.88,465.70,467.57,366.10,369.50,373.50,376.50,376.60,382.60,390.00,396.70,402.60,411.70,414.60,423.20,429.40,434.50,429.50,431.93,434.30,436.78,439.07,441.47,443.90,446.40,448.80,451.20,453.70,456.41,459.02,459.67,461.29,462.98,464.84,..,172.60,177.20,178.40,181.10,184.70,189.60,194.30,198.70,203.30,207.80,212.20,216.80,221.50,225.60,228.17,230.73,233.37,235.94,238.59,241.30,244.10,246.70,249.50,252.30,253.64,254.94,255.89,256.85,257.92,259.99,538.20,543.70,547.00,553.70,557.10,565.00,574.60,583.10,590.40,598.00,605.00,611.60,619.00,626.00,631.20,633.67,636.14,638.77,641.10,643.57,646.00,648.70,651.00,653.50,656.00,659.84,663.57,665.92,668.32,670.77,672.43
Ca Mau,1041.80,1061.60,1081.10,1101.80,1123.50,1133.90,1145.20,1155.30,1164.50,1174.40,1182.90,1188.70,1195.20,1201.70,1207.10,1205.84,1204.50,1203.46,1202.07,1200.74,1199.50,1198.10,1197.00,1195.60,1194.30,1193.89,1208.75,1207.63,1207.37,1212.00,1218.03,512.90,523.30,533.50,544.50,554.50,559.40,565.00,569.90,574.70,579.20,583.50,586.30,589.50,600.30,606.70,606.52,606.32,606.27,606.04,605.83,605.70,605.50,605.30,605.10,604.90,604.74,612.26,617.17,617.10,619.50,619.53,528.90,538.30,547.60,557.30,569.00,574.50,580.20,585.40,589.80,595.20,599.40,602.40,605.70,601.40,600.40,599.32,598.18,597.19,596.04,594.90,593.80,592.60,591.60,590.40,589.40,589.16,596.49,590.46,590.28,592.50,598.50,..,182.70,193.30,200.60,210.50,212.80,217.10,221.10,225.10,229.30,233.20,236.70,240.30,244.00,257.40,258.80,260.20,261.66,263.06,264.48,266.00,267.30,268.80,270.30,271.70,271.11,275.35,275.77,278.39,284.86,236.29,865.90,878.90,887.80,901.20,913.00,921.10,928.10,934.20,939.40,945.10,949.70,952.00,954.90,957.70,949.70,947.04,944.30,941.80,939.01,936.25,933.60,930.80,928.20,925.30,922.60,922.78,933.40,931.86,928.99,927.14,981.75
