"Percentage of social network users by residence, by sex, by age group, and by region by Items and Year"

Items,2024,2025
WHOLE COUNTRY,76.51,80.25
Urban,82.29,84.94
Rural,72.89,77.27
Male,78.69,81.96
Female,74.42,78.60
6-11 age,40.92,44.52
12-15 age,76.06,78.70
16 - 18 age,95.70,96.46
19 - 24 age,97.71,98.39
25 - 29 age,97.20,98.14
30 - 34 age,96.63,97.68
35 - 39 age,95.05,96.67
40 - 44 age,92.43,95.45
45 - 49 age,88.17,92.72
50 - 54 age,83.65,90.08
55 - 59 age,74.83,82.62
60+ age,50.03,57.19
Red River Delta,77.11,80.21
Northern midlands and mountain areas,72.37,75.86
North Central and Central coastal areas,73.10,76.76
Central Highlands,71.47,75.26
South East,85.27,88.91
Mekong River Delta,74.83,79.83
