DATASTRUCTURE,IMF:ECOFIN_DSD(1.0),Datastructure,,,,,,,,,,,,,,,,,,,,,,,,,,,,,,,,,,,,,,,,,,,,,,,,,,,,,,,,,,,,,,,,,,,,,,,,,,,,,,,,,,,,,,,,,,,,,,,,,,,,,,,,,,,,,,,,,,,,,,
DATASTRUCTURE_NAME,ECOFIN Data Structure Definition,Datastructure name,,,,,,,,,,,,,,,,,,,,,,,,,,,,,,,,,,,,,,,,,,,,,,,,,,,,,,,,,,,,,,,,,,,,,,,,,,,,,,,,,,,,,,,,,,,,,,,,,,,,,,,,,,,,,,,,,,,,,,
DATA_DOMAIN,IND,Dataset,,,,,,,,,,,,,,,,,,,,,,,,,,,,,,,,,,,,,,,,,,,,,,,,,,,,,,,,,,,,,,,,,,,,,,,,,,,,,,,,,,,,,,,,,,,,,,,,,,,,,,,,,,,,,,,,,,,,,,
REF_AREA,VN,Country,,,,,,,,,,,,,,,,,,,,,,,,,,,,,,,,,,,,,,,,,,,,,,,,,,,,,,,,,,,,,,,,,,,,,,,,,,,,,,,,,,,,,,,,,,,,,,,,,,,,,,,,,,,,,,,,,,,,,,
COUNTERPART_AREA,_Z,Counterpart area ,,,,,,,,,,,,,,,,,,,,,,,,,,,,,,,,,,,,,,,,,,,,,,,,,,,,,,,,,,,,,,,,,,,,,,,,,,,,,,,,,,,,,,,,,,,,,,,,,,,,,,,,,,,,,,,,,,,,,,
UNIT_MULT,0,Scale = Unit,,,,,,,,,,,,,,,,,,,,,,,,,,,,,,,,,,,,,,,,,,,,,,,,,,,,,,,,,,,,,,,,,,,,,,,,,,,,,,,,,,,,,,,,,,,,,,,,,,,,,,,,,,,,,,,,,,,,,,
FREQ,M,Frequency = Monthly,,,,,,,,,,,,,,,,,,,,,,,,,,,,,,,,,,,,,,,,,,,,,,,,,,,,,,,,,,,,,,,,,,,,,,,,,,,,,,,,,,,,,,,,,,,,,,,,,,,,,,,,,,,,,,,,,,,,,,
COMMENT,Published,Observation status,,,,,,,,,,,,,,,,,,,,,,,,,,,,,,,,,,,,,,,,,,,,,,,,,,,,,,,,,,,,,,,,,,,,,,,,,,,,,,,,,,,,,,,,,,,,,,,,,,,,,,,,,,,,,,,,,,,,,,
,,,,,,,,,,,,,,,,,,,,,,,,,,,,,,,,,,,,,,,,,,,,,,,,,,,,,,,,,,,,,,,,,,,,,,,,,,,,,,,,,,,,,,,,,,,,,,,,,,,,,,,,,,,,,,,,,,,,,,,,ĐVT: %
Country code,Descriptor,INDICATOR,Descriptor Vietnamese,BASE_PER,2017-01,2017-02,2017-03,2017-04,2017-05,2017-06,2017-07,2017-08,2017-09,2017-10,2017-11,2017-12,2018-01,2018-02,2018-03,2018-04,2018-05,2018-06,2018-07,2018-08,2018-09,2018-10,2018-11,2018-12,2019-01,2019-02,2019-03,2019-04,2019-05,2019-06,2019-07,2019-08,2019-09,2019-10,2019-11,2019-12,2020-01,2020-02,2020-03,2020-04,2020-05,2020-06,2020-07,2020-08,2020-09,2020-10,2020-11,2020-12,2021-01,2021-02,2021-03,2021-04,2021-05,2021-06,2021-07,2021-08,2021-09,2021-10,2021-11,2021-12,2022-01,2022-02,2022-03,2022-04,2022-05,2022-06,2022-07,2022-08,2022-09,2022-10,2022-11,2022-12,2023-01,2023-02,2023-03,2023-04,2023-05,2023-06,2023-07,2023-08,2023-09,2023-10,2023-11,2023-12,2024-01,2024-02,2024-03,2024-04,2024-05,2024-06,2024-07,2024-08,2024-09,2024-10,2024-11,2024-12,2025-01,2025-02,2025-03,2025-04,2025-05,2025-06,2025-07,2025-08,2025-09,2025-10,2025-11,2025-12,2026-01,2026-02,2026-03,2026-04,2026-05,2026-06,2026-07,2026-08
AIP_ISIC4_IX,Industry (2015=100),AIP_ISIC4_IX,Chỉ số sản xuất công nghiệp,2015,96.8,96.26,114.49,118.14,117.49,112.95,113.89,122.31,126.63,128.76,129.21,131.75,126.8,101.72,126.79,125.04,128.72,127.27,129.62,135.35,134.43,139.41,143.13,145.09,134.05,108.37,134.77,134.56,138.69,134.1,141.57,149.27,148.62,152.9,146.74,147.4,123.31,128.9,137.63,116.48,130.64,140.09,147.27,152.36,157.33,160.97,156.86,158.62,154.1,119.65,143.6,142.93,145.71,143.77,143.25,137.71,144.65,151.2,159.68,163.49,159.65,141.44,165.37,169.5,174.91,172.91,173.64,175.22,172.11,176.22,171.14,166.03,128.34,132.86,145.4,144,146.35,147.07,150.67,155.95,152.3,162.38,162.42,161.23,155.98,128.3,155.5,158.28,165.12,168.38,169.53,171.15,165.34,171.97,173.78,175.15,155.44,151.67,172.1,175.75,184.68,186.57,185.33,189.16,188.35,191.77,192.43,196.73,194.68,157.2,186.72,191.38,204.45,212.09,216.27,219.53
AIP_ISIC4_B_IX,Mining and Quarying (2015=100),AIP_ISIC4_B_IX,Khai khoáng,2015,85.71,85.7,104.71,97.07,99.15,96.47,86.57,80.45,82.94,95.37,90.06,91.6,100.74,81.54,99.41,95.78,97.55,94.66,87.28,78.58,82.67,89.92,92.71,95.17,95.26,78.97,102.74,97.12,99.61,93.15,87.93,85.34,82.46,92.61,86.76,90.09,81.77,88.26,92.37,86.87,88.37,85.56,88.59,78.29,78.19,81.29,76.66,84.95,87.9,72.94,85.65,86.74,84.67,82.77,81.47,76.04,71.26,70.49,76.7,87.89,78.93,68.16,90.37,91.03,86.32,85.88,79,77.7,72.75,79.1,83.71,83.95,68.51,74.74,82.74,84.36,86.05,82.74,77.46,71.47,67.47,77.84,77.13,71.18,75.31,64.87,79.51,77.86,77.81,72.98,70,67.26,59.39,68.9,70.62,71.64,65.78,66.53,76.04,73.33,76.22,72.81,72.61,67.16,66.83,74.38,76.41,77.01,77.3,62.33,74.99,76.49,75.27,76.66,76.74,75.09
AIP_ISIC4_C_IX,Manufacturing (2015=100),AIP_ISIC4_C_IX,"Công nghiệp chế biến, chế tạo",2015,97.47,96.88,116.5,122.18,120.08,114.03,116.56,128.49,133.99,135.62,137.47,140.23,131.86,104.11,132.37,129.33,132.48,131.12,134.5,144.23,142.71,147.7,152.68,154.54,141.35,111.26,139.97,139.54,143.95,138.61,149.37,160.6,161.28,164.66,157.17,157.68,129.3,134.35,143.56,117.95,134.03,145.65,153.73,163.63,170.19,174.86,170.98,171.23,165.89,124.95,152.7,150.23,153.98,151.35,151.69,145.24,157.41,166.27,176.12,179.62,175.6,155.8,180.93,185.8,193.6,190.63,192.67,195.6,193.7,198.09,190.64,183.84,139.86,142.4,155.61,151.78,153.14,155.08,160.19,167.95,165.41,175.91,176.36,176.13,168.1,136.64,164.67,167.55,175.58,181.02,183.19,184.73,182.22,188.41,191.26,192.8,170.31,166.48,185.4,191.04,200.57,203.96,201.43,207.14,208.09,211.2,213.83,217.64,216.06,174.6,206.27,210.43,226.74,235.5,241.92,246.57
AIP_ISIC4_D_IX,"Electricity, Gas (2015=100)",AIP_ISIC4_D_IX,"Sản xuất và phân phối điện, khí đốt, nước nóng, hơi nước và điều hòa không khí ",2015,110.62,108.89,117.5,123.8,130.85,133.93,140.84,148.4,146.67,134.78,132.59,134.92,132.84,116.74,132.36,144.01,155.18,155.03,166.34,164.84,160.23,162.37,157.7,159.27,144.93,135.78,152.11,162.47,167.69,170.87,175.28,172.85,162.61,165.02,167.83,164.11,146.25,154.21,170.08,155.42,177.49,190.79,199.35,192.39,192.8,189.93,184.01,186.66,175.51,155.44,171.83,181.59,186.8,189.84,183.53,184.1,169,170.52,172.96,165.47,172.94,152.34,175.43,177.64,181.61,185.25,187.01,183.5,172.18,170.19,167.96,167.33,138.06,154.22,170.38,182.73,195.94,192.97,200.32,205.85,192.8,200.67,197.9,197.49,197.93,167.8,212.43,221.54,232.06,230.97,231.28,238.36,210.02,216.69,209.44,210.01,189.54,173.61,229.07,229.31,242.13,241.93,250.37,254.89,238.44,238.06,219.77,235.06,225.33,174.21,218.79,232.33,246.62,255.72,251.14,250.85
AIP_ISIC4_E_IX,"Water Supply: Sewerage, Waste Mgt/Remediation Activities(2015=100)",AIP_ISIC4_E_IX,"Cung cấp nước, hoạt động quản lý và xử lý rác thải, nước thải ",2015,98.09,100.94,100.63,106.04,102.65,107.97,107.76,110.44,107.09,107.08,111.18,114.21,114.39,105.55,105.1,107.72,113.05,114.2,114.79,116.04,114.81,116.96,118.29,121.66,119.02,111.57,113.76,117.55,119.3,123.91,122.54,124.83,138.12,136.23,138.24,144.26,124.63,129.7,128.75,122.91,129.45,137.61,136.29,138.63,145.68,143.29,143.59,146.38,143.04,135.39,136.76,143.66,135.74,138.07,137.15,138.49,142.73,142.53,144.65,152.99,144.56,139.76,130.17,145.04,147.78,144.04,153.14,149.46,154.64,157.43,150.49,145.18,131.82,145.42,152.08,155.75,150.08,154.58,155.55,155.98,156.96,157.33,161.38,158,156.47,147.57,163.09,169.22,168.56,175.06,174.66,192.28,180.04,178.91,183.93,185.21,161.88,184.03,178.27,179.89,199.06,195.5,189.21,194.03,194.83,192.79,194.66,197.16,193.42,193.68,205.91,215.35,212.57,222.02,212.37,219.4
