"Under-five-malnutrition rate by province by Cities, Provinces, Year and Items"

"Cities, Provinces",2025 Weight-for-age malnutrition,2025 Height-for-age malnutrition,2025 Weight-for-height malnutrition
WHOLE COUNTRY,8.3,14.8,4.8
Red River Delta,6.1,12.2,4.5
Ha Noi,3.6,8.6,5.2
Bac Ninh,7.7,14.6,3.5
Quang Ninh,5.8,11.0,4.9
Hai Phong,4.8,12.1,3.1
Hung Yen,8.0,16.0,5.0
Ninh Binh,10.9,15.6,4.6
Northern Midlands and Mountains,11.9,20.3,5.2
Cao Bang,16.2,27.7,11.1
Tuyen Quang,14.8,26.7,5.4
Lao Cai,12.8,22.7,4.7
Thai Nguyen,10.1,14.1,4.7
Lang Son,14.4,21.0,6.7
Phu Tho,9.6,16.7,4.5
Ðiên Biên,14.6,25.9,6.3
Lai Chau,16.0,25.0,4.9
Son La,14.6,25.3,5.0
North Central,8.6,15.0,4.4
Thanh Hoa,6.9,10.3,3.6
Nghe An,10.6,20.8,5.1
Ha Tinh,7.4,13.5,5.1
Quang Tri,6.7,12.9,3.3
Hue,12.0,20.0,5.6
South Central Coast and Central Highlands,6.3,15.9,5.2
Da Nang,0.0,0.0,0.0
Quang Ngai,15.4,18.9,6.3
Gia Lai,7.6,14.0,6.1
Khanh Hoa,15.2,25.0,5.9
Dak Lak,0.0,0.0,0.0
Lam Dong,5.4,9.2,4.0
South East,8.4,17.0,4.8
Tay Ninh,4.9,8.6,5.5
Dong Nai,4.4,6.5,3.1
Ho Chi Minh city,8.2,14.9,5.2
Mekong River Delta,6.5,11.0,4.9
Vinh Long,8.6,15.4,5.3
Dong Thap,8.7,14.6,4.7
An Giang,8.5,15.8,4.5
Can Tho,9.0,18.1,6.3
Ca Mau,9.7,19.0,5.8
