"Tỉnh, thành phố_code","Tỉnh, thành phố",Năm_code,Năm,value
0,CẢ NƯỚC,0,2020,8222.599999999999
0,CẢ NƯỚC,1,2021,8142.89898
0,CẢ NƯỚC,2,2022,7996.959999999999
0,CẢ NƯỚC,3,2023,8004.21823
0,CẢ NƯỚC,4,2024,7998.83
0,CẢ NƯỚC,5,Sơ bộ 2025,7984.63
1,Đồng bằng sông Hồng,0,2020,1095.4
1,Đồng bằng sông Hồng,1,2021,1077.9
1,Đồng bằng sông Hồng,2,2022,1058.03
1,Đồng bằng sông Hồng,3,2023,1038.36
1,Đồng bằng sông Hồng,4,2024,1029.55
1,Đồng bằng sông Hồng,5,Sơ bộ 2025,1007.95
2,Hà Nội,0,2020,179.4
2,Hà Nội,1,2021,175.34
2,Hà Nội,2,2022,172.15
2,Hà Nội,3,2023,167.17
2,Hà Nội,4,2024,165.04
2,Hà Nội,5,Sơ bộ 2025,160.72
3,Bắc Ninh,0,2020,175.8
3,Bắc Ninh,1,2021,172.71
3,Bắc Ninh,2,2022,168.85
3,Bắc Ninh,3,2023,165.8
3,Bắc Ninh,4,2024,164.15
3,Bắc Ninh,5,Sơ bộ 2025,161.37
4,Quảng Ninh,0,2020,45.2
4,Quảng Ninh,1,2021,44.07
4,Quảng Ninh,2,2022,43.2
4,Quảng Ninh,3,2023,42.68
4,Quảng Ninh,4,2024,42.89
4,Quảng Ninh,5,Sơ bộ 2025,42.67
5,Hải Phòng,0,2020,175.7
5,Hải Phòng,1,2021,173.44
5,Hải Phòng,2,2022,171
5,Hải Phòng,3,2023,168.41
5,Hải Phòng,4,2024,167.57
5,Hải Phòng,5,Sơ bộ 2025,163.96
6,Hưng Yên,0,2020,227.5
6,Hưng Yên,1,2021,223.1
6,Hưng Yên,2,2022,217.54
6,Hưng Yên,3,2023,212.22
6,Hưng Yên,4,2024,210.19
6,Hưng Yên,5,Sơ bộ 2025,205.9
7,Ninh Bình,0,2020,291.8
7,Ninh Bình,1,2021,289.24
7,Ninh Bình,2,2022,285.29
7,Ninh Bình,3,2023,282.08
7,Ninh Bình,4,2024,279.71
7,Ninh Bình,5,Sơ bộ 2025,273.33
8,Trung du và miền núi phía Bắc,0,2020,1044.8
8,Trung du và miền núi phía Bắc,1,2021,1030.26
8,Trung du và miền núi phía Bắc,2,2022,1021.3
8,Trung du và miền núi phía Bắc,3,2023,1013.35
8,Trung du và miền núi phía Bắc,4,2024,1003.18
8,Trung du và miền núi phía Bắc,5,Sơ bộ 2025,998.56
9,Cao Bằng,0,2020,69.8
9,Cao Bằng,1,2021,70.52
9,Cao Bằng,2,2022,71.51
9,Cao Bằng,3,2023,71.38
9,Cao Bằng,4,2024,70.96
9,Cao Bằng,5,Sơ bộ 2025,69.79
10,Tuyên Quang,0,2020,156.5
10,Tuyên Quang,1,2021,155.25
10,Tuyên Quang,2,2022,155.31
10,Tuyên Quang,3,2023,154.5
10,Tuyên Quang,4,2024,152
10,Tuyên Quang,5,Sơ bộ 2025,155.21
11,Lào Cai,0,2020,144.6
11,Lào Cai,1,2021,142.46
11,Lào Cai,2,2022,140.34
11,Lào Cai,3,2023,140.38
11,Lào Cai,4,2024,138.19
11,Lào Cai,5,Sơ bộ 2025,138.69
12,Thái Nguyên,0,2020,123
12,Thái Nguyên,1,2021,121.8
12,Thái Nguyên,2,2022,120.45
12,Thái Nguyên,3,2023,119.28
12,Thái Nguyên,4,2024,118.34
12,Thái Nguyên,5,Sơ bộ 2025,117.19
13,Lạng Sơn,0,2020,67.5
13,Lạng Sơn,1,2021,65.93
13,Lạng Sơn,2,2022,67.32
13,Lạng Sơn,3,2023,67.78
13,Lạng Sơn,4,2024,67.87
13,Lạng Sơn,5,Sơ bộ 2025,67.81
14,Phú Thọ,0,2020,212.2
14,Phú Thọ,1,2021,210.77
14,Phú Thọ,2,2022,210.22
14,Phú Thọ,3,2023,205.34
14,Phú Thọ,4,2024,205.03
14,Phú Thọ,5,Sơ bộ 2025,203.18
15,Điện Biên,0,2020,80.3
15,Điện Biên,1,2021,81.02
15,Điện Biên,2,2022,80.66
15,Điện Biên,3,2023,80.03
15,Điện Biên,4,2024,79.48
15,Điện Biên,5,Sơ bộ 2025,76.59
16,Lai Châu,0,2020,54
16,Lai Châu,1,2021,53.12
16,Lai Châu,2,2022,52.51
16,Lai Châu,3,2023,51.01
16,Lai Châu,4,2024,50.5
16,Lai Châu,5,Sơ bộ 2025,49.45
17,Sơn La,0,2020,136.9
17,Sơn La,1,2021,129.39
17,Sơn La,2,2022,122.98
17,Sơn La,3,2023,123.65
17,Sơn La,4,2024,120.81
17,Sơn La,5,Sơ bộ 2025,120.65
18,Bắc Trung Bộ,0,2020,781.6
18,Bắc Trung Bộ,1,2021,784.54
18,Bắc Trung Bộ,2,2022,773.52
18,Bắc Trung Bộ,3,2023,765.82
18,Bắc Trung Bộ,4,2024,765.15
18,Bắc Trung Bộ,5,Sơ bộ 2025,759.47
19,Thanh Hóa,0,2020,273.9
19,Thanh Hóa,1,2021,273.76
19,Thanh Hóa,2,2022,270.08
19,Thanh Hóa,3,2023,264.49
19,Thanh Hóa,4,2024,264.3
19,Thanh Hóa,5,Sơ bộ 2025,261.12
20,Nghệ An,0,2020,225.7
20,Nghệ An,1,2021,225.14
20,Nghệ An,2,2022,218.92
20,Nghệ An,3,2023,215.72
20,Nghệ An,4,2024,214.34
20,Nghệ An,5,Sơ bộ 2025,211.86
21,Hà Tĩnh,0,2020,114.3
21,Hà Tĩnh,1,2021,117.11
21,Hà Tĩnh,2,2022,117.72
21,Hà Tĩnh,3,2023,118.6
21,Hà Tĩnh,4,2024,118.8
21,Hà Tĩnh,5,Sơ bộ 2025,119.46
22,Quảng Trị,0,2020,112
22,Quảng Trị,1,2021,113.14
22,Quảng Trị,2,2022,112.52
22,Quảng Trị,3,2023,111.98
22,Quảng Trị,4,2024,112.82
22,Quảng Trị,5,Sơ bộ 2025,112.19
23,Huế,0,2020,55.7
23,Huế,1,2021,55.39
23,Huế,2,2022,54.28
23,Huế,3,2023,54.96
23,Huế,4,2024,54.95
23,Huế,5,Sơ bộ 2025,54.84
24,Duyên hải Nam Trung Bộ và Tây Nguyên,0,2020,989.3
24,Duyên hải Nam Trung Bộ và Tây Nguyên,1,2021,1013.65
24,Duyên hải Nam Trung Bộ và Tây Nguyên,2,2022,1009.77
24,Duyên hải Nam Trung Bộ và Tây Nguyên,3,2023,1016.67
24,Duyên hải Nam Trung Bộ và Tây Nguyên,4,2024,1009.86
24,Duyên hải Nam Trung Bộ và Tây Nguyên,5,Sơ bộ 2025,1017.12
25,Đà Nẵng,0,2020,100.1
25,Đà Nẵng,1,2021,99.21
25,Đà Nẵng,2,2022,99.7
25,Đà Nẵng,3,2023,99.2
25,Đà Nẵng,4,2024,99.41
25,Đà Nẵng,5,Sơ bộ 2025,99.46
26,Quảng Ngãi,0,2020,110.2
26,Quảng Ngãi,1,2021,112.16
26,Quảng Ngãi,2,2022,112.96
26,Quảng Ngãi,3,2023,112.11
26,Quảng Ngãi,4,2024,111
26,Quảng Ngãi,5,Sơ bộ 2025,111.69
27,Gia Lai,0,2020,81.8
27,Gia Lai,1,2021,106.37
27,Gia Lai,2,2022,105.11
27,Gia Lai,3,2023,108.95
27,Gia Lai,4,2024,106.79
27,Gia Lai,5,Sơ bộ 2025,105.99
28,Khánh Hòa,0,2020,222
28,Khánh Hòa,1,2021,216.61
28,Khánh Hòa,2,2022,215.93
28,Khánh Hòa,3,2023,216.22
28,Khánh Hòa,4,2024,213.57
28,Khánh Hòa,5,Sơ bộ 2025,216.28
29,Đắk Lắk,0,2020,254.3
29,Đắk Lắk,1,2021,251.93
29,Đắk Lắk,2,2022,254.04
29,Đắk Lắk,3,2023,255.88
29,Đắk Lắk,4,2024,254.81
29,Đắk Lắk,5,Sơ bộ 2025,258.62
30,Lâm Đồng,0,2020,220.9
30,Lâm Đồng,1,2021,227.37
30,Lâm Đồng,2,2022,222.03
30,Lâm Đồng,3,2023,224.31
30,Lâm Đồng,4,2024,224.28
30,Lâm Đồng,5,Sơ bộ 2025,225.08
31,Đông Nam Bộ,0,2020,823.3
31,Đông Nam Bộ,1,2021,825.1615
31,Đông Nam Bộ,2,2022,816.02
31,Đông Nam Bộ,3,2023,822.9608
31,Đông Nam Bộ,4,2024,846.43
31,Đông Nam Bộ,5,Sơ bộ 2025,857.8
32,Tây Ninh,0,2020,655.4
32,Tây Ninh,1,2021,664.6515
32,Tây Ninh,2,2022,662.2
32,Tây Ninh,3,2023,670.3208
32,Tây Ninh,4,2024,694.6
32,Tây Ninh,5,Sơ bộ 2025,706.18
33,Đồng Nai,0,2020,106.4
33,Đồng Nai,1,2021,103.19
33,Đồng Nai,2,2022,100.91
33,Đồng Nai,3,2023,99.9
33,Đồng Nai,4,2024,98
33,Đồng Nai,5,Sơ bộ 2025,97.6
34,TP. Hồ Chí Minh,0,2020,61.5
34,TP. Hồ Chí Minh,1,2021,57.32
34,TP. Hồ Chí Minh,2,2022,52.91
34,TP. Hồ Chí Minh,3,2023,52.8
34,TP. Hồ Chí Minh,4,2024,53.77
34,TP. Hồ Chí Minh,5,Sơ bộ 2025,53.97
35,Đồng bằng sông Cửu Long,0,2020,3488.2
35,Đồng bằng sông Cửu Long,1,2021,3411.38748
35,Đồng bằng sông Cửu Long,2,2022,3318.32
35,Đồng bằng sông Cửu Long,3,2023,3347.05743
35,Đồng bằng sông Cửu Long,4,2024,3344.66
35,Đồng bằng sông Cửu Long,5,Sơ bộ 2025,3343.730000000001
36,Vĩnh Long,0,2020,378.2
36,Vĩnh Long,1,2021,385.33595
36,Vĩnh Long,2,2022,340.29
36,Vĩnh Long,3,2023,343.6328
36,Vĩnh Long,4,2024,332.68
36,Vĩnh Long,5,Sơ bộ 2025,333.5
37,Đồng Tháp,0,2020,658.5
37,Đồng Tháp,1,2021,642.3729
37,Đồng Tháp,2,2022,623.33
37,Đồng Tháp,3,2023,634.75208
37,Đồng Tháp,4,2024,623.51
37,Đồng Tháp,5,Sơ bộ 2025,618.76
38,An Giang,0,2020,1369.1
38,An Giang,1,2021,1346.09363
38,An Giang,2,2022,1310.57
38,An Giang,3,2023,1334.85874
38,An Giang,4,2024,1350.35
38,An Giang,5,Sơ bộ 2025,1349.59
39,Cần Thơ,0,2020,781.6
39,Cần Thơ,1,2021,745.654
39,Cần Thơ,2,2022,743.39
39,Cần Thơ,3,2023,730.00213
39,Cần Thơ,4,2024,732.24
39,Cần Thơ,5,Sơ bộ 2025,725.81
40,Cà Mau,0,2020,300.8
40,Cà Mau,1,2021,291.931
40,Cà Mau,2,2022,300.74
40,Cà Mau,3,2023,303.81168
40,Cà Mau,4,2024,305.88
40,Cà Mau,5,Sơ bộ 2025,316
