Sản lượng và chỉ số phát triển_code,Sản lượng và chỉ số phát triển,Loại hình kinh tế_code,Loại hình kinh tế,Năm_code,Năm,value
0,Sản lượng (Nghìn m3),0,TỔNG SỐ,0,2018,282.36
0,Sản lượng (Nghìn m3),0,TỔNG SỐ,1,2019,268.4
0,Sản lượng (Nghìn m3),0,TỔNG SỐ,2,2020,269.9
0,Sản lượng (Nghìn m3),0,TỔNG SỐ,3,2021,289.9999999999999
0,Sản lượng (Nghìn m3),0,TỔNG SỐ,4,2022,306.5000000000001
0,Sản lượng (Nghìn m3),0,TỔNG SỐ,5,2023,296.3
0,Sản lượng (Nghìn m3),0,TỔNG SỐ,6,2024,304
0,Sản lượng (Nghìn m3),1,Kinh tế Nhà nước,0,2018,37.4
0,Sản lượng (Nghìn m3),1,Kinh tế Nhà nước,1,2019,34.9
0,Sản lượng (Nghìn m3),1,Kinh tế Nhà nước,2,2020,32.9
0,Sản lượng (Nghìn m3),1,Kinh tế Nhà nước,3,2021,35.3959637390595
0,Sản lượng (Nghìn m3),1,Kinh tế Nhà nước,4,2022,36.2
0,Sản lượng (Nghìn m3),1,Kinh tế Nhà nước,5,2023,35.6
0,Sản lượng (Nghìn m3),1,Kinh tế Nhà nước,6,2024,37.44
0,Sản lượng (Nghìn m3),2,Kinh tế Ngoài Nhà nước:,0,2018,243.66
0,Sản lượng (Nghìn m3),2,Kinh tế Ngoài Nhà nước:,1,2019,232.2
0,Sản lượng (Nghìn m3),2,Kinh tế Ngoài Nhà nước:,2,2020,234.9
0,Sản lượng (Nghìn m3),2,Kinh tế Ngoài Nhà nước:,3,2021,252.2965562609404
0,Sản lượng (Nghìn m3),2,Kinh tế Ngoài Nhà nước:,4,2022,268.5000000000001
0,Sản lượng (Nghìn m3),2,Kinh tế Ngoài Nhà nước:,5,2023,258.8
0,Sản lượng (Nghìn m3),2,Kinh tế Ngoài Nhà nước:,6,2024,264.77
0,Sản lượng (Nghìn m3),3,    Tập thể,0,2018,
0,Sản lượng (Nghìn m3),3,    Tập thể,1,2019,
0,Sản lượng (Nghìn m3),3,    Tập thể,2,2020,
0,Sản lượng (Nghìn m3),3,    Tập thể,3,2021,
0,Sản lượng (Nghìn m3),3,    Tập thể,4,2022,
0,Sản lượng (Nghìn m3),3,    Tập thể,5,2023,
0,Sản lượng (Nghìn m3),3,    Tập thể,6,2024,
0,Sản lượng (Nghìn m3),4,    Cá thể,0,2018,
0,Sản lượng (Nghìn m3),4,    Cá thể,1,2019,
0,Sản lượng (Nghìn m3),4,    Cá thể,2,2020,
0,Sản lượng (Nghìn m3),4,    Cá thể,3,2021,
0,Sản lượng (Nghìn m3),4,    Cá thể,4,2022,
0,Sản lượng (Nghìn m3),4,    Cá thể,5,2023,
0,Sản lượng (Nghìn m3),4,    Cá thể,6,2024,
0,Sản lượng (Nghìn m3),5,    Tư nhân,0,2018,
0,Sản lượng (Nghìn m3),5,    Tư nhân,1,2019,
0,Sản lượng (Nghìn m3),5,    Tư nhân,2,2020,
0,Sản lượng (Nghìn m3),5,    Tư nhân,3,2021,
0,Sản lượng (Nghìn m3),5,    Tư nhân,4,2022,
0,Sản lượng (Nghìn m3),5,    Tư nhân,5,2023,
0,Sản lượng (Nghìn m3),5,    Tư nhân,6,2024,
0,Sản lượng (Nghìn m3),6,Khu vực có vốn đầu tư nước ngoài,0,2018,1.3
0,Sản lượng (Nghìn m3),6,Khu vực có vốn đầu tư nước ngoài,1,2019,1.3
0,Sản lượng (Nghìn m3),6,Khu vực có vốn đầu tư nước ngoài,2,2020,2.1
0,Sản lượng (Nghìn m3),6,Khu vực có vốn đầu tư nước ngoài,3,2021,2.30748
0,Sản lượng (Nghìn m3),6,Khu vực có vốn đầu tư nước ngoài,4,2022,1.8
0,Sản lượng (Nghìn m3),6,Khu vực có vốn đầu tư nước ngoài,5,2023,1.9
0,Sản lượng (Nghìn m3),6,Khu vực có vốn đầu tư nước ngoài,6,2024,1.79
1,Chỉ số phát triển (Năm trước = 100) - %,0,TỔNG SỐ,0,2018,99.1084591084591
1,Chỉ số phát triển (Năm trước = 100) - %,0,TỔNG SỐ,1,2019,95.05595693441
1,Chỉ số phát triển (Năm trước = 100) - %,0,TỔNG SỐ,2,2020,100.558867362146
1,Chỉ số phát triển (Năm trước = 100) - %,0,TỔNG SỐ,3,2021,107.4472026676547
1,Chỉ số phát triển (Năm trước = 100) - %,0,TỔNG SỐ,4,2022,105.6896551724138
1,Chỉ số phát triển (Năm trước = 100) - %,0,TỔNG SỐ,5,2023,96.6721044045677
1,Chỉ số phát triển (Năm trước = 100) - %,0,TỔNG SỐ,6,2024,102.598717516031
1,Chỉ số phát triển (Năm trước = 100) - %,1,Kinh tế Nhà nước,0,2018,73.1898238747554
1,Chỉ số phát triển (Năm trước = 100) - %,1,Kinh tế Nhà nước,1,2019,93.3155080213904
1,Chỉ số phát triển (Năm trước = 100) - %,1,Kinh tế Nhà nước,2,2020,94.269340974212
1,Chỉ số phát triển (Năm trước = 100) - %,1,Kinh tế Nhà nước,3,2021,107.586515924193
1,Chỉ số phát triển (Năm trước = 100) - %,1,Kinh tế Nhà nước,4,2022,102.2715478715819
1,Chỉ số phát triển (Năm trước = 100) - %,1,Kinh tế Nhà nước,5,2023,98.3425414364641
1,Chỉ số phát triển (Năm trước = 100) - %,1,Kinh tế Nhà nước,6,2024,105.1685393258427
1,Chỉ số phát triển (Năm trước = 100) - %,2,Kinh tế Ngoài Nhà nước:,0,2018,104.8450946643718
1,Chỉ số phát triển (Năm trước = 100) - %,2,Kinh tế Ngoài Nhà nước:,1,2019,95.2967249445949
1,Chỉ số phát triển (Năm trước = 100) - %,2,Kinh tế Ngoài Nhà nước:,2,2020,101.1627906976744
1,Chỉ số phát triển (Năm trước = 100) - %,2,Kinh tế Ngoài Nhà nước:,3,2021,107.4059413626822
1,Chỉ số phát triển (Năm trước = 100) - %,2,Kinh tế Ngoài Nhà nước:,4,2022,106.4223800670117
1,Chỉ số phát triển (Năm trước = 100) - %,2,Kinh tế Ngoài Nhà nước:,5,2023,96.3873370577281
1,Chỉ số phát triển (Năm trước = 100) - %,2,Kinh tế Ngoài Nhà nước:,6,2024,102.306800618238
1,Chỉ số phát triển (Năm trước = 100) - %,3,    Tập thể,0,2018,
1,Chỉ số phát triển (Năm trước = 100) - %,3,    Tập thể,1,2019,
1,Chỉ số phát triển (Năm trước = 100) - %,3,    Tập thể,2,2020,
1,Chỉ số phát triển (Năm trước = 100) - %,3,    Tập thể,3,2021,
1,Chỉ số phát triển (Năm trước = 100) - %,3,    Tập thể,4,2022,
1,Chỉ số phát triển (Năm trước = 100) - %,3,    Tập thể,5,2023,
1,Chỉ số phát triển (Năm trước = 100) - %,3,    Tập thể,6,2024,
1,Chỉ số phát triển (Năm trước = 100) - %,4,    Cá thể,0,2018,
1,Chỉ số phát triển (Năm trước = 100) - %,4,    Cá thể,1,2019,
1,Chỉ số phát triển (Năm trước = 100) - %,4,    Cá thể,2,2020,
1,Chỉ số phát triển (Năm trước = 100) - %,4,    Cá thể,3,2021,
1,Chỉ số phát triển (Năm trước = 100) - %,4,    Cá thể,4,2022,
1,Chỉ số phát triển (Năm trước = 100) - %,4,    Cá thể,5,2023,
1,Chỉ số phát triển (Năm trước = 100) - %,4,    Cá thể,6,2024,
1,Chỉ số phát triển (Năm trước = 100) - %,5,    Tư nhân,0,2018,
1,Chỉ số phát triển (Năm trước = 100) - %,5,    Tư nhân,1,2019,
1,Chỉ số phát triển (Năm trước = 100) - %,5,    Tư nhân,2,2020,
1,Chỉ số phát triển (Năm trước = 100) - %,5,    Tư nhân,3,2021,
1,Chỉ số phát triển (Năm trước = 100) - %,5,    Tư nhân,4,2022,
1,Chỉ số phát triển (Năm trước = 100) - %,5,    Tư nhân,5,2023,
1,Chỉ số phát triển (Năm trước = 100) - %,5,    Tư nhân,6,2024,
1,Chỉ số phát triển (Năm trước = 100) - %,6,Khu vực có vốn đầu tư nước ngoài,0,2018,92.8571428571429
1,Chỉ số phát triển (Năm trước = 100) - %,6,Khu vực có vốn đầu tư nước ngoài,1,2019,100
1,Chỉ số phát triển (Năm trước = 100) - %,6,Khu vực có vốn đầu tư nước ngoài,2,2020,161.5384615384615
1,Chỉ số phát triển (Năm trước = 100) - %,6,Khu vực có vốn đầu tư nước ngoài,3,2021,109.88
1,Chỉ số phát triển (Năm trước = 100) - %,6,Khu vực có vốn đầu tư nước ngoài,4,2022,78.0071766602527
1,Chỉ số phát triển (Năm trước = 100) - %,6,Khu vực có vốn đầu tư nước ngoài,5,2023,105.5555555555556
1,Chỉ số phát triển (Năm trước = 100) - %,6,Khu vực có vốn đầu tư nước ngoài,6,2024,94.2105263157895
