indicator_id,section,indicator,breakdown,province_code,province,period,period_type,value,unit,period_status,source_id,source_url,geography_version
e0639_c9b3c38247,agriculture,Production of bud tea by province,Total,VN_SRC_HAGIANG,Ha Giang,2010,annual,57.0,Thous. tons,not_specified,E0639,https://www.nso.gov.vn/en/px-web?pxid=E0639&theme=Agriculture%2C%20Forestry%20and%20Fishing,source_reported_unharmonized
e0639_c9b3c38247,agriculture,Production of bud tea by province,Total,VN_SRC_HAGIANG,Ha Giang,2011,annual,58.0,Thous. tons,not_specified,E0639,https://www.nso.gov.vn/en/px-web?pxid=E0639&theme=Agriculture%2C%20Forestry%20and%20Fishing,source_reported_unharmonized
e0639_c9b3c38247,agriculture,Production of bud tea by province,Total,VN_SRC_HAGIANG,Ha Giang,2012,annual,59.7,Thous. tons,not_specified,E0639,https://www.nso.gov.vn/en/px-web?pxid=E0639&theme=Agriculture%2C%20Forestry%20and%20Fishing,source_reported_unharmonized
e0639_c9b3c38247,agriculture,Production of bud tea by province,Total,VN_SRC_HAGIANG,Ha Giang,2013,annual,60.5,Thous. tons,not_specified,E0639,https://www.nso.gov.vn/en/px-web?pxid=E0639&theme=Agriculture%2C%20Forestry%20and%20Fishing,source_reported_unharmonized
e0639_c9b3c38247,agriculture,Production of bud tea by province,Total,VN_SRC_HAGIANG,Ha Giang,2014,annual,65.3,Thous. tons,not_specified,E0639,https://www.nso.gov.vn/en/px-web?pxid=E0639&theme=Agriculture%2C%20Forestry%20and%20Fishing,source_reported_unharmonized
e0639_c9b3c38247,agriculture,Production of bud tea by province,Total,VN_SRC_HAGIANG,Ha Giang,2015,annual,68.7,Thous. tons,not_specified,E0639,https://www.nso.gov.vn/en/px-web?pxid=E0639&theme=Agriculture%2C%20Forestry%20and%20Fishing,source_reported_unharmonized
e0639_c9b3c38247,agriculture,Production of bud tea by province,Total,VN_SRC_HAGIANG,Ha Giang,2016,annual,65.5,Thous. tons,not_specified,E0639,https://www.nso.gov.vn/en/px-web?pxid=E0639&theme=Agriculture%2C%20Forestry%20and%20Fishing,source_reported_unharmonized
e0639_c9b3c38247,agriculture,Production of bud tea by province,Total,VN_SRC_HAGIANG,Ha Giang,2017,annual,67.5,Thous. tons,not_specified,E0639,https://www.nso.gov.vn/en/px-web?pxid=E0639&theme=Agriculture%2C%20Forestry%20and%20Fishing,source_reported_unharmonized
e0639_c9b3c38247,agriculture,Production of bud tea by province,Total,VN_SRC_HAGIANG,Ha Giang,2018,annual,71.8,Thous. tons,not_specified,E0639,https://www.nso.gov.vn/en/px-web?pxid=E0639&theme=Agriculture%2C%20Forestry%20and%20Fishing,source_reported_unharmonized
e0639_c9b3c38247,agriculture,Production of bud tea by province,Total,VN_SRC_HAGIANG,Ha Giang,2019,annual,70.1,Thous. tons,not_specified,E0639,https://www.nso.gov.vn/en/px-web?pxid=E0639&theme=Agriculture%2C%20Forestry%20and%20Fishing,source_reported_unharmonized
e0639_c9b3c38247,agriculture,Production of bud tea by province,Total,VN_SRC_HAGIANG,Ha Giang,2020,annual,87.4,Thous. tons,not_specified,E0639,https://www.nso.gov.vn/en/px-web?pxid=E0639&theme=Agriculture%2C%20Forestry%20and%20Fishing,source_reported_unharmonized
e0639_c9b3c38247,agriculture,Production of bud tea by province,Total,VN_SRC_HAGIANG,Ha Giang,2021,annual,91.7,Thous. tons,not_specified,E0639,https://www.nso.gov.vn/en/px-web?pxid=E0639&theme=Agriculture%2C%20Forestry%20and%20Fishing,source_reported_unharmonized
e0639_c9b3c38247,agriculture,Production of bud tea by province,Total,VN_SRC_HAGIANG,Ha Giang,2022,annual,88.6,Thous. tons,not_specified,E0639,https://www.nso.gov.vn/en/px-web?pxid=E0639&theme=Agriculture%2C%20Forestry%20and%20Fishing,source_reported_unharmonized
e0639_c9b3c38247,agriculture,Production of bud tea by province,Total,VN_SRC_HAGIANG,Ha Giang,2023,annual,86.2,Thous. tons,not_specified,E0639,https://www.nso.gov.vn/en/px-web?pxid=E0639&theme=Agriculture%2C%20Forestry%20and%20Fishing,source_reported_unharmonized
e0639_c9b3c38247,agriculture,Production of bud tea by province,Total,VN_SRC_HAGIANG,Ha Giang,2024,annual,90.1,Thous. tons,not_specified,E0639,https://www.nso.gov.vn/en/px-web?pxid=E0639&theme=Agriculture%2C%20Forestry%20and%20Fishing,source_reported_unharmonized
e0639_c9b3c38247,agriculture,Production of bud tea by province,Total,VN_SRC_HAGIANG,Ha Giang,2025,annual,89.0,Thous. tons,preliminary,E0639,https://www.nso.gov.vn/en/px-web?pxid=E0639&theme=Agriculture%2C%20Forestry%20and%20Fishing,source_reported_unharmonized
e0639_c9b3c38247,agriculture,Production of bud tea by province,Total,VN_SRC_TUYENQUANG,Tuyen Quang,2010,annual,41.2,Thous. tons,not_specified,E0639,https://www.nso.gov.vn/en/px-web?pxid=E0639&theme=Agriculture%2C%20Forestry%20and%20Fishing,source_reported_unharmonized
e0639_c9b3c38247,agriculture,Production of bud tea by province,Total,VN_SRC_TUYENQUANG,Tuyen Quang,2011,annual,45.6,Thous. tons,not_specified,E0639,https://www.nso.gov.vn/en/px-web?pxid=E0639&theme=Agriculture%2C%20Forestry%20and%20Fishing,source_reported_unharmonized
e0639_c9b3c38247,agriculture,Production of bud tea by province,Total,VN_SRC_TUYENQUANG,Tuyen Quang,2012,annual,48.4,Thous. tons,not_specified,E0639,https://www.nso.gov.vn/en/px-web?pxid=E0639&theme=Agriculture%2C%20Forestry%20and%20Fishing,source_reported_unharmonized
e0639_c9b3c38247,agriculture,Production of bud tea by province,Total,VN_SRC_TUYENQUANG,Tuyen Quang,2013,annual,46.1,Thous. tons,not_specified,E0639,https://www.nso.gov.vn/en/px-web?pxid=E0639&theme=Agriculture%2C%20Forestry%20and%20Fishing,source_reported_unharmonized
e0639_c9b3c38247,agriculture,Production of bud tea by province,Total,VN_SRC_TUYENQUANG,Tuyen Quang,2014,annual,52.0,Thous. tons,not_specified,E0639,https://www.nso.gov.vn/en/px-web?pxid=E0639&theme=Agriculture%2C%20Forestry%20and%20Fishing,source_reported_unharmonized
e0639_c9b3c38247,agriculture,Production of bud tea by province,Total,VN_SRC_TUYENQUANG,Tuyen Quang,2015,annual,64.2,Thous. tons,not_specified,E0639,https://www.nso.gov.vn/en/px-web?pxid=E0639&theme=Agriculture%2C%20Forestry%20and%20Fishing,source_reported_unharmonized
e0639_c9b3c38247,agriculture,Production of bud tea by province,Total,VN_SRC_TUYENQUANG,Tuyen Quang,2016,annual,65.9,Thous. tons,not_specified,E0639,https://www.nso.gov.vn/en/px-web?pxid=E0639&theme=Agriculture%2C%20Forestry%20and%20Fishing,source_reported_unharmonized
e0639_c9b3c38247,agriculture,Production of bud tea by province,Total,VN_SRC_TUYENQUANG,Tuyen Quang,2017,annual,65.8,Thous. tons,not_specified,E0639,https://www.nso.gov.vn/en/px-web?pxid=E0639&theme=Agriculture%2C%20Forestry%20and%20Fishing,source_reported_unharmonized
e0639_c9b3c38247,agriculture,Production of bud tea by province,Total,VN_SRC_TUYENQUANG,Tuyen Quang,2018,annual,64.2,Thous. tons,not_specified,E0639,https://www.nso.gov.vn/en/px-web?pxid=E0639&theme=Agriculture%2C%20Forestry%20and%20Fishing,source_reported_unharmonized
e0639_c9b3c38247,agriculture,Production of bud tea by province,Total,VN_SRC_TUYENQUANG,Tuyen Quang,2019,annual,65.5,Thous. tons,not_specified,E0639,https://www.nso.gov.vn/en/px-web?pxid=E0639&theme=Agriculture%2C%20Forestry%20and%20Fishing,source_reported_unharmonized
e0639_c9b3c38247,agriculture,Production of bud tea by province,Total,VN_SRC_TUYENQUANG,Tuyen Quang,2020,annual,67.5,Thous. tons,not_specified,E0639,https://www.nso.gov.vn/en/px-web?pxid=E0639&theme=Agriculture%2C%20Forestry%20and%20Fishing,source_reported_unharmonized
e0639_c9b3c38247,agriculture,Production of bud tea by province,Total,VN_SRC_TUYENQUANG,Tuyen Quang,2021,annual,68.3,Thous. tons,not_specified,E0639,https://www.nso.gov.vn/en/px-web?pxid=E0639&theme=Agriculture%2C%20Forestry%20and%20Fishing,source_reported_unharmonized
e0639_c9b3c38247,agriculture,Production of bud tea by province,Total,VN_SRC_TUYENQUANG,Tuyen Quang,2022,annual,69.7,Thous. tons,not_specified,E0639,https://www.nso.gov.vn/en/px-web?pxid=E0639&theme=Agriculture%2C%20Forestry%20and%20Fishing,source_reported_unharmonized
e0639_c9b3c38247,agriculture,Production of bud tea by province,Total,VN_SRC_TUYENQUANG,Tuyen Quang,2023,annual,70.3,Thous. tons,not_specified,E0639,https://www.nso.gov.vn/en/px-web?pxid=E0639&theme=Agriculture%2C%20Forestry%20and%20Fishing,source_reported_unharmonized
e0639_c9b3c38247,agriculture,Production of bud tea by province,Total,VN_SRC_TUYENQUANG,Tuyen Quang,2024,annual,70.8,Thous. tons,not_specified,E0639,https://www.nso.gov.vn/en/px-web?pxid=E0639&theme=Agriculture%2C%20Forestry%20and%20Fishing,source_reported_unharmonized
e0639_c9b3c38247,agriculture,Production of bud tea by province,Total,VN_SRC_TUYENQUANG,Tuyen Quang,2025,annual,70.2,Thous. tons,preliminary,E0639,https://www.nso.gov.vn/en/px-web?pxid=E0639&theme=Agriculture%2C%20Forestry%20and%20Fishing,source_reported_unharmonized
e0639_c9b3c38247,agriculture,Production of bud tea by province,Total,VN_SRC_LAOCAI,Lao Cai,2010,annual,11.3,Thous. tons,not_specified,E0639,https://www.nso.gov.vn/en/px-web?pxid=E0639&theme=Agriculture%2C%20Forestry%20and%20Fishing,source_reported_unharmonized
e0639_c9b3c38247,agriculture,Production of bud tea by province,Total,VN_SRC_LAOCAI,Lao Cai,2011,annual,12.6,Thous. tons,not_specified,E0639,https://www.nso.gov.vn/en/px-web?pxid=E0639&theme=Agriculture%2C%20Forestry%20and%20Fishing,source_reported_unharmonized
e0639_c9b3c38247,agriculture,Production of bud tea by province,Total,VN_SRC_LAOCAI,Lao Cai,2012,annual,13.7,Thous. tons,not_specified,E0639,https://www.nso.gov.vn/en/px-web?pxid=E0639&theme=Agriculture%2C%20Forestry%20and%20Fishing,source_reported_unharmonized
e0639_c9b3c38247,agriculture,Production of bud tea by province,Total,VN_SRC_LAOCAI,Lao Cai,2013,annual,11.9,Thous. tons,not_specified,E0639,https://www.nso.gov.vn/en/px-web?pxid=E0639&theme=Agriculture%2C%20Forestry%20and%20Fishing,source_reported_unharmonized
e0639_c9b3c38247,agriculture,Production of bud tea by province,Total,VN_SRC_LAOCAI,Lao Cai,2014,annual,14.2,Thous. tons,not_specified,E0639,https://www.nso.gov.vn/en/px-web?pxid=E0639&theme=Agriculture%2C%20Forestry%20and%20Fishing,source_reported_unharmonized
e0639_c9b3c38247,agriculture,Production of bud tea by province,Total,VN_SRC_LAOCAI,Lao Cai,2015,annual,16.9,Thous. tons,not_specified,E0639,https://www.nso.gov.vn/en/px-web?pxid=E0639&theme=Agriculture%2C%20Forestry%20and%20Fishing,source_reported_unharmonized
e0639_c9b3c38247,agriculture,Production of bud tea by province,Total,VN_SRC_LAOCAI,Lao Cai,2016,annual,17.6,Thous. tons,not_specified,E0639,https://www.nso.gov.vn/en/px-web?pxid=E0639&theme=Agriculture%2C%20Forestry%20and%20Fishing,source_reported_unharmonized
e0639_c9b3c38247,agriculture,Production of bud tea by province,Total,VN_SRC_LAOCAI,Lao Cai,2017,annual,18.6,Thous. tons,not_specified,E0639,https://www.nso.gov.vn/en/px-web?pxid=E0639&theme=Agriculture%2C%20Forestry%20and%20Fishing,source_reported_unharmonized
e0639_c9b3c38247,agriculture,Production of bud tea by province,Total,VN_SRC_LAOCAI,Lao Cai,2018,annual,24.0,Thous. tons,not_specified,E0639,https://www.nso.gov.vn/en/px-web?pxid=E0639&theme=Agriculture%2C%20Forestry%20and%20Fishing,source_reported_unharmonized
e0639_c9b3c38247,agriculture,Production of bud tea by province,Total,VN_SRC_LAOCAI,Lao Cai,2019,annual,30.1,Thous. tons,not_specified,E0639,https://www.nso.gov.vn/en/px-web?pxid=E0639&theme=Agriculture%2C%20Forestry%20and%20Fishing,source_reported_unharmonized
e0639_c9b3c38247,agriculture,Production of bud tea by province,Total,VN_SRC_LAOCAI,Lao Cai,2020,annual,37.2,Thous. tons,not_specified,E0639,https://www.nso.gov.vn/en/px-web?pxid=E0639&theme=Agriculture%2C%20Forestry%20and%20Fishing,source_reported_unharmonized
e0639_c9b3c38247,agriculture,Production of bud tea by province,Total,VN_SRC_LAOCAI,Lao Cai,2021,annual,37.7,Thous. tons,not_specified,E0639,https://www.nso.gov.vn/en/px-web?pxid=E0639&theme=Agriculture%2C%20Forestry%20and%20Fishing,source_reported_unharmonized
e0639_c9b3c38247,agriculture,Production of bud tea by province,Total,VN_SRC_LAOCAI,Lao Cai,2022,annual,41.7,Thous. tons,not_specified,E0639,https://www.nso.gov.vn/en/px-web?pxid=E0639&theme=Agriculture%2C%20Forestry%20and%20Fishing,source_reported_unharmonized
e0639_c9b3c38247,agriculture,Production of bud tea by province,Total,VN_SRC_LAOCAI,Lao Cai,2023,annual,44.3,Thous. tons,not_specified,E0639,https://www.nso.gov.vn/en/px-web?pxid=E0639&theme=Agriculture%2C%20Forestry%20and%20Fishing,source_reported_unharmonized
e0639_c9b3c38247,agriculture,Production of bud tea by province,Total,VN_SRC_LAOCAI,Lao Cai,2024,annual,46.8,Thous. tons,not_specified,E0639,https://www.nso.gov.vn/en/px-web?pxid=E0639&theme=Agriculture%2C%20Forestry%20and%20Fishing,source_reported_unharmonized
e0639_c9b3c38247,agriculture,Production of bud tea by province,Total,VN_SRC_LAOCAI,Lao Cai,2025,annual,50.7,Thous. tons,preliminary,E0639,https://www.nso.gov.vn/en/px-web?pxid=E0639&theme=Agriculture%2C%20Forestry%20and%20Fishing,source_reported_unharmonized
e0639_c9b3c38247,agriculture,Production of bud tea by province,Total,VN_SRC_YENBAI,Yen Bai,2010,annual,85.9,Thous. tons,not_specified,E0639,https://www.nso.gov.vn/en/px-web?pxid=E0639&theme=Agriculture%2C%20Forestry%20and%20Fishing,source_reported_unharmonized
e0639_c9b3c38247,agriculture,Production of bud tea by province,Total,VN_SRC_YENBAI,Yen Bai,2011,annual,88.8,Thous. tons,not_specified,E0639,https://www.nso.gov.vn/en/px-web?pxid=E0639&theme=Agriculture%2C%20Forestry%20and%20Fishing,source_reported_unharmonized
e0639_c9b3c38247,agriculture,Production of bud tea by province,Total,VN_SRC_YENBAI,Yen Bai,2012,annual,91.0,Thous. tons,not_specified,E0639,https://www.nso.gov.vn/en/px-web?pxid=E0639&theme=Agriculture%2C%20Forestry%20and%20Fishing,source_reported_unharmonized
e0639_c9b3c38247,agriculture,Production of bud tea by province,Total,VN_SRC_YENBAI,Yen Bai,2013,annual,91.0,Thous. tons,not_specified,E0639,https://www.nso.gov.vn/en/px-web?pxid=E0639&theme=Agriculture%2C%20Forestry%20and%20Fishing,source_reported_unharmonized
e0639_c9b3c38247,agriculture,Production of bud tea by province,Total,VN_SRC_YENBAI,Yen Bai,2014,annual,87.8,Thous. tons,not_specified,E0639,https://www.nso.gov.vn/en/px-web?pxid=E0639&theme=Agriculture%2C%20Forestry%20and%20Fishing,source_reported_unharmonized
e0639_c9b3c38247,agriculture,Production of bud tea by province,Total,VN_SRC_YENBAI,Yen Bai,2015,annual,85.4,Thous. tons,not_specified,E0639,https://www.nso.gov.vn/en/px-web?pxid=E0639&theme=Agriculture%2C%20Forestry%20and%20Fishing,source_reported_unharmonized
e0639_c9b3c38247,agriculture,Production of bud tea by province,Total,VN_SRC_YENBAI,Yen Bai,2016,annual,80.6,Thous. tons,not_specified,E0639,https://www.nso.gov.vn/en/px-web?pxid=E0639&theme=Agriculture%2C%20Forestry%20and%20Fishing,source_reported_unharmonized
e0639_c9b3c38247,agriculture,Production of bud tea by province,Total,VN_SRC_YENBAI,Yen Bai,2017,annual,70.0,Thous. tons,not_specified,E0639,https://www.nso.gov.vn/en/px-web?pxid=E0639&theme=Agriculture%2C%20Forestry%20and%20Fishing,source_reported_unharmonized
e0639_c9b3c38247,agriculture,Production of bud tea by province,Total,VN_SRC_YENBAI,Yen Bai,2018,annual,65.9,Thous. tons,not_specified,E0639,https://www.nso.gov.vn/en/px-web?pxid=E0639&theme=Agriculture%2C%20Forestry%20and%20Fishing,source_reported_unharmonized
e0639_c9b3c38247,agriculture,Production of bud tea by province,Total,VN_SRC_YENBAI,Yen Bai,2019,annual,69.8,Thous. tons,not_specified,E0639,https://www.nso.gov.vn/en/px-web?pxid=E0639&theme=Agriculture%2C%20Forestry%20and%20Fishing,source_reported_unharmonized
e0639_c9b3c38247,agriculture,Production of bud tea by province,Total,VN_SRC_YENBAI,Yen Bai,2020,annual,74.0,Thous. tons,not_specified,E0639,https://www.nso.gov.vn/en/px-web?pxid=E0639&theme=Agriculture%2C%20Forestry%20and%20Fishing,source_reported_unharmonized
e0639_c9b3c38247,agriculture,Production of bud tea by province,Total,VN_SRC_YENBAI,Yen Bai,2021,annual,68.6,Thous. tons,not_specified,E0639,https://www.nso.gov.vn/en/px-web?pxid=E0639&theme=Agriculture%2C%20Forestry%20and%20Fishing,source_reported_unharmonized
e0639_c9b3c38247,agriculture,Production of bud tea by province,Total,VN_SRC_YENBAI,Yen Bai,2022,annual,68.1,Thous. tons,not_specified,E0639,https://www.nso.gov.vn/en/px-web?pxid=E0639&theme=Agriculture%2C%20Forestry%20and%20Fishing,source_reported_unharmonized
e0639_c9b3c38247,agriculture,Production of bud tea by province,Total,VN_SRC_YENBAI,Yen Bai,2023,annual,65.7,Thous. tons,not_specified,E0639,https://www.nso.gov.vn/en/px-web?pxid=E0639&theme=Agriculture%2C%20Forestry%20and%20Fishing,source_reported_unharmonized
e0639_c9b3c38247,agriculture,Production of bud tea by province,Total,VN_SRC_YENBAI,Yen Bai,2024,annual,68.8,Thous. tons,not_specified,E0639,https://www.nso.gov.vn/en/px-web?pxid=E0639&theme=Agriculture%2C%20Forestry%20and%20Fishing,source_reported_unharmonized
e0639_c9b3c38247,agriculture,Production of bud tea by province,Total,VN_SRC_YENBAI,Yen Bai,2025,annual,65.9,Thous. tons,preliminary,E0639,https://www.nso.gov.vn/en/px-web?pxid=E0639&theme=Agriculture%2C%20Forestry%20and%20Fishing,source_reported_unharmonized
e0639_c9b3c38247,agriculture,Production of bud tea by province,Total,VN_SRC_THAINGUYEN,Thai Nguyen,2010,annual,174.9,Thous. tons,not_specified,E0639,https://www.nso.gov.vn/en/px-web?pxid=E0639&theme=Agriculture%2C%20Forestry%20and%20Fishing,source_reported_unharmonized
e0639_c9b3c38247,agriculture,Production of bud tea by province,Total,VN_SRC_THAINGUYEN,Thai Nguyen,2011,annual,181.0,Thous. tons,not_specified,E0639,https://www.nso.gov.vn/en/px-web?pxid=E0639&theme=Agriculture%2C%20Forestry%20and%20Fishing,source_reported_unharmonized
e0639_c9b3c38247,agriculture,Production of bud tea by province,Total,VN_SRC_THAINGUYEN,Thai Nguyen,2012,annual,184.9,Thous. tons,not_specified,E0639,https://www.nso.gov.vn/en/px-web?pxid=E0639&theme=Agriculture%2C%20Forestry%20and%20Fishing,source_reported_unharmonized
e0639_c9b3c38247,agriculture,Production of bud tea by province,Total,VN_SRC_THAINGUYEN,Thai Nguyen,2013,annual,193.4,Thous. tons,not_specified,E0639,https://www.nso.gov.vn/en/px-web?pxid=E0639&theme=Agriculture%2C%20Forestry%20and%20Fishing,source_reported_unharmonized
e0639_c9b3c38247,agriculture,Production of bud tea by province,Total,VN_SRC_THAINGUYEN,Thai Nguyen,2014,annual,193.0,Thous. tons,not_specified,E0639,https://www.nso.gov.vn/en/px-web?pxid=E0639&theme=Agriculture%2C%20Forestry%20and%20Fishing,source_reported_unharmonized
e0639_c9b3c38247,agriculture,Production of bud tea by province,Total,VN_SRC_THAINGUYEN,Thai Nguyen,2015,annual,202.3,Thous. tons,not_specified,E0639,https://www.nso.gov.vn/en/px-web?pxid=E0639&theme=Agriculture%2C%20Forestry%20and%20Fishing,source_reported_unharmonized
e0639_c9b3c38247,agriculture,Production of bud tea by province,Total,VN_SRC_THAINGUYEN,Thai Nguyen,2016,annual,211.2,Thous. tons,not_specified,E0639,https://www.nso.gov.vn/en/px-web?pxid=E0639&theme=Agriculture%2C%20Forestry%20and%20Fishing,source_reported_unharmonized
e0639_c9b3c38247,agriculture,Production of bud tea by province,Total,VN_SRC_THAINGUYEN,Thai Nguyen,2017,annual,224.7,Thous. tons,not_specified,E0639,https://www.nso.gov.vn/en/px-web?pxid=E0639&theme=Agriculture%2C%20Forestry%20and%20Fishing,source_reported_unharmonized
e0639_c9b3c38247,agriculture,Production of bud tea by province,Total,VN_SRC_THAINGUYEN,Thai Nguyen,2018,annual,224.6,Thous. tons,not_specified,E0639,https://www.nso.gov.vn/en/px-web?pxid=E0639&theme=Agriculture%2C%20Forestry%20and%20Fishing,source_reported_unharmonized
e0639_c9b3c38247,agriculture,Production of bud tea by province,Total,VN_SRC_THAINGUYEN,Thai Nguyen,2019,annual,239.2,Thous. tons,not_specified,E0639,https://www.nso.gov.vn/en/px-web?pxid=E0639&theme=Agriculture%2C%20Forestry%20and%20Fishing,source_reported_unharmonized
e0639_c9b3c38247,agriculture,Production of bud tea by province,Total,VN_SRC_THAINGUYEN,Thai Nguyen,2020,annual,244.4,Thous. tons,not_specified,E0639,https://www.nso.gov.vn/en/px-web?pxid=E0639&theme=Agriculture%2C%20Forestry%20and%20Fishing,source_reported_unharmonized
e0639_c9b3c38247,agriculture,Production of bud tea by province,Total,VN_SRC_THAINGUYEN,Thai Nguyen,2021,annual,250.7,Thous. tons,not_specified,E0639,https://www.nso.gov.vn/en/px-web?pxid=E0639&theme=Agriculture%2C%20Forestry%20and%20Fishing,source_reported_unharmonized
e0639_c9b3c38247,agriculture,Production of bud tea by province,Total,VN_SRC_THAINGUYEN,Thai Nguyen,2022,annual,260.9,Thous. tons,not_specified,E0639,https://www.nso.gov.vn/en/px-web?pxid=E0639&theme=Agriculture%2C%20Forestry%20and%20Fishing,source_reported_unharmonized
e0639_c9b3c38247,agriculture,Production of bud tea by province,Total,VN_SRC_THAINGUYEN,Thai Nguyen,2023,annual,264.4,Thous. tons,not_specified,E0639,https://www.nso.gov.vn/en/px-web?pxid=E0639&theme=Agriculture%2C%20Forestry%20and%20Fishing,source_reported_unharmonized
e0639_c9b3c38247,agriculture,Production of bud tea by province,Total,VN_SRC_THAINGUYEN,Thai Nguyen,2024,annual,273.7,Thous. tons,not_specified,E0639,https://www.nso.gov.vn/en/px-web?pxid=E0639&theme=Agriculture%2C%20Forestry%20and%20Fishing,source_reported_unharmonized
e0639_c9b3c38247,agriculture,Production of bud tea by province,Total,VN_SRC_THAINGUYEN,Thai Nguyen,2025,annual,261.3,Thous. tons,preliminary,E0639,https://www.nso.gov.vn/en/px-web?pxid=E0639&theme=Agriculture%2C%20Forestry%20and%20Fishing,source_reported_unharmonized
e0639_c9b3c38247,agriculture,Production of bud tea by province,Total,VN_SRC_LAICHAU,Lai Chau,2010,annual,18.3,Thous. tons,not_specified,E0639,https://www.nso.gov.vn/en/px-web?pxid=E0639&theme=Agriculture%2C%20Forestry%20and%20Fishing,source_reported_unharmonized
e0639_c9b3c38247,agriculture,Production of bud tea by province,Total,VN_SRC_LAICHAU,Lai Chau,2011,annual,19.8,Thous. tons,not_specified,E0639,https://www.nso.gov.vn/en/px-web?pxid=E0639&theme=Agriculture%2C%20Forestry%20and%20Fishing,source_reported_unharmonized
e0639_c9b3c38247,agriculture,Production of bud tea by province,Total,VN_SRC_LAICHAU,Lai Chau,2012,annual,19.6,Thous. tons,not_specified,E0639,https://www.nso.gov.vn/en/px-web?pxid=E0639&theme=Agriculture%2C%20Forestry%20and%20Fishing,source_reported_unharmonized
e0639_c9b3c38247,agriculture,Production of bud tea by province,Total,VN_SRC_LAICHAU,Lai Chau,2013,annual,20.1,Thous. tons,not_specified,E0639,https://www.nso.gov.vn/en/px-web?pxid=E0639&theme=Agriculture%2C%20Forestry%20and%20Fishing,source_reported_unharmonized
e0639_c9b3c38247,agriculture,Production of bud tea by province,Total,VN_SRC_LAICHAU,Lai Chau,2014,annual,22.6,Thous. tons,not_specified,E0639,https://www.nso.gov.vn/en/px-web?pxid=E0639&theme=Agriculture%2C%20Forestry%20and%20Fishing,source_reported_unharmonized
e0639_c9b3c38247,agriculture,Production of bud tea by province,Total,VN_SRC_LAICHAU,Lai Chau,2015,annual,25.2,Thous. tons,not_specified,E0639,https://www.nso.gov.vn/en/px-web?pxid=E0639&theme=Agriculture%2C%20Forestry%20and%20Fishing,source_reported_unharmonized
e0639_c9b3c38247,agriculture,Production of bud tea by province,Total,VN_SRC_LAICHAU,Lai Chau,2016,annual,26.2,Thous. tons,not_specified,E0639,https://www.nso.gov.vn/en/px-web?pxid=E0639&theme=Agriculture%2C%20Forestry%20and%20Fishing,source_reported_unharmonized
e0639_c9b3c38247,agriculture,Production of bud tea by province,Total,VN_SRC_LAICHAU,Lai Chau,2017,annual,27.5,Thous. tons,not_specified,E0639,https://www.nso.gov.vn/en/px-web?pxid=E0639&theme=Agriculture%2C%20Forestry%20and%20Fishing,source_reported_unharmonized
e0639_c9b3c38247,agriculture,Production of bud tea by province,Total,VN_SRC_LAICHAU,Lai Chau,2018,annual,34.6,Thous. tons,not_specified,E0639,https://www.nso.gov.vn/en/px-web?pxid=E0639&theme=Agriculture%2C%20Forestry%20and%20Fishing,source_reported_unharmonized
e0639_c9b3c38247,agriculture,Production of bud tea by province,Total,VN_SRC_LAICHAU,Lai Chau,2019,annual,35.5,Thous. tons,not_specified,E0639,https://www.nso.gov.vn/en/px-web?pxid=E0639&theme=Agriculture%2C%20Forestry%20and%20Fishing,source_reported_unharmonized
e0639_c9b3c38247,agriculture,Production of bud tea by province,Total,VN_SRC_LAICHAU,Lai Chau,2020,annual,40.8,Thous. tons,not_specified,E0639,https://www.nso.gov.vn/en/px-web?pxid=E0639&theme=Agriculture%2C%20Forestry%20and%20Fishing,source_reported_unharmonized
e0639_c9b3c38247,agriculture,Production of bud tea by province,Total,VN_SRC_LAICHAU,Lai Chau,2021,annual,44.0,Thous. tons,not_specified,E0639,https://www.nso.gov.vn/en/px-web?pxid=E0639&theme=Agriculture%2C%20Forestry%20and%20Fishing,source_reported_unharmonized
e0639_c9b3c38247,agriculture,Production of bud tea by province,Total,VN_SRC_LAICHAU,Lai Chau,2022,annual,51.8,Thous. tons,not_specified,E0639,https://www.nso.gov.vn/en/px-web?pxid=E0639&theme=Agriculture%2C%20Forestry%20and%20Fishing,source_reported_unharmonized
e0639_c9b3c38247,agriculture,Production of bud tea by province,Total,VN_SRC_LAICHAU,Lai Chau,2023,annual,55.2,Thous. tons,not_specified,E0639,https://www.nso.gov.vn/en/px-web?pxid=E0639&theme=Agriculture%2C%20Forestry%20and%20Fishing,source_reported_unharmonized
e0639_c9b3c38247,agriculture,Production of bud tea by province,Total,VN_SRC_LAICHAU,Lai Chau,2024,annual,66.4,Thous. tons,not_specified,E0639,https://www.nso.gov.vn/en/px-web?pxid=E0639&theme=Agriculture%2C%20Forestry%20and%20Fishing,source_reported_unharmonized
e0639_c9b3c38247,agriculture,Production of bud tea by province,Total,VN_SRC_LAICHAU,Lai Chau,2025,annual,70.9,Thous. tons,preliminary,E0639,https://www.nso.gov.vn/en/px-web?pxid=E0639&theme=Agriculture%2C%20Forestry%20and%20Fishing,source_reported_unharmonized
e0639_c9b3c38247,agriculture,Production of bud tea by province,Total,VN_SRC_SONLA,Son La,2010,annual,23.9,Thous. tons,not_specified,E0639,https://www.nso.gov.vn/en/px-web?pxid=E0639&theme=Agriculture%2C%20Forestry%20and%20Fishing,source_reported_unharmonized
e0639_c9b3c38247,agriculture,Production of bud tea by province,Total,VN_SRC_SONLA,Son La,2011,annual,25.1,Thous. tons,not_specified,E0639,https://www.nso.gov.vn/en/px-web?pxid=E0639&theme=Agriculture%2C%20Forestry%20and%20Fishing,source_reported_unharmonized
e0639_c9b3c38247,agriculture,Production of bud tea by province,Total,VN_SRC_SONLA,Son La,2012,annual,23.9,Thous. tons,not_specified,E0639,https://www.nso.gov.vn/en/px-web?pxid=E0639&theme=Agriculture%2C%20Forestry%20and%20Fishing,source_reported_unharmonized
e0639_c9b3c38247,agriculture,Production of bud tea by province,Total,VN_SRC_SONLA,Son La,2013,annual,26.6,Thous. tons,not_specified,E0639,https://www.nso.gov.vn/en/px-web?pxid=E0639&theme=Agriculture%2C%20Forestry%20and%20Fishing,source_reported_unharmonized
e0639_c9b3c38247,agriculture,Production of bud tea by province,Total,VN_SRC_SONLA,Son La,2014,annual,33.1,Thous. tons,not_specified,E0639,https://www.nso.gov.vn/en/px-web?pxid=E0639&theme=Agriculture%2C%20Forestry%20and%20Fishing,source_reported_unharmonized
e0639_c9b3c38247,agriculture,Production of bud tea by province,Total,VN_SRC_SONLA,Son La,2015,annual,37.3,Thous. tons,not_specified,E0639,https://www.nso.gov.vn/en/px-web?pxid=E0639&theme=Agriculture%2C%20Forestry%20and%20Fishing,source_reported_unharmonized
e0639_c9b3c38247,agriculture,Production of bud tea by province,Total,VN_SRC_SONLA,Son La,2016,annual,38.2,Thous. tons,not_specified,E0639,https://www.nso.gov.vn/en/px-web?pxid=E0639&theme=Agriculture%2C%20Forestry%20and%20Fishing,source_reported_unharmonized
e0639_c9b3c38247,agriculture,Production of bud tea by province,Total,VN_SRC_SONLA,Son La,2017,annual,41.5,Thous. tons,not_specified,E0639,https://www.nso.gov.vn/en/px-web?pxid=E0639&theme=Agriculture%2C%20Forestry%20and%20Fishing,source_reported_unharmonized
e0639_c9b3c38247,agriculture,Production of bud tea by province,Total,VN_SRC_SONLA,Son La,2018,annual,45.0,Thous. tons,not_specified,E0639,https://www.nso.gov.vn/en/px-web?pxid=E0639&theme=Agriculture%2C%20Forestry%20and%20Fishing,source_reported_unharmonized
e0639_c9b3c38247,agriculture,Production of bud tea by province,Total,VN_SRC_SONLA,Son La,2019,annual,47.4,Thous. tons,not_specified,E0639,https://www.nso.gov.vn/en/px-web?pxid=E0639&theme=Agriculture%2C%20Forestry%20and%20Fishing,source_reported_unharmonized
e0639_c9b3c38247,agriculture,Production of bud tea by province,Total,VN_SRC_SONLA,Son La,2020,annual,48.6,Thous. tons,not_specified,E0639,https://www.nso.gov.vn/en/px-web?pxid=E0639&theme=Agriculture%2C%20Forestry%20and%20Fishing,source_reported_unharmonized
e0639_c9b3c38247,agriculture,Production of bud tea by province,Total,VN_SRC_SONLA,Son La,2021,annual,51.2,Thous. tons,not_specified,E0639,https://www.nso.gov.vn/en/px-web?pxid=E0639&theme=Agriculture%2C%20Forestry%20and%20Fishing,source_reported_unharmonized
e0639_c9b3c38247,agriculture,Production of bud tea by province,Total,VN_SRC_SONLA,Son La,2022,annual,54.2,Thous. tons,not_specified,E0639,https://www.nso.gov.vn/en/px-web?pxid=E0639&theme=Agriculture%2C%20Forestry%20and%20Fishing,source_reported_unharmonized
e0639_c9b3c38247,agriculture,Production of bud tea by province,Total,VN_SRC_SONLA,Son La,2023,annual,54.3,Thous. tons,not_specified,E0639,https://www.nso.gov.vn/en/px-web?pxid=E0639&theme=Agriculture%2C%20Forestry%20and%20Fishing,source_reported_unharmonized
e0639_c9b3c38247,agriculture,Production of bud tea by province,Total,VN_SRC_SONLA,Son La,2024,annual,53.3,Thous. tons,not_specified,E0639,https://www.nso.gov.vn/en/px-web?pxid=E0639&theme=Agriculture%2C%20Forestry%20and%20Fishing,source_reported_unharmonized
e0639_c9b3c38247,agriculture,Production of bud tea by province,Total,VN_SRC_SONLA,Son La,2025,annual,58.5,Thous. tons,preliminary,E0639,https://www.nso.gov.vn/en/px-web?pxid=E0639&theme=Agriculture%2C%20Forestry%20and%20Fishing,source_reported_unharmonized
