"Trị giá xuất khẩu phân theo một số nước, khối nước và vùng lãnh thổ chủ yếu và phân theo mặt hàng chủ yếu sơ bộ 6 tháng đầu năm 2010",,,,
,,,,
,,,,
,Khối nước,ĐVT,Sơ bộ 6 tháng,
,,,Lượng ,"Trị giá 
(1000 USD)"
,,,,
EU,,,,
,Trong đó :,,,
,Giầy dép các loại,1000 USD,,1022740.599
,Hàng dệt may,1000 USD,,756359.074
,Hải sản,1000 USD,,480715.0159999999
,Cà phê,Tấn,254350.0,354569.12999999995
,Gỗ và sản phẩm gỗ,1000 USD,,315222.243
,Máy vi tính và linh kiện,1000 USD,,225367.399
,"Túi xách, ví, vaili, mũ & ô dù",1000 USD,,168661.24199999997
,Phương tiện vận tải và phụ tùng,1000 USD,,151762.18899999995
,Sản phẩm từ chất dẻo,1000 USD,,124928.90399999998
,Máy móc thiết bị dụng cụ phụ tùng khác,1000 USD,,109637.95100000002
,Hạt điều,Tấn,17847.0,98793.697
,Sản phẩm từ sắt thép,1000 USD,,83466.608
,Hạt tiêu,Tấn,21004.0,68102.274
,"Đá quý, kim loại quý và sản phẩm",1000 USD,,62005.634
,Cao su,Tấn,18842.0,54727.763999999996
,Sản phẩm gốm sứ,1000 USD,,38874.008
,"Sản phẩm mây, tre, cói & thảm",1000 USD,,38723.033
,Hàng rau quả,1000 USD,,27155.792
,Bánh kẹo và các sản phẩm từ ngũ cốc,1000 USD,,19324.596
,Than đá,Tấn,70312.0,11457.213
,Sản phẩm từ cao su,1000 USD,,10189.599999999999
,Hóa chất,1000 USD,,4239.228999999999
,Sắt thép các loại,Tấn,1588.0,4035.1380000000004
,Chè,Tấn,2946.0,3816.0879999999997
,Gạo,Tấn,7878.0,3039.7110000000002
,Dây điện và dây cáp điện,1000 USD,,2906.473
,Chất dẻo nguyên liệu,Tấn,1764.0,2285.641
,Sản phẩm nhựa,1000 USD,,2048.834
,Các sản phẩm hóa chất,1000 USD,,954.705
,Giấy và các sản phẩm từ giấy,1000 USD,,477.444
,Xăng dầu các loại,Tấn,290.0,211.12
ASEAN,,,,
,Trong đó :,,,
,Gạo,Tấn,1815531.0,1050453.452
,Dầu thô,Tấn,1455865.0,871989.299
,Xăng dầu các loại,Tấn,571534.0,377087.4280000001
,Máy móc thiết bị dụng cụ phụ tùng khác,1000 USD,,300900.551
,Sắt thép các loại,Tấn,356018.0,278085.676
,Máy vi tính và linh kiện,1000 USD,,271690.973
,Phương tiện vận tải và phụ tùng,1000 USD,,153696.62
,Hàng dệt may,1000 USD,,112301.32799999998
,Hải sản,1000 USD,,95419.174
,Sản phẩm từ chất dẻo,1000 USD,,90417.64899999999
,Sản phẩm từ sắt thép,1000 USD,,73175.894
,Cà phê,Tấn,52086.0,71706.084
,Than đá,Tấn,531495.0,62762.306000000004
,Các sản phẩm hóa chất,1000 USD,,59258.274000000005
,Thủy tinh và các sản phẩm từ thủy tinh,1000 USD,,48651.845
,Cao su,Tấn,15289.0,38115.442
,Bánh kẹo và các sản phẩm từ ngũ cốc,1000 USD,,37122.998999999996
,Giấy và các sản phẩm từ giấy,1000 USD,,34550.486999999994
,Dây điện và dây cáp điện,1000 USD,,33002.710999999996
,Hàng rau quả,1000 USD,,28129.828
,Giầy dép các loại,1000 USD,,26672.957000000002
,Gỗ và sản phẩm gỗ,1000 USD,,19014.139
,Sản phẩm gốm sứ,1000 USD,,15370.538999999999
,Hạt điều,Tấn,2696.0,14828.149
,Chất dẻo nguyên liệu,Tấn,8845.0,13450.616
,Hạt tiêu,Tấn,4297.0,12579.753
,Sản phẩm từ cao su,1000 USD,,8738.288999999999
,Sắn và các sản phẩm từ sắn,Tấn,11981.0,4150.356
,Chè,Tấn,2970.0,3988.392
,"Túi xách, ví, vaili, mũ & ô dù",1000 USD,,3696.2980000000002
,Hóa chất,1000 USD,,2950.9919999999997
,"Đá quý, kim loại quý và sản phẩm",1000 USD,,1649.813
,Quặng và khoáng sản khác,1000 USD,66.0,76.006
Mỹ,,,,6299690.95
,Trong đó :,,,
,Hàng dệt may,1000 USD,,2754329.464
,Gỗ và sản phẩm gỗ,1000 USD,,619536.91
,Giầy dép các loại,1000 USD,,619292.137
,Hải sản,1000 USD,,323394.737
,Máy vi tính và linh kiện,1000 USD,,262660.377
,Dầu thô,Tấn,305457.0,191155.506
,"Túi xách, ví, vaili, mũ & ô dù",1000 USD,,157335.415
,Hạt điều,Tấn,25428.0,138983.391
,Phương tiện vận tải và phụ tùng,1000 USD,,133599.406
,Máy móc thiết bị dụng cụ phụ tùng khác,1000 USD,,129159.016
,Cà phê,Tấn,75775.0,113011.945
,Dây điện và dây cáp điện,1000 USD,,65813.063
,Giấy và các sản phẩm từ giấy,1000 USD,,52700.01
,Sản phẩm từ chất dẻo,1000 USD,,50685.154
,Sản phẩm từ sắt thép,1000 USD,,49386.342
,Hạt tiêu,Tấn,10196.0,33000.186
,Thủy tinh và các sản phẩm từ thủy tinh,1000 USD,,25810.617
,"Đá quý, kim loại quý và sản phẩm",1000 USD,,22560.476
,Cao su,Tấn,7088.0,17067.377
,Sản phẩm gốm sứ,1000 USD,,16249.912
,Sản phẩm từ cao su,1000 USD,,16139.129
,"Sản phẩm mây, tre, cói & thảm",1000 USD,,14611.442
,Hàng rau quả,1000 USD,,11737.468
,Bánh kẹo và các sản phẩm từ ngũ cốc,1000 USD,,11112.316
,Hóa chất,1000 USD,,5893.691
,Các sản phẩm hóa chất,1000 USD,,5315.152
,Sắt thép các loại,Tấn,1807.0,4603.268
,Chè,Tấn,2545.0,2704.937
Nhật Bản,,,,3481717.103
,Trong đó :,,,
,Hàng dệt may,1000 USD,,481295.681
,Dây điện và dây cáp điện,1000 USD,,425737.422
,Máy móc thiết bị dụng cụ phụ tùng khác,1000 USD,,399453.3
,Hải sản,1000 USD,,368858.518
,Phương tiện vận tải và phụ tùng,1000 USD,,208770.67
,Máy vi tính và linh kiện,1000 USD,,189199.808
,Gỗ và sản phẩm gỗ,1000 USD,,188816.419
,Sản phẩm từ chất dẻo,1000 USD,,115264.117
,Than đá,1000 USD,948736.0,115202.064
,Dầu thô,Tấn,169004.0,102697.862
,Giầy dép các loại,1000 USD,,77461.04
,Cà phê,Tấn,32543.0,49745.881
,Giấy và các sản phẩm từ giấy,1000 USD,,42424.275
,"Túi xách, ví, vaili, mũ & ô dù",1000 USD,,42113.062
,Sản phẩm từ sắt thép,1000 USD,,38627.732
,Thủy tinh và các sản phẩm từ thủy tinh,1000 USD,,38584.244
,Các sản phẩm hóa chất,1000 USD,,33038.791
,Sản phẩm từ cao su,1000 USD,,25615.164
,Chất dẻo nguyên liệu,Tấn,11842.0,22568.909
,Hóa chất,1000 USD,,21885.907
,Sản phẩm gốm sứ,1000 USD,,17360.259
,Hàng rau quả,1000 USD,,16755.621
,"Sản phẩm mây, tre, cói & thảm",1000 USD,,16204.136
,"Đá quý, kim loại quý và sản phẩm",1000 USD,,14887.907
,Xăng dầu các loại,Tấn,23352.0,13835.664
,Cao su,Tấn,4340.0,13526.041
,Bánh kẹo và các sản phẩm từ ngũ cốc,Tấn,,10723.454
,Quặng và khoáng sản khác,Tấn,36917.0,4931.736
,Hạt tiêu,Tấn,845.0,3800.333
,Sắt thép các loại,Tấn,702.0,3095.82
,Hạt điều,Tấn,418.0,2268.553
,Sắn và các sản phẩm từ sắn,Tấn,3571.0,1234.848
Ô-xtrây-li-a,,,,1454006.954
,Trong đó :,,,
,Dầu thô,Tấn,1774291.0,1111442.962
,Hải sản,1000 USD,,57335.428
,Máy móc thiết bị dụng cụ phụ tùng khác,1000 USD,,30931.029
,Gỗ và sản phẩm gỗ,1000 USD,,30750.812
,Hạt điều,Tấn,5569.0,30658.495
,Giầy dép các loại,1000 USD,,21977.954
,Hàng dệt may,1000 USD,,20259.445
,Máy vi tính và linh kiện,1000 USD,,17935.849
,Cà phê,Tấn,9485.0,13072.073
,Giấy và các sản phẩm từ giấy,1000 USD,,9688.364
,Sản phẩm từ sắt thép,1000 USD,,8500.518
,Sản phẩm từ chất dẻo,1000 USD,,7339.095
,Phương tiện vận tải và phụ tùng,1000 USD,,6654.972
,Sản phẩm gốm sứ,1000 USD,,6059.937
,"Túi xách, ví, vaili, mũ & ô dù",1000 USD,,5028.631
,Sản phẩm từ cao su,1000 USD,,4786.548
,"Sản phẩm mây, tre, cói & thảm",1000 USD,,4439.007
,Than đá,Tấn,34964.0,4199.092
,Dây điện và dây cáp điện,1000 USD,,2871.885
,Bánh kẹo và các sản phẩm từ ngũ cốc,1000 USD,,2695.41
,Hàng rau quả,1000 USD,,2519.604
,Gạo,Tấn,3729.0,2009.123
,Các sản phẩm hóa chất,1000 USD,,1985.598
,Hạt tiêu,Tấn,500.0,1741.023
,"Đá quý, kim loại quý và sản phẩm",1000 USD,,1718.403
,Sắt thép các loại,Tấn,920.0,1143.196
,Chất dẻo nguyên liệu,Tấn,678.0,1032.083
CHND Trung Hoa,,,,2864153.89
,Trong đó :,,,
,Than đá,Tấn,7803898.0,478663.167
,Cao su,Tấn,140096.0,378259.493
,Sắn và các sản phẩm từ sắn,Tấn,1081029.0,287924.563
,Máy vi tính và linh kiện,1000 USD,,242302.027
,Dầu thô,Tấn,341110.0,210446.25
,Gỗ và sản phẩm gỗ,1000 USD,,159703.71
,Xăng dầu các loại,Tấn,184627.0,126696.952
,Máy móc thiết bị dụng cụ phụ tùng khác,1000 USD,,108410.564
,Hải sản,1000 USD,,64272.086
,Giầy dép các loại,1000 USD,,63681.678
,Hạt điều,Tấn,11889.0,59995.053
,Sắt thép các loại,Tấn,52625.0,40916.473
,Hàng dệt may,1000 USD,,29224.76
,Quặng và khoáng sản khác,Tấn,570800.0,27701.194
,Hàng rau quả,1000 USD,,25357.578
,Thủy tinh và các sản phẩm từ thủy tinh,1000 USD,,24613.655
,Phương tiện vận tải và phụ tùng,1000 USD,,22906.313
,Hóa chất,1000 USD,,17505.172
,Sản phẩm từ cao su,1000 USD,,17415.741
,Cà phê,Tấn,12335.0,16965.919
,Bánh kẹo và các sản phẩm từ ngũ cốc,1000 USD,,13341.607
,Các sản phẩm hóa chất,1000 USD,,12516.059
,Dây điện và dây cáp điện,1000 USD,,10249.58
,Sản phẩm từ chất dẻo,1000 USD,,8053.861
,Sản phẩm từ sắt thép,1000 USD,,7423.872
,Chất dẻo nguyên liệu,Tấn,3220.0,6082.337
,Chè,Tấn,4549.0,5969.95
,"Túi xách, ví, vaili, mũ & ô dù",1000 USD,,4978.684
,Giấy và các sản phẩm từ giấy,1000 USD,,1611.524
,Sản phẩm gốm sứ,1000 USD,,700.49
,"Đá quý, kim loại quý và sản phẩm",,,638.822
Ấn Độ ,,,,391271.512
,Trong đó :,,,
,Sắt thép các loại,Tấn,70834.0,44315.699
,Máy vi tính và linh kiện,1000 USD,,30919.471
,Than đá,Tấn,163827.0,26498.899
,Máy móc thiết bị dụng cụ phụ tùng khác,1000 USD,,20234.136
,Cà phê,Tấn,11618.0,15240.32
,Quặng và khoáng sản khác,Tấn,246866.0,14904.247
,Cao su,Tấn,4564.0,13592.678
,Hạt tiêu,Tấn,4877.0,13556.166
,Phương tiện vận tải và phụ tùng,1000 USD,,11110.951
,Hóa chất,1000 USD,,10751.326
,Các sản phẩm hóa chất,1000 USD,,10353.516
,Chất dẻo nguyên liệu,Tấn,8909.0,9687.716
,Gỗ và sản phẩm gỗ,1000 USD,,7693.941
,Giầy dép các loại,1000 USD,,5398.648
,Hàng dệt may,1000 USD,,2965.865
,Chè,Tấn,2056.0,2496.617
,Sản phẩm từ chất dẻo,1000 USD,,2357.211
,Sản phẩm từ sắt thép,1000 USD,,590.995
,Sản phẩm từ cao su,1000 USD,,518.974
Ma-lai-xi-a,,,,855826.158
,Trong đó :,,,
,Dầu thô,Tấn,485218.0,299413.13
,Gạo,Tấn,181181.0,81578.665
,Sắt thép các loại,Tấn,73524.0,60756.287
,Máy móc thiết bị dụng cụ phụ tùng khác,1000 USD,,34115.001
,Cao su,Tấn,11603.0,30251.056
,Máy vi tính và linh kiện,1000 USD,,29267.447
,Sản phẩm từ sắt thép,1000 USD,,22399.238
,Phương tiện vận tải và phụ tùng,1000 USD,,21444.205
,Cà phê,Tấn,15533.0,21420.572
,Các sản phẩm hóa chất,1000 USD,,17104.694
,Hàng dệt may,1000 USD,,15293.578
,Hải sản,1000 USD,,14899.036
,Sản phẩm từ chất dẻo,1000 USD,,13515.819
,Than đá,Tấn,82302.0,10424.072
,Gỗ và sản phẩm gỗ,1000 USD,,10293.456
,Giầy dép các loại,1000 USD,,9156.114
,Xăng dầu các loại,Tấn,15701.0,8211.08
,Giấy và các sản phẩm từ giấy,1000 USD,,8206.43
,Hạt tiêu,Tấn,1410.0,4525.625
,Hàng rau quả,1000 USD,,3784.36
,Sản phẩm gốm sứ,1000 USD,,3187.24
,Bánh kẹo và các sản phẩm từ ngũ cốc,1000 USD,,3138.552
,Hạt điều,Tấn,364.0,1961.733
,Dây điện và dây cáp điện,1000 USD,,1690.806
,Sắn và các sản phẩm từ sắn,Tấn,3759.0,1679.72
,Sản phẩm từ cao su,1000 USD,,1615.378
,Hóa chất,1000 USD,,1425.117
,Chất dẻo nguyên liệu,Tấn,857.0,1416.475
,"Túi xách, ví, vaili, mũ & ô dù",1000 USD,,1102.811
,Quặng và khoáng sản khác,Tấn,41.0,47.25
U-crai-na ,,,,55208.848
,Trong đó :,,,
,Hải sản,1000 USD,,28382.751
,Hàng dệt may,1000 USD,,5213.5
,Gạo,Tấn,8259.0,3809.423
,Hạt tiêu,Tấn,1342.0,3577.136
,Giầy dép các loại,1000 USD,,2396.295
,Sản phẩm từ chất dẻo,1000 USD,,1339.882
,Hạt điều,Tấn,216.0,1267.818
,Gỗ và sản phẩm gỗ,1000 USD,,632.639
,Hàng rau quả,1000 USD,,337.289
,Cao su,Tấn,21.0,67.2
