"Unemployment rate of labour force at working age by province by Cities, provincies and Year"

"Cities, provincies",2020,2021,2022,2023,2024,Prel. 2025
 WHOLE COUNTRY,2.48,3.20,2.34,2.28,2.24,2.21
Red River Delta,1.94,2.17,1.86,1.78,1.64,1.73
Ha Noi,2.11,2.68,2.22,2.01,1.77,1.73
Bac Ninh,1.38,2.13,1.60,1.68,1.46,2.17
Quang Ninh,3.22,2.23,2.21,2.22,2.15,2.13
Hai Phong,2.05,1.83,1.97,1.88,1.75,1.83
Hung Yen,1.83,1.86,1.44,1.37,1.40,0.91
Ninh Binh,1.61,1.66,1.40,1.44,1.36,1.70
Northern Midlands and Mountains,1.19,2.45,2.24,2.07,2.08,2.19
Cao Bang,0.96,4.29,3.73,3.13,2.41,1.21
Tuyen Quang,1.20,3.98,3.91,3.38,3.21,3.30
Lao Cai,1.15,2.47,2.15,2.08,2.19,3.64
Thai Nguyen,1.52,1.97,1.79,2.09,1.98,1.77
Lang Son,1.84,7.82,6.34,4.28,4.17,4.05
Phu Tho,1.39,1.65,1.27,1.38,1.49,1.46
Dien Bien,0.45,0.51,0.39,0.31,0.56,0.90
Lai Chau,0.42,2.28,1.23,1.21,1.43,1.58
Son La,0.67,1.03,2.38,2.11,1.89,1.96
North Central,2.30,2.47,2.29,2.24,2.23,2.28
Thanh Hoa,1.87,1.15,1.12,1.19,1.55,1.44
Nghe An,1.26,2.11,1.77,2.03,2.08,1.97
Ha Tinh,3.18,5.38,5.43,5.51,4.40,3.97
Quang Tri,3.67,3.70,3.10,2.99,2.70,2.56
Hue,4.29,3.60,3.55,2.51,2.35,3.93
South Central Coast and Central Highlands,3.13,2.83,1.98,1.76,1.85,1.90
Da Nang,6.31,5.89,3.30,3.10,2.99,2.09
Quang Ngai,2.51,1.67,1.42,1.58,1.89,2.08
Gia Lai,2.27,1.64,1.47,1.19,1.28,1.53
Khanh Hoa,4.25,4.96,2.91,2.43,2.57,3.35
Dak Lak,2.37,1.69,1.45,1.45,1.60,2.07
Lam Dong,1.86,2.06,1.69,1.25,1.24,1.04
South East,3.14,4.46,2.79,2.83,2.65,2.32
Tay Ninh,1.98,2.44,1.81,1.75,1.75,1.89
Dong Nai,2.13,2.41,1.87,2.69,2.38,1.62
Ho Chi Minh city,3.74,5.60,3.33,3.11,2.92,2.64
Mekong River Delta,2.90,4.27,2.87,2.93,3.04,3.05
Vinh Long,2.33,3.02,2.46,2.37,2.57,2.26
Dong Thap,2.98,6.47,3.45,3.56,3.35,3.62
An Giang,3.41,4.52,3.07,3.12,3.37,3.41
Can Tho,2.93,4.00,3.10,3.22,3.31,3.44
Ca Mau,2.79,2.44,1.76,1.97,2.29,2.13
