Phân tổ_code,Phân tổ,Năm_code,Năm,Nguồn thu_code,Nguồn thu,value
0,CẢ NƯỚC,0,2010,0,Tổng số,1387
0,CẢ NƯỚC,0,2010,1,"Thu từ tiền lương, tiền công",622
0,CẢ NƯỚC,0,2010,2,"Thu từ nông, lâm nghiệp, thủy sản",279
0,CẢ NƯỚC,0,2010,3,"Thu phi nông, lâm nghiệp, thủy sản",328
0,CẢ NƯỚC,0,2010,4,Các khoản thu khác,158
0,CẢ NƯỚC,1,2012,0,Tổng số,2000
0,CẢ NƯỚC,1,2012,1,"Thu từ tiền lương, tiền công",923
0,CẢ NƯỚC,1,2012,2,"Thu từ nông, lâm nghiệp, thủy sản",397
0,CẢ NƯỚC,1,2012,3,"Thu phi nông, lâm nghiệp, thủy sản",442
0,CẢ NƯỚC,1,2012,4,Các khoản thu khác,238
0,CẢ NƯỚC,2,2014,0,Tổng số,2637
0,CẢ NƯỚC,2,2014,1,"Thu từ tiền lương, tiền công",1253
0,CẢ NƯỚC,2,2014,2,"Thu từ nông, lâm nghiệp, thủy sản",458
0,CẢ NƯỚC,2,2014,3,"Thu phi nông, lâm nghiệp, thủy sản",591
0,CẢ NƯỚC,2,2014,4,Các khoản thu khác,335
0,CẢ NƯỚC,3,2016,0,Tổng số,3098
0,CẢ NƯỚC,3,2016,1,"Thu từ tiền lương, tiền công",1487
0,CẢ NƯỚC,3,2016,2,"Thu từ nông, lâm nghiệp, thủy sản",510
0,CẢ NƯỚC,3,2016,3,"Thu phi nông, lâm nghiệp, thủy sản",748
0,CẢ NƯỚC,3,2016,4,Các khoản thu khác,353
0,CẢ NƯỚC,4,2018,0,Tổng số,3876
0,CẢ NƯỚC,4,2018,1,"Thu từ tiền lương, tiền công",1981
0,CẢ NƯỚC,4,2018,2,"Thu từ nông, lâm nghiệp, thủy sản",516
0,CẢ NƯỚC,4,2018,3,"Thu phi nông, lâm nghiệp, thủy sản",882
0,CẢ NƯỚC,4,2018,4,Các khoản thu khác,497
0,CẢ NƯỚC,5,2019,0,Tổng số,4295
0,CẢ NƯỚC,5,2019,1,"Thu từ tiền lương, tiền công",2350
0,CẢ NƯỚC,5,2019,2,"Thu từ nông, lâm nghiệp, thủy sản",509
0,CẢ NƯỚC,5,2019,3,"Thu phi nông, lâm nghiệp, thủy sản",998
0,CẢ NƯỚC,5,2019,4,Các khoản thu khác,438
0,CẢ NƯỚC,6,2020,0,Tổng số,4249.15
0,CẢ NƯỚC,6,2020,1,"Thu từ tiền lương, tiền công",2356.610231916924
0,CẢ NƯỚC,6,2020,2,"Thu từ nông, lâm nghiệp, thủy sản",475.83012420402
0,CẢ NƯỚC,6,2020,3,"Thu phi nông, lâm nghiệp, thủy sản",971.055193074328
0,CẢ NƯỚC,6,2020,4,Các khoản thu khác,446.114929134982
0,CẢ NƯỚC,7,2021,0,Tổng số,4204.81
0,CẢ NƯỚC,7,2021,1,"Thu từ tiền lương, tiền công",2382.56
0,CẢ NƯỚC,7,2021,2,"Thu từ nông, lâm nghiệp, thủy sản",454.4
0,CẢ NƯỚC,7,2021,3,"Thu phi nông, lâm nghiệp, thủy sản",964.1
0,CẢ NƯỚC,7,2021,4,Các khoản thu khác,403.75
0,CẢ NƯỚC,8,2022,0,Tổng số,4672.52
0,CẢ NƯỚC,8,2022,1,"Thu từ tiền lương, tiền công",2577.25
0,CẢ NƯỚC,8,2022,2,"Thu từ nông, lâm nghiệp, thủy sản",474.09
0,CẢ NƯỚC,8,2022,3,"Thu phi nông, lâm nghiệp, thủy sản",1117.64
0,CẢ NƯỚC,8,2022,4,Các khoản thu khác,503.55
0,CẢ NƯỚC,9,2023,0,Tổng số,4961.77
0,CẢ NƯỚC,9,2023,1,"Thu từ tiền lương, tiền công",2740.69
0,CẢ NƯỚC,9,2023,2,"Thu từ nông, lâm nghiệp, thủy sản",502.45
0,CẢ NƯỚC,9,2023,3,"Thu phi nông, lâm nghiệp, thủy sản",1210.19
0,CẢ NƯỚC,9,2023,4,Các khoản thu khác,508.440000000001
0,CẢ NƯỚC,10,2024,0,Tổng số,5414.98
0,CẢ NƯỚC,10,2024,1,"Thu từ tiền lương, tiền công",3015.61
0,CẢ NƯỚC,10,2024,2,"Thu từ nông, lâm nghiệp, thủy sản",566.09
0,CẢ NƯỚC,10,2024,3,"Thu phi nông, lâm nghiệp, thủy sản",1235.97
0,CẢ NƯỚC,10,2024,4,Các khoản thu khác,597.3
0,CẢ NƯỚC,11,Sơ bộ 2025,0,Tổng số,6005.14
0,CẢ NƯỚC,11,Sơ bộ 2025,1,"Thu từ tiền lương, tiền công",3451.1
0,CẢ NƯỚC,11,Sơ bộ 2025,2,"Thu từ nông, lâm nghiệp, thủy sản",641.98
0,CẢ NƯỚC,11,Sơ bộ 2025,3,"Thu phi nông, lâm nghiệp, thủy sản",1277.92
0,CẢ NƯỚC,11,Sơ bộ 2025,4,Các khoản thu khác,634.36
1,Thành thị,0,2010,0,Tổng số,2130
1,Thành thị,0,2010,1,"Thu từ tiền lương, tiền công",1169
1,Thành thị,0,2010,2,"Thu từ nông, lâm nghiệp, thủy sản",96
1,Thành thị,0,2010,3,"Thu phi nông, lâm nghiệp, thủy sản",601
1,Thành thị,0,2010,4,Các khoản thu khác,264
1,Thành thị,1,2012,0,Tổng số,2989
1,Thành thị,1,2012,1,"Thu từ tiền lương, tiền công",1667
1,Thành thị,1,2012,2,"Thu từ nông, lâm nghiệp, thủy sản",147
1,Thành thị,1,2012,3,"Thu phi nông, lâm nghiệp, thủy sản",790
1,Thành thị,1,2012,4,Các khoản thu khác,385
1,Thành thị,2,2014,0,Tổng số,3964
1,Thành thị,2,2014,1,"Thu từ tiền lương, tiền công",2226
1,Thành thị,2,2014,2,"Thu từ nông, lâm nghiệp, thủy sản",175
1,Thành thị,2,2014,3,"Thu phi nông, lâm nghiệp, thủy sản",1029
1,Thành thị,2,2014,4,Các khoản thu khác,534
1,Thành thị,3,2016,0,Tổng số,4551
1,Thành thị,3,2016,1,"Thu từ tiền lương, tiền công",2537
1,Thành thị,3,2016,2,"Thu từ nông, lâm nghiệp, thủy sản",195
1,Thành thị,3,2016,3,"Thu phi nông, lâm nghiệp, thủy sản",1291
1,Thành thị,3,2016,4,Các khoản thu khác,528
1,Thành thị,4,2018,0,Tổng số,5623
1,Thành thị,4,2018,1,"Thu từ tiền lương, tiền công",3258
1,Thành thị,4,2018,2,"Thu từ nông, lâm nghiệp, thủy sản",196
1,Thành thị,4,2018,3,"Thu phi nông, lâm nghiệp, thủy sản",1429
1,Thành thị,4,2018,4,Các khoản thu khác,740
1,Thành thị,5,2019,0,Tổng số,6022
1,Thành thị,5,2019,1,"Thu từ tiền lương, tiền công",3719
1,Thành thị,5,2019,2,"Thu từ nông, lâm nghiệp, thủy sản",178
1,Thành thị,5,2019,3,"Thu phi nông, lâm nghiệp, thủy sản",1530
1,Thành thị,5,2019,4,Các khoản thu khác,596
1,Thành thị,6,2020,0,Tổng số,5590.34
1,Thành thị,6,2020,1,"Thu từ tiền lương, tiền công",3481.456586817342
1,Thành thị,6,2020,2,"Thu từ nông, lâm nghiệp, thủy sản",163.561319864047
1,Thành thị,6,2020,3,"Thu phi nông, lâm nghiệp, thủy sản",1401.821710563296
1,Thành thị,6,2020,4,Các khoản thu khác,543.954007231808
1,Thành thị,7,2021,0,Tổng số,5388.38
1,Thành thị,7,2021,1,"Thu từ tiền lương, tiền công",3405.86
1,Thành thị,7,2021,2,"Thu từ nông, lâm nghiệp, thủy sản",149.87
1,Thành thị,7,2021,3,"Thu phi nông, lâm nghiệp, thủy sản",1341.26
1,Thành thị,7,2021,4,Các khoản thu khác,491.4
1,Thành thị,8,2022,0,Tổng số,5944.7
1,Thành thị,8,2022,1,"Thu từ tiền lương, tiền công",3612
1,Thành thị,8,2022,2,"Thu từ nông, lâm nghiệp, thủy sản",156.01
1,Thành thị,8,2022,3,"Thu phi nông, lâm nghiệp, thủy sản",1556.55
1,Thành thị,8,2022,4,Các khoản thu khác,620.14
1,Thành thị,9,2023,0,Tổng số,6259.89
1,Thành thị,9,2023,1,"Thu từ tiền lương, tiền công",3840.33
1,Thành thị,9,2023,2,"Thu từ nông, lâm nghiệp, thủy sản",179.83
1,Thành thị,9,2023,3,"Thu phi nông, lâm nghiệp, thủy sản",1651.71
1,Thành thị,9,2023,4,Các khoản thu khác,588.02
1,Thành thị,10,2024,0,Tổng số,6889.53
1,Thành thị,10,2024,1,"Thu từ tiền lương, tiền công",4286.75
1,Thành thị,10,2024,2,"Thu từ nông, lâm nghiệp, thủy sản",209.37
1,Thành thị,10,2024,3,"Thu phi nông, lâm nghiệp, thủy sản",1692.6
1,Thành thị,10,2024,4,Các khoản thu khác,700.81
1,Thành thị,11,Sơ bộ 2025,0,Tổng số,7354.25
1,Thành thị,11,Sơ bộ 2025,1,"Thu từ tiền lương, tiền công",4721.98
1,Thành thị,11,Sơ bộ 2025,2,"Thu từ nông, lâm nghiệp, thủy sản",205.49
1,Thành thị,11,Sơ bộ 2025,3,"Thu phi nông, lâm nghiệp, thủy sản",1694.87
1,Thành thị,11,Sơ bộ 2025,4,Các khoản thu khác,731.92
2,Nông thôn,0,2010,0,Tổng số,1070
2,Nông thôn,0,2010,1,"Thu từ tiền lương, tiền công",390
2,Nông thôn,0,2010,2,"Thu từ nông, lâm nghiệp, thủy sản",357
2,Nông thôn,0,2010,3,"Thu phi nông, lâm nghiệp, thủy sản",210
2,Nông thôn,0,2010,4,Các khoản thu khác,113
2,Nông thôn,1,2012,0,Tổng số,1579
2,Nông thôn,1,2012,1,"Thu từ tiền lương, tiền công",607
2,Nông thôn,1,2012,2,"Thu từ nông, lâm nghiệp, thủy sản",503
2,Nông thôn,1,2012,3,"Thu phi nông, lâm nghiệp, thủy sản",294
2,Nông thôn,1,2012,4,Các khoản thu khác,175
2,Nông thôn,2,2014,0,Tổng số,2038
2,Nông thôn,2,2014,1,"Thu từ tiền lương, tiền công",814
2,Nông thôn,2,2014,2,"Thu từ nông, lâm nghiệp, thủy sản",586
2,Nông thôn,2,2014,3,"Thu phi nông, lâm nghiệp, thủy sản",393
2,Nông thôn,2,2014,4,Các khoản thu khác,245
2,Nông thôn,3,2016,0,Tổng số,2423
2,Nông thôn,3,2016,1,"Thu từ tiền lương, tiền công",999
2,Nông thôn,3,2016,2,"Thu từ nông, lâm nghiệp, thủy sản",656
2,Nông thôn,3,2016,3,"Thu phi nông, lâm nghiệp, thủy sản",495
2,Nông thôn,3,2016,4,Các khoản thu khác,273
2,Nông thôn,4,2018,0,Tổng số,2990
2,Nông thôn,4,2018,1,"Thu từ tiền lương, tiền công",1333
2,Nông thôn,4,2018,2,"Thu từ nông, lâm nghiệp, thủy sản",678
2,Nông thôn,4,2018,3,"Thu phi nông, lâm nghiệp, thủy sản",605
2,Nông thôn,4,2018,4,Các khoản thu khác,375
2,Nông thôn,5,2019,0,Tổng số,3399
2,Nông thôn,5,2019,1,"Thu từ tiền lương, tiền công",1640
2,Nông thôn,5,2019,2,"Thu từ nông, lâm nghiệp, thủy sản",680
2,Nông thôn,5,2019,3,"Thu phi nông, lâm nghiệp, thủy sản",722
2,Nông thôn,5,2019,4,Các khoản thu khác,357
2,Nông thôn,6,2020,0,Tổng số,3480.01
2,Nông thôn,6,2020,1,"Thu từ tiền lương, tiền công",1720.656453373878
2,Nông thôn,6,2020,2,"Thu từ nông, lâm nghiệp, thủy sản",643.841199674364
2,Nông thôn,6,2020,3,"Thu phi nông, lâm nghiệp, thủy sản",726.994986578489
2,Nông thôn,6,2020,4,Các khoản thu khác,388.978092895991
2,Nông thôn,7,2021,0,Tổng số,3485.83
2,Nông thôn,7,2021,1,"Thu từ tiền lương, tiền công",1760.93
2,Nông thôn,7,2021,2,"Thu từ nông, lâm nghiệp, thủy sản",639.4
2,Nông thôn,7,2021,3,"Thu phi nông, lâm nghiệp, thủy sản",734.99
2,Nông thôn,7,2021,4,Các khoản thu khác,350.5
2,Nông thôn,8,2022,0,Tổng số,3863.61
2,Nông thôn,8,2022,1,"Thu từ tiền lương, tiền công",1919.3
2,Nông thôn,8,2022,2,"Thu từ nông, lâm nghiệp, thủy sản",676.34
2,Nông thôn,8,2022,3,"Thu phi nông, lâm nghiệp, thủy sản",838.57
2,Nông thôn,8,2022,4,Các khoản thu khác,429.41
2,Nông thôn,9,2023,0,Tổng số,4168.56
2,Nông thôn,9,2023,1,"Thu từ tiền lương, tiền công",2068.76
2,Nông thôn,9,2023,2,"Thu từ nông, lâm nghiệp, thủy sản",699.58
2,Nông thôn,9,2023,3,"Thu phi nông, lâm nghiệp, thủy sản",940.41
2,Nông thôn,9,2023,4,Các khoản thu khác,459.81
2,Nông thôn,10,2024,0,Tổng số,4504.5
2,Nông thôn,10,2024,1,"Thu từ tiền lương, tiền công",2230.72
2,Nông thôn,10,2024,2,"Thu từ nông, lâm nghiệp, thủy sản",786.35
2,Nông thôn,10,2024,3,"Thu phi nông, lâm nghiệp, thủy sản",954.01
2,Nông thôn,10,2024,4,Các khoản thu khác,534
2,Nông thôn,11,Sơ bộ 2025,0,Tổng số,5158.52
2,Nông thôn,11,Sơ bộ 2025,1,"Thu từ tiền lương, tiền công",2653.57
2,Nông thôn,11,Sơ bộ 2025,2,"Thu từ nông, lâm nghiệp, thủy sản",915.89
2,Nông thôn,11,Sơ bộ 2025,3,"Thu phi nông, lâm nghiệp, thủy sản",1016.28
2,Nông thôn,11,Sơ bộ 2025,4,Các khoản thu khác,573.14
3,Chủ hộ là nam,0,2010,0,Tổng số,1321
3,Chủ hộ là nam,0,2010,1,"Thu từ tiền lương, tiền công",555
3,Chủ hộ là nam,0,2010,2,"Thu từ nông, lâm nghiệp, thủy sản",315
3,Chủ hộ là nam,0,2010,3,"Thu phi nông, lâm nghiệp, thủy sản",318
3,Chủ hộ là nam,0,2010,4,Các khoản thu khác,133
3,Chủ hộ là nam,1,2012,0,Tổng số,1930
3,Chủ hộ là nam,1,2012,1,"Thu từ tiền lương, tiền công",839
3,Chủ hộ là nam,1,2012,2,"Thu từ nông, lâm nghiệp, thủy sản",447
3,Chủ hộ là nam,1,2012,3,"Thu phi nông, lâm nghiệp, thủy sản",433
3,Chủ hộ là nam,1,2012,4,Các khoản thu khác,211
3,Chủ hộ là nam,2,2014,0,Tổng số,2525
3,Chủ hộ là nam,2,2014,1,"Thu từ tiền lương, tiền công",1145
3,Chủ hộ là nam,2,2014,2,"Thu từ nông, lâm nghiệp, thủy sản",520
3,Chủ hộ là nam,2,2014,3,"Thu phi nông, lâm nghiệp, thủy sản",575
3,Chủ hộ là nam,2,2014,4,Các khoản thu khác,285
3,Chủ hộ là nam,3,2016,0,Tổng số,3000
3,Chủ hộ là nam,3,2016,1,"Thu từ tiền lương, tiền công",1378
3,Chủ hộ là nam,3,2016,2,"Thu từ nông, lâm nghiệp, thủy sản",582
3,Chủ hộ là nam,3,2016,3,"Thu phi nông, lâm nghiệp, thủy sản",728
3,Chủ hộ là nam,3,2016,4,Các khoản thu khác,312
3,Chủ hộ là nam,4,2018,0,Tổng số,3725
3,Chủ hộ là nam,4,2018,1,"Thu từ tiền lương, tiền công",1836
3,Chủ hộ là nam,4,2018,2,"Thu từ nông, lâm nghiệp, thủy sản",589
3,Chủ hộ là nam,4,2018,3,"Thu phi nông, lâm nghiệp, thủy sản",872
3,Chủ hộ là nam,4,2018,4,Các khoản thu khác,427
3,Chủ hộ là nam,5,2019,0,Tổng số,4132
3,Chủ hộ là nam,5,2019,1,"Thu từ tiền lương, tiền công",2195
3,Chủ hộ là nam,5,2019,2,"Thu từ nông, lâm nghiệp, thủy sản",585
3,Chủ hộ là nam,5,2019,3,"Thu phi nông, lâm nghiệp, thủy sản",970
3,Chủ hộ là nam,5,2019,4,Các khoản thu khác,382
3,Chủ hộ là nam,6,2020,0,Tổng số,4130.23
3,Chủ hộ là nam,6,2020,1,"Thu từ tiền lương, tiền công",2226.638525291525
3,Chủ hộ là nam,6,2020,2,"Thu từ nông, lâm nghiệp, thủy sản",542.726689302668
3,Chủ hộ là nam,6,2020,3,"Thu phi nông, lâm nghiệp, thủy sản",960.549710605044
3,Chủ hộ là nam,6,2020,4,Các khoản thu khác,400.777604478865
3,Chủ hộ là nam,7,2021,0,Tổng số,4117.95
3,Chủ hộ là nam,7,2021,1,"Thu từ tiền lương, tiền công",2264.45
3,Chủ hộ là nam,7,2021,2,"Thu từ nông, lâm nghiệp, thủy sản",525.08
3,Chủ hộ là nam,7,2021,3,"Thu phi nông, lâm nghiệp, thủy sản",970.14
3,Chủ hộ là nam,7,2021,4,Các khoản thu khác,358.29
3,Chủ hộ là nam,8,2022,0,Tổng số,4571.24
3,Chủ hộ là nam,8,2022,1,"Thu từ tiền lương, tiền công",2459.89
3,Chủ hộ là nam,8,2022,2,"Thu từ nông, lâm nghiệp, thủy sản",549.19
3,Chủ hộ là nam,8,2022,3,"Thu phi nông, lâm nghiệp, thủy sản",1107.59
3,Chủ hộ là nam,8,2022,4,Các khoản thu khác,454.57
3,Chủ hộ là nam,9,2023,0,Tổng số,4873.42
3,Chủ hộ là nam,9,2023,1,"Thu từ tiền lương, tiền công",2631.31
3,Chủ hộ là nam,9,2023,2,"Thu từ nông, lâm nghiệp, thủy sản",582.28
3,Chủ hộ là nam,9,2023,3,"Thu phi nông, lâm nghiệp, thủy sản",1204.8
3,Chủ hộ là nam,9,2023,4,Các khoản thu khác,455.030000000001
3,Chủ hộ là nam,10,2024,0,Tổng số,5329.81
3,Chủ hộ là nam,10,2024,1,"Thu từ tiền lương, tiền công",2902.54
3,Chủ hộ là nam,10,2024,2,"Thu từ nông, lâm nghiệp, thủy sản",652.78
3,Chủ hộ là nam,10,2024,3,"Thu phi nông, lâm nghiệp, thủy sản",1246.48
3,Chủ hộ là nam,10,2024,4,Các khoản thu khác,528.02
3,Chủ hộ là nam,11,Sơ bộ 2025,0,Tổng số,5918.12
3,Chủ hộ là nam,11,Sơ bộ 2025,1,"Thu từ tiền lương, tiền công",3321.22
3,Chủ hộ là nam,11,Sơ bộ 2025,2,"Thu từ nông, lâm nghiệp, thủy sản",740.98
3,Chủ hộ là nam,11,Sơ bộ 2025,3,"Thu phi nông, lâm nghiệp, thủy sản",1297.27
3,Chủ hộ là nam,11,Sơ bộ 2025,4,Các khoản thu khác,558.94
4,Chủ hộ là nữ,0,2010,0,Tổng số,1618
4,Chủ hộ là nữ,0,2010,1,"Thu từ tiền lương, tiền công",859
4,Chủ hộ là nữ,0,2010,2,"Thu từ nông, lâm nghiệp, thủy sản",154
4,Chủ hộ là nữ,0,2010,3,"Thu phi nông, lâm nghiệp, thủy sản",361
4,Chủ hộ là nữ,0,2010,4,Các khoản thu khác,244
4,Chủ hộ là nữ,1,2012,0,Tổng số,2247
4,Chủ hộ là nữ,1,2012,1,"Thu từ tiền lương, tiền công",1219
4,Chủ hộ là nữ,1,2012,2,"Thu từ nông, lâm nghiệp, thủy sản",217
4,Chủ hộ là nữ,1,2012,3,"Thu phi nông, lâm nghiệp, thủy sản",476
4,Chủ hộ là nữ,1,2012,4,Các khoản thu khác,335
4,Chủ hộ là nữ,2,2014,0,Tổng số,3027
4,Chủ hộ là nữ,2,2014,1,"Thu từ tiền lương, tiền công",1630
4,Chủ hộ là nữ,2,2014,2,"Thu từ nông, lâm nghiệp, thủy sản",246
4,Chủ hộ là nữ,2,2014,3,"Thu phi nông, lâm nghiệp, thủy sản",644
4,Chủ hộ là nữ,2,2014,4,Các khoản thu khác,507
4,Chủ hộ là nữ,3,2016,0,Tổng số,3439
4,Chủ hộ là nữ,3,2016,1,"Thu từ tiền lương, tiền công",1869
4,Chủ hộ là nữ,3,2016,2,"Thu từ nông, lâm nghiệp, thủy sản",258
4,Chủ hộ là nữ,3,2016,3,"Thu phi nông, lâm nghiệp, thủy sản",816
4,Chủ hộ là nữ,3,2016,4,Các khoản thu khác,496
4,Chủ hộ là nữ,4,2018,0,Tổng số,4364
4,Chủ hộ là nữ,4,2018,1,"Thu từ tiền lương, tiền công",2447
4,Chủ hộ là nữ,4,2018,2,"Thu từ nông, lâm nghiệp, thủy sản",280
4,Chủ hộ là nữ,4,2018,3,"Thu phi nông, lâm nghiệp, thủy sản",913
4,Chủ hộ là nữ,4,2018,4,Các khoản thu khác,724
4,Chủ hộ là nữ,5,2019,0,Tổng số,4828
4,Chủ hộ là nữ,5,2019,1,"Thu từ tiền lương, tiền công",2858
4,Chủ hộ là nữ,5,2019,2,"Thu từ nông, lâm nghiệp, thủy sản",257
4,Chủ hộ là nữ,5,2019,3,"Thu phi nông, lâm nghiệp, thủy sản",1090
4,Chủ hộ là nữ,5,2019,4,Các khoản thu khác,624
4,Chủ hộ là nữ,6,2020,0,Tổng số,4632.49
4,Chủ hộ là nữ,6,2020,1,"Thu từ tiền lương, tiền công",2778.6685623145
4,Chủ hộ là nữ,6,2020,2,"Thu từ nông, lâm nghiệp, thủy sản",256.31272076689
4,Chủ hộ là nữ,6,2020,3,"Thu phi nông, lâm nghiệp, thủy sản",1004.114422776387
4,Chủ hộ là nữ,6,2020,4,Các khoản thu khác,593.847284443576
4,Chủ hộ là nữ,7,2021,0,Tổng số,4480.04
4,Chủ hộ là nữ,7,2021,1,"Thu từ tiền lương, tiền công",2756.81
4,Chủ hộ là nữ,7,2021,2,"Thu từ nông, lâm nghiệp, thủy sản",230.47
4,Chủ hộ là nữ,7,2021,3,"Thu phi nông, lâm nghiệp, thủy sản",944.96
4,Chủ hộ là nữ,7,2021,4,Các khoản thu khác,547.8
4,Chủ hộ là nữ,8,2022,0,Tổng số,4976.75
4,Chủ hộ là nữ,8,2022,1,"Thu từ tiền lương, tiền công",2929.65
4,Chủ hộ là nữ,8,2022,2,"Thu từ nông, lâm nghiệp, thủy sản",251.78
4,Chủ hộ là nữ,8,2022,3,"Thu phi nông, lâm nghiệp, thủy sản",1147.52
4,Chủ hộ là nữ,8,2022,4,Các khoản thu khác,647.79
4,Chủ hộ là nữ,9,2023,0,Tổng số,5226.07
4,Chủ hộ là nữ,9,2023,1,"Thu từ tiền lương, tiền công",3071.35
4,Chủ hộ là nữ,9,2023,2,"Thu từ nông, lâm nghiệp, thủy sản",261.11
4,Chủ hộ là nữ,9,2023,3,"Thu phi nông, lâm nghiệp, thủy sản",1226.44
4,Chủ hộ là nữ,9,2023,4,Các khoản thu khác,667.17
4,Chủ hộ là nữ,10,2024,0,Tổng số,5665.58
4,Chủ hộ là nữ,10,2024,1,"Thu từ tiền lương, tiền công",3348.15
4,Chủ hộ là nữ,10,2024,2,"Thu từ nông, lâm nghiệp, thủy sản",310.79
4,Chủ hộ là nữ,10,2024,3,"Thu phi nông, lâm nghiệp, thủy sản",1205.34
4,Chủ hộ là nữ,10,2024,4,Các khoản thu khác,801.3
4,Chủ hộ là nữ,11,Sơ bộ 2025,0,Tổng số,6263.26
4,Chủ hộ là nữ,11,Sơ bộ 2025,1,"Thu từ tiền lương, tiền công",3836.4
4,Chủ hộ là nữ,11,Sơ bộ 2025,2,"Thu từ nông, lâm nghiệp, thủy sản",348.28
4,Chủ hộ là nữ,11,Sơ bộ 2025,3,"Thu phi nông, lâm nghiệp, thủy sản",1220.57
4,Chủ hộ là nữ,11,Sơ bộ 2025,4,Các khoản thu khác,858.11
5,Đồng bằng sông Hồng,0,2010,0,Tổng số,1580
5,Đồng bằng sông Hồng,0,2010,1,"Thu từ tiền lương, tiền công",798
5,Đồng bằng sông Hồng,0,2010,2,"Thu từ nông, lâm nghiệp, thủy sản",189
5,Đồng bằng sông Hồng,0,2010,3,"Thu phi nông, lâm nghiệp, thủy sản",392
5,Đồng bằng sông Hồng,0,2010,4,Các khoản thu khác,201
5,Đồng bằng sông Hồng,1,2012,0,Tổng số,2351
5,Đồng bằng sông Hồng,1,2012,1,"Thu từ tiền lương, tiền công",1216
5,Đồng bằng sông Hồng,1,2012,2,"Thu từ nông, lâm nghiệp, thủy sản",275
5,Đồng bằng sông Hồng,1,2012,3,"Thu phi nông, lâm nghiệp, thủy sản",556
5,Đồng bằng sông Hồng,1,2012,4,Các khoản thu khác,304
5,Đồng bằng sông Hồng,2,2014,0,Tổng số,3265
5,Đồng bằng sông Hồng,2,2014,1,"Thu từ tiền lương, tiền công",1733
5,Đồng bằng sông Hồng,2,2014,2,"Thu từ nông, lâm nghiệp, thủy sản",327
5,Đồng bằng sông Hồng,2,2014,3,"Thu phi nông, lâm nghiệp, thủy sản",738
5,Đồng bằng sông Hồng,2,2014,4,Các khoản thu khác,467
5,Đồng bằng sông Hồng,3,2016,0,Tổng số,3883
5,Đồng bằng sông Hồng,3,2016,1,"Thu từ tiền lương, tiền công",2106
5,Đồng bằng sông Hồng,3,2016,2,"Thu từ nông, lâm nghiệp, thủy sản",375
5,Đồng bằng sông Hồng,3,2016,3,"Thu phi nông, lâm nghiệp, thủy sản",924
5,Đồng bằng sông Hồng,3,2016,4,Các khoản thu khác,478
5,Đồng bằng sông Hồng,4,2018,0,Tổng số,4834
5,Đồng bằng sông Hồng,4,2018,1,"Thu từ tiền lương, tiền công",2795
5,Đồng bằng sông Hồng,4,2018,2,"Thu từ nông, lâm nghiệp, thủy sản",330
5,Đồng bằng sông Hồng,4,2018,3,"Thu phi nông, lâm nghiệp, thủy sản",1078
5,Đồng bằng sông Hồng,4,2018,4,Các khoản thu khác,631
5,Đồng bằng sông Hồng,5,2019,0,Tổng số,5191
5,Đồng bằng sông Hồng,5,2019,1,"Thu từ tiền lương, tiền công",3105.97
5,Đồng bằng sông Hồng,5,2019,2,"Thu từ nông, lâm nghiệp, thủy sản",314.26
5,Đồng bằng sông Hồng,5,2019,3,"Thu phi nông, lâm nghiệp, thủy sản",1263.74
5,Đồng bằng sông Hồng,5,2019,4,Các khoản thu khác,506.71
5,Đồng bằng sông Hồng,6,2020,0,Tổng số,5084.52
5,Đồng bằng sông Hồng,6,2020,1,"Thu từ tiền lương, tiền công",3020.719775169017
5,Đồng bằng sông Hồng,6,2020,2,"Thu từ nông, lâm nghiệp, thủy sản",308.990761250427
5,Đồng bằng sông Hồng,6,2020,3,"Thu phi nông, lâm nghiệp, thủy sản",1193.760616836225
5,Đồng bằng sông Hồng,6,2020,4,Các khoản thu khác,561.513967750286
5,Đồng bằng sông Hồng,7,2021,0,Tổng số,5026.04
5,Đồng bằng sông Hồng,7,2021,1,"Thu từ tiền lương, tiền công",3050.97
5,Đồng bằng sông Hồng,7,2021,2,"Thu từ nông, lâm nghiệp, thủy sản",282.86
5,Đồng bằng sông Hồng,7,2021,3,"Thu phi nông, lâm nghiệp, thủy sản",1186.61
5,Đồng bằng sông Hồng,7,2021,4,Các khoản thu khác,505.6
5,Đồng bằng sông Hồng,8,2022,0,Tổng số,5586.46
5,Đồng bằng sông Hồng,8,2022,1,"Thu từ tiền lương, tiền công",3346.78
5,Đồng bằng sông Hồng,8,2022,2,"Thu từ nông, lâm nghiệp, thủy sản",284.15
5,Đồng bằng sông Hồng,8,2022,3,"Thu phi nông, lâm nghiệp, thủy sản",1352.75
5,Đồng bằng sông Hồng,8,2022,4,Các khoản thu khác,602.78
5,Đồng bằng sông Hồng,9,2023,0,Tổng số,5980.63
5,Đồng bằng sông Hồng,9,2023,1,"Thu từ tiền lương, tiền công",3506.4
5,Đồng bằng sông Hồng,9,2023,2,"Thu từ nông, lâm nghiệp, thủy sản",281.76
5,Đồng bằng sông Hồng,9,2023,3,"Thu phi nông, lâm nghiệp, thủy sản",1549.65
5,Đồng bằng sông Hồng,9,2023,4,Các khoản thu khác,642.820000000001
5,Đồng bằng sông Hồng,10,2024,0,Tổng số,6558.14
5,Đồng bằng sông Hồng,10,2024,1,"Thu từ tiền lương, tiền công",3938.25
5,Đồng bằng sông Hồng,10,2024,2,"Thu từ nông, lâm nghiệp, thủy sản",300.5
5,Đồng bằng sông Hồng,10,2024,3,"Thu phi nông, lâm nghiệp, thủy sản",1545.14
5,Đồng bằng sông Hồng,10,2024,4,Các khoản thu khác,774.26
5,Đồng bằng sông Hồng,11,Sơ bộ 2025,0,Tổng số,7337.75
5,Đồng bằng sông Hồng,11,Sơ bộ 2025,1,"Thu từ tiền lương, tiền công",4505.64
5,Đồng bằng sông Hồng,11,Sơ bộ 2025,2,"Thu từ nông, lâm nghiệp, thủy sản",282.43
5,Đồng bằng sông Hồng,11,Sơ bộ 2025,3,"Thu phi nông, lâm nghiệp, thủy sản",1734.75
5,Đồng bằng sông Hồng,11,Sơ bộ 2025,4,Các khoản thu khác,814.93
6,Trung du và miền núi phía Bắc,0,2010,0,Tổng số,905
6,Trung du và miền núi phía Bắc,0,2010,1,"Thu từ tiền lương, tiền công",359
6,Trung du và miền núi phía Bắc,0,2010,2,"Thu từ nông, lâm nghiệp, thủy sản",314
6,Trung du và miền núi phía Bắc,0,2010,3,"Thu phi nông, lâm nghiệp, thủy sản",146
6,Trung du và miền núi phía Bắc,0,2010,4,Các khoản thu khác,86
6,Trung du và miền núi phía Bắc,1,2012,0,Tổng số,1258
6,Trung du và miền núi phía Bắc,1,2012,1,"Thu từ tiền lương, tiền công",536
6,Trung du và miền núi phía Bắc,1,2012,2,"Thu từ nông, lâm nghiệp, thủy sản",406
6,Trung du và miền núi phía Bắc,1,2012,3,"Thu phi nông, lâm nghiệp, thủy sản",197
6,Trung du và miền núi phía Bắc,1,2012,4,Các khoản thu khác,119
6,Trung du và miền núi phía Bắc,2,2014,0,Tổng số,1613
6,Trung du và miền núi phía Bắc,2,2014,1,"Thu từ tiền lương, tiền công",707
6,Trung du và miền núi phía Bắc,2,2014,2,"Thu từ nông, lâm nghiệp, thủy sản",471
6,Trung du và miền núi phía Bắc,2,2014,3,"Thu phi nông, lâm nghiệp, thủy sản",283
6,Trung du và miền núi phía Bắc,2,2014,4,Các khoản thu khác,152
6,Trung du và miền núi phía Bắc,3,2016,0,Tổng số,1963
6,Trung du và miền núi phía Bắc,3,2016,1,"Thu từ tiền lương, tiền công",883
6,Trung du và miền núi phía Bắc,3,2016,2,"Thu từ nông, lâm nghiệp, thủy sản",535
6,Trung du và miền núi phía Bắc,3,2016,3,"Thu phi nông, lâm nghiệp, thủy sản",355
6,Trung du và miền núi phía Bắc,3,2016,4,Các khoản thu khác,190
6,Trung du và miền núi phía Bắc,4,2018,0,Tổng số,2455
6,Trung du và miền núi phía Bắc,4,2018,1,"Thu từ tiền lương, tiền công",1190
6,Trung du và miền núi phía Bắc,4,2018,2,"Thu từ nông, lâm nghiệp, thủy sản",514
6,Trung du và miền núi phía Bắc,4,2018,3,"Thu phi nông, lâm nghiệp, thủy sản",492
6,Trung du và miền núi phía Bắc,4,2018,4,Các khoản thu khác,259
6,Trung du và miền núi phía Bắc,5,2019,0,Tổng số,2640
6,Trung du và miền núi phía Bắc,5,2019,1,"Thu từ tiền lương, tiền công",1370.36
6,Trung du và miền núi phía Bắc,5,2019,2,"Thu từ nông, lâm nghiệp, thủy sản",528.17
6,Trung du và miền núi phía Bắc,5,2019,3,"Thu phi nông, lâm nghiệp, thủy sản",494.7
6,Trung du và miền núi phía Bắc,5,2019,4,Các khoản thu khác,246.82
6,Trung du và miền núi phía Bắc,6,2020,0,Tổng số,2744.89
6,Trung du và miền núi phía Bắc,6,2020,1,"Thu từ tiền lương, tiền công",1447.654996632696
6,Trung du và miền núi phía Bắc,6,2020,2,"Thu từ nông, lâm nghiệp, thủy sản",545.263664785609
6,Trung du và miền núi phía Bắc,6,2020,3,"Thu phi nông, lâm nghiệp, thủy sản",484.411192654185
6,Trung du và miền núi phía Bắc,6,2020,4,Các khoản thu khác,268.034435848905
6,Trung du và miền núi phía Bắc,7,2021,0,Tổng số,2837.47
6,Trung du và miền núi phía Bắc,7,2021,1,"Thu từ tiền lương, tiền công",1510.34
6,Trung du và miền núi phía Bắc,7,2021,2,"Thu từ nông, lâm nghiệp, thủy sản",512.33
6,Trung du và miền núi phía Bắc,7,2021,3,"Thu phi nông, lâm nghiệp, thủy sản",538.83
6,Trung du và miền núi phía Bắc,7,2021,4,Các khoản thu khác,275.98
6,Trung du và miền núi phía Bắc,8,2022,0,Tổng số,3169.74
6,Trung du và miền núi phía Bắc,8,2022,1,"Thu từ tiền lương, tiền công",1717.33
6,Trung du và miền núi phía Bắc,8,2022,2,"Thu từ nông, lâm nghiệp, thủy sản",506.36
6,Trung du và miền núi phía Bắc,8,2022,3,"Thu phi nông, lâm nghiệp, thủy sản",634.13
6,Trung du và miền núi phía Bắc,8,2022,4,Các khoản thu khác,311.93
6,Trung du và miền núi phía Bắc,9,2023,0,Tổng số,3438.05
6,Trung du và miền núi phía Bắc,9,2023,1,"Thu từ tiền lương, tiền công",1818.5
6,Trung du và miền núi phía Bắc,9,2023,2,"Thu từ nông, lâm nghiệp, thủy sản",574.85
6,Trung du và miền núi phía Bắc,9,2023,3,"Thu phi nông, lâm nghiệp, thủy sản",715.4
6,Trung du và miền núi phía Bắc,9,2023,4,Các khoản thu khác,329.3
6,Trung du và miền núi phía Bắc,10,2024,0,Tổng số,3759.18
6,Trung du và miền núi phía Bắc,10,2024,1,"Thu từ tiền lương, tiền công",2111.52
6,Trung du và miền núi phía Bắc,10,2024,2,"Thu từ nông, lâm nghiệp, thủy sản",560.75
6,Trung du và miền núi phía Bắc,10,2024,3,"Thu phi nông, lâm nghiệp, thủy sản",695.02
6,Trung du và miền núi phía Bắc,10,2024,4,Các khoản thu khác,391.86
6,Trung du và miền núi phía Bắc,11,Sơ bộ 2025,0,Tổng số,4150.54
6,Trung du và miền núi phía Bắc,11,Sơ bộ 2025,1,"Thu từ tiền lương, tiền công",2335.62
6,Trung du và miền núi phía Bắc,11,Sơ bộ 2025,2,"Thu từ nông, lâm nghiệp, thủy sản",661.05
6,Trung du và miền núi phía Bắc,11,Sơ bộ 2025,3,"Thu phi nông, lâm nghiệp, thủy sản",735.6
6,Trung du và miền núi phía Bắc,11,Sơ bộ 2025,4,Các khoản thu khác,418.27
7,Bắc Trung Bộ và duyên hải miền Trung,0,2010,0,Tổng số,1018
7,Bắc Trung Bộ và duyên hải miền Trung,0,2010,1,"Thu từ tiền lương, tiền công",442
7,Bắc Trung Bộ và duyên hải miền Trung,0,2010,2,"Thu từ nông, lâm nghiệp, thủy sản",231
7,Bắc Trung Bộ và duyên hải miền Trung,0,2010,3,"Thu phi nông, lâm nghiệp, thủy sản",229
7,Bắc Trung Bộ và duyên hải miền Trung,0,2010,4,Các khoản thu khác,116
7,Bắc Trung Bộ và duyên hải miền Trung,1,2012,0,Tổng số,1505
7,Bắc Trung Bộ và duyên hải miền Trung,1,2012,1,"Thu từ tiền lương, tiền công",679
7,Bắc Trung Bộ và duyên hải miền Trung,1,2012,2,"Thu từ nông, lâm nghiệp, thủy sản",320
7,Bắc Trung Bộ và duyên hải miền Trung,1,2012,3,"Thu phi nông, lâm nghiệp, thủy sản",343
7,Bắc Trung Bộ và duyên hải miền Trung,1,2012,4,Các khoản thu khác,163
7,Bắc Trung Bộ và duyên hải miền Trung,2,2014,0,Tổng số,1982
7,Bắc Trung Bộ và duyên hải miền Trung,2,2014,1,"Thu từ tiền lương, tiền công",923
7,Bắc Trung Bộ và duyên hải miền Trung,2,2014,2,"Thu từ nông, lâm nghiệp, thủy sản",379
7,Bắc Trung Bộ và duyên hải miền Trung,2,2014,3,"Thu phi nông, lâm nghiệp, thủy sản",440
7,Bắc Trung Bộ và duyên hải miền Trung,2,2014,4,Các khoản thu khác,240
7,Bắc Trung Bộ và duyên hải miền Trung,3,2016,0,Tổng số,2358
7,Bắc Trung Bộ và duyên hải miền Trung,3,2016,1,"Thu từ tiền lương, tiền công",1108
7,Bắc Trung Bộ và duyên hải miền Trung,3,2016,2,"Thu từ nông, lâm nghiệp, thủy sản",422
7,Bắc Trung Bộ và duyên hải miền Trung,3,2016,3,"Thu phi nông, lâm nghiệp, thủy sản",546
7,Bắc Trung Bộ và duyên hải miền Trung,3,2016,4,Các khoản thu khác,282
7,Bắc Trung Bộ và duyên hải miền Trung,4,2018,0,Tổng số,3015
7,Bắc Trung Bộ và duyên hải miền Trung,4,2018,1,"Thu từ tiền lương, tiền công",1476
7,Bắc Trung Bộ và duyên hải miền Trung,4,2018,2,"Thu từ nông, lâm nghiệp, thủy sản",445
7,Bắc Trung Bộ và duyên hải miền Trung,4,2018,3,"Thu phi nông, lâm nghiệp, thủy sản",676
7,Bắc Trung Bộ và duyên hải miền Trung,4,2018,4,Các khoản thu khác,418
7,Bắc Trung Bộ và duyên hải miền Trung,5,2019,0,Tổng số,3331
7,Bắc Trung Bộ và duyên hải miền Trung,5,2019,1,"Thu từ tiền lương, tiền công",1715.98
7,Bắc Trung Bộ và duyên hải miền Trung,5,2019,2,"Thu từ nông, lâm nghiệp, thủy sản",463.83
7,Bắc Trung Bộ và duyên hải miền Trung,5,2019,3,"Thu phi nông, lâm nghiệp, thủy sản",748.8
7,Bắc Trung Bộ và duyên hải miền Trung,5,2019,4,Các khoản thu khác,402.42
7,Bắc Trung Bộ và duyên hải miền Trung,6,2020,0,Tổng số,3403.2
7,Bắc Trung Bộ và duyên hải miền Trung,6,2020,1,"Thu từ tiền lương, tiền công",1764.693486118126
7,Bắc Trung Bộ và duyên hải miền Trung,6,2020,2,"Thu từ nông, lâm nghiệp, thủy sản",432.577860547452
7,Bắc Trung Bộ và duyên hải miền Trung,6,2020,3,"Thu phi nông, lâm nghiệp, thủy sản",791.566373442791
7,Bắc Trung Bộ và duyên hải miền Trung,6,2020,4,Các khoản thu khác,414.81600542526
7,Bắc Trung Bộ và duyên hải miền Trung,7,2021,0,Tổng số,3493.21
7,Bắc Trung Bộ và duyên hải miền Trung,7,2021,1,"Thu từ tiền lương, tiền công",1864.94
7,Bắc Trung Bộ và duyên hải miền Trung,7,2021,2,"Thu từ nông, lâm nghiệp, thủy sản",405.96
7,Bắc Trung Bộ và duyên hải miền Trung,7,2021,3,"Thu phi nông, lâm nghiệp, thủy sản",823.81
7,Bắc Trung Bộ và duyên hải miền Trung,7,2021,4,Các khoản thu khác,398.51
7,Bắc Trung Bộ và duyên hải miền Trung,8,2022,0,Tổng số,3966.65
7,Bắc Trung Bộ và duyên hải miền Trung,8,2022,1,"Thu từ tiền lương, tiền công",2064.06
7,Bắc Trung Bộ và duyên hải miền Trung,8,2022,2,"Thu từ nông, lâm nghiệp, thủy sản",415.73
7,Bắc Trung Bộ và duyên hải miền Trung,8,2022,3,"Thu phi nông, lâm nghiệp, thủy sản",994.34
7,Bắc Trung Bộ và duyên hải miền Trung,8,2022,4,Các khoản thu khác,492.52
7,Bắc Trung Bộ và duyên hải miền Trung,9,2023,0,Tổng số,4263.77
7,Bắc Trung Bộ và duyên hải miền Trung,9,2023,1,"Thu từ tiền lương, tiền công",2236.44
7,Bắc Trung Bộ và duyên hải miền Trung,9,2023,2,"Thu từ nông, lâm nghiệp, thủy sản",466.91
7,Bắc Trung Bộ và duyên hải miền Trung,9,2023,3,"Thu phi nông, lâm nghiệp, thủy sản",1042.84
7,Bắc Trung Bộ và duyên hải miền Trung,9,2023,4,Các khoản thu khác,517.58
7,Bắc Trung Bộ và duyên hải miền Trung,10,2024,0,Tổng số,4648.49
7,Bắc Trung Bộ và duyên hải miền Trung,10,2024,1,"Thu từ tiền lương, tiền công",2371.4
7,Bắc Trung Bộ và duyên hải miền Trung,10,2024,2,"Thu từ nông, lâm nghiệp, thủy sản",498.8
7,Bắc Trung Bộ và duyên hải miền Trung,10,2024,3,"Thu phi nông, lâm nghiệp, thủy sản",1164.57
7,Bắc Trung Bộ và duyên hải miền Trung,10,2024,4,Các khoản thu khác,613.73
7,Bắc Trung Bộ và duyên hải miền Trung,11,Sơ bộ 2025,0,Tổng số,5062.98
7,Bắc Trung Bộ và duyên hải miền Trung,11,Sơ bộ 2025,1,"Thu từ tiền lương, tiền công",2793.11
7,Bắc Trung Bộ và duyên hải miền Trung,11,Sơ bộ 2025,2,"Thu từ nông, lâm nghiệp, thủy sản",505.95
7,Bắc Trung Bộ và duyên hải miền Trung,11,Sơ bộ 2025,3,"Thu phi nông, lâm nghiệp, thủy sản",1105.76
7,Bắc Trung Bộ và duyên hải miền Trung,11,Sơ bộ 2025,4,Các khoản thu khác,658.16
8,Tây Nguyên,0,2010,0,Tổng số,1088
8,Tây Nguyên,0,2010,1,"Thu từ tiền lương, tiền công",334
8,Tây Nguyên,0,2010,2,"Thu từ nông, lâm nghiệp, thủy sản",470
8,Tây Nguyên,0,2010,3,"Thu phi nông, lâm nghiệp, thủy sản",217
8,Tây Nguyên,0,2010,4,Các khoản thu khác,67
8,Tây Nguyên,1,2012,0,Tổng số,1643
8,Tây Nguyên,1,2012,1,"Thu từ tiền lương, tiền công",497
8,Tây Nguyên,1,2012,2,"Thu từ nông, lâm nghiệp, thủy sản",759
8,Tây Nguyên,1,2012,3,"Thu phi nông, lâm nghiệp, thủy sản",293
8,Tây Nguyên,1,2012,4,Các khoản thu khác,94
8,Tây Nguyên,2,2014,0,Tổng số,2008
8,Tây Nguyên,2,2014,1,"Thu từ tiền lương, tiền công",678
8,Tây Nguyên,2,2014,2,"Thu từ nông, lâm nghiệp, thủy sản",863
8,Tây Nguyên,2,2014,3,"Thu phi nông, lâm nghiệp, thủy sản",350
8,Tây Nguyên,2,2014,4,Các khoản thu khác,117
8,Tây Nguyên,3,2016,0,Tổng số,2366
8,Tây Nguyên,3,2016,1,"Thu từ tiền lương, tiền công",805
8,Tây Nguyên,3,2016,2,"Thu từ nông, lâm nghiệp, thủy sản",928
8,Tây Nguyên,3,2016,3,"Thu phi nông, lâm nghiệp, thủy sản",500
8,Tây Nguyên,3,2016,4,Các khoản thu khác,133
8,Tây Nguyên,4,2018,0,Tổng số,2896
8,Tây Nguyên,4,2018,1,"Thu từ tiền lương, tiền công",1084
8,Tây Nguyên,4,2018,2,"Thu từ nông, lâm nghiệp, thủy sản",982
8,Tây Nguyên,4,2018,3,"Thu phi nông, lâm nghiệp, thủy sản",594
8,Tây Nguyên,4,2018,4,Các khoản thu khác,236
8,Tây Nguyên,5,2019,0,Tổng số,3095
8,Tây Nguyên,5,2019,1,"Thu từ tiền lương, tiền công",1207.75
8,Tây Nguyên,5,2019,2,"Thu từ nông, lâm nghiệp, thủy sản",942.73
8,Tây Nguyên,5,2019,3,"Thu phi nông, lâm nghiệp, thủy sản",738.92
8,Tây Nguyên,5,2019,4,Các khoản thu khác,205.24
8,Tây Nguyên,6,2020,0,Tổng số,2814.47
8,Tây Nguyên,6,2020,1,"Thu từ tiền lương, tiền công",1149.87688799892
8,Tây Nguyên,6,2020,2,"Thu từ nông, lâm nghiệp, thủy sản",873.361224483077
8,Tây Nguyên,6,2020,3,"Thu phi nông, lâm nghiệp, thủy sản",590.924641012085
8,Tây Nguyên,6,2020,4,Các khoản thu khác,200.767188769875
8,Tây Nguyên,7,2021,0,Tổng số,2855.57
8,Tây Nguyên,7,2021,1,"Thu từ tiền lương, tiền công",1170.18
8,Tây Nguyên,7,2021,2,"Thu từ nông, lâm nghiệp, thủy sản",953.22
8,Tây Nguyên,7,2021,3,"Thu phi nông, lâm nghiệp, thủy sản",553.14
8,Tây Nguyên,7,2021,4,Các khoản thu khác,179.04
8,Tây Nguyên,8,2022,0,Tổng số,3281.79
8,Tây Nguyên,8,2022,1,"Thu từ tiền lương, tiền công",1249.49
8,Tây Nguyên,8,2022,2,"Thu từ nông, lâm nghiệp, thủy sản",1126.8
8,Tây Nguyên,8,2022,3,"Thu phi nông, lâm nghiệp, thủy sản",702.7
8,Tây Nguyên,8,2022,4,Các khoản thu khác,202.8
8,Tây Nguyên,9,2023,0,Tổng số,3565.89
8,Tây Nguyên,9,2023,1,"Thu từ tiền lương, tiền công",1484.04
8,Tây Nguyên,9,2023,2,"Thu từ nông, lâm nghiệp, thủy sản",1121.44
8,Tây Nguyên,9,2023,3,"Thu phi nông, lâm nghiệp, thủy sản",763.21
8,Tây Nguyên,9,2023,4,Các khoản thu khác,197.2
8,Tây Nguyên,10,2024,0,Tổng số,3882.34
8,Tây Nguyên,10,2024,1,"Thu từ tiền lương, tiền công",1461.67
8,Tây Nguyên,10,2024,2,"Thu từ nông, lâm nghiệp, thủy sản",1488.04
8,Tây Nguyên,10,2024,3,"Thu phi nông, lâm nghiệp, thủy sản",701.36
8,Tây Nguyên,10,2024,4,Các khoản thu khác,231.27
8,Tây Nguyên,11,Sơ bộ 2025,0,Tổng số,4767.51
8,Tây Nguyên,11,Sơ bộ 2025,1,"Thu từ tiền lương, tiền công",1645.68
8,Tây Nguyên,11,Sơ bộ 2025,2,"Thu từ nông, lâm nghiệp, thủy sản",2288
8,Tây Nguyên,11,Sơ bộ 2025,3,"Thu phi nông, lâm nghiệp, thủy sản",608.28
8,Tây Nguyên,11,Sơ bộ 2025,4,Các khoản thu khác,225.56
9,Đông Nam Bộ,0,2010,0,Tổng số,2304
9,Đông Nam Bộ,0,2010,1,"Thu từ tiền lương, tiền công",1210
9,Đông Nam Bộ,0,2010,2,"Thu từ nông, lâm nghiệp, thủy sản",246
9,Đông Nam Bộ,0,2010,3,"Thu phi nông, lâm nghiệp, thủy sản",597
9,Đông Nam Bộ,0,2010,4,Các khoản thu khác,251
9,Đông Nam Bộ,1,2012,0,Tổng số,3173
9,Đông Nam Bộ,1,2012,1,"Thu từ tiền lương, tiền công",1709
9,Đông Nam Bộ,1,2012,2,"Thu từ nông, lâm nghiệp, thủy sản",362
9,Đông Nam Bộ,1,2012,3,"Thu phi nông, lâm nghiệp, thủy sản",725
9,Đông Nam Bộ,1,2012,4,Các khoản thu khác,377
9,Đông Nam Bộ,2,2014,0,Tổng số,4125
9,Đông Nam Bộ,2,2014,1,"Thu từ tiền lương, tiền công",2247
9,Đông Nam Bộ,2,2014,2,"Thu từ nông, lâm nghiệp, thủy sản",344
9,Đông Nam Bộ,2,2014,3,"Thu phi nông, lâm nghiệp, thủy sản",1022
9,Đông Nam Bộ,2,2014,4,Các khoản thu khác,512
9,Đông Nam Bộ,3,2016,0,Tổng số,4662
9,Đông Nam Bộ,3,2016,1,"Thu từ tiền lương, tiền công",2520
9,Đông Nam Bộ,3,2016,2,"Thu từ nông, lâm nghiệp, thủy sản",342
9,Đông Nam Bộ,3,2016,3,"Thu phi nông, lâm nghiệp, thủy sản",1320
9,Đông Nam Bộ,3,2016,4,Các khoản thu khác,480
9,Đông Nam Bộ,4,2018,0,Tổng số,5709
9,Đông Nam Bộ,4,2018,1,"Thu từ tiền lương, tiền công",3297
9,Đông Nam Bộ,4,2018,2,"Thu từ nông, lâm nghiệp, thủy sản",303
9,Đông Nam Bộ,4,2018,3,"Thu phi nông, lâm nghiệp, thủy sản",1443
9,Đông Nam Bộ,4,2018,4,Các khoản thu khác,667
9,Đông Nam Bộ,5,2019,0,Tổng số,6280
9,Đông Nam Bộ,5,2019,1,"Thu từ tiền lương, tiền công",3898.05
9,Đông Nam Bộ,5,2019,2,"Thu từ nông, lâm nghiệp, thủy sản",341.54
9,Đông Nam Bộ,5,2019,3,"Thu phi nông, lâm nghiệp, thủy sản",1472.2
9,Đông Nam Bộ,5,2019,4,Các khoản thu khác,567.95
9,Đông Nam Bộ,6,2020,0,Tổng số,6024.94
9,Đông Nam Bộ,6,2020,1,"Thu từ tiền lương, tiền công",3934.880603263081
9,Đông Nam Bộ,6,2020,2,"Thu từ nông, lâm nghiệp, thủy sản",246.663504328308
9,Đông Nam Bộ,6,2020,3,"Thu phi nông, lâm nghiệp, thủy sản",1368.723799721187
9,Đông Nam Bộ,6,2020,4,Các khoản thu khác,475.115380055012
9,Đông Nam Bộ,7,2021,0,Tổng số,5794.2
9,Đông Nam Bộ,7,2021,1,"Thu từ tiền lương, tiền công",3803.79
9,Đông Nam Bộ,7,2021,2,"Thu từ nông, lâm nghiệp, thủy sản",224.16
9,Đông Nam Bộ,7,2021,3,"Thu phi nông, lâm nghiệp, thủy sản",1346.72
9,Đông Nam Bộ,7,2021,4,Các khoản thu khác,419.53
9,Đông Nam Bộ,8,2022,0,Tổng số,6334.09
9,Đông Nam Bộ,8,2022,1,"Thu từ tiền lương, tiền công",3948.22
9,Đông Nam Bộ,8,2022,2,"Thu từ nông, lâm nghiệp, thủy sản",279.86
9,Đông Nam Bộ,8,2022,3,"Thu phi nông, lâm nghiệp, thủy sản",1525.31
9,Đông Nam Bộ,8,2022,4,Các khoản thu khác,580.7
9,Đông Nam Bộ,9,2023,0,Tổng số,6520.45
9,Đông Nam Bộ,9,2023,1,"Thu từ tiền lương, tiền công",4154.53
9,Đông Nam Bộ,9,2023,2,"Thu từ nông, lâm nghiệp, thủy sản",249.96
9,Đông Nam Bộ,9,2023,3,"Thu phi nông, lâm nghiệp, thủy sản",1588.07
9,Đông Nam Bộ,9,2023,4,Các khoản thu khác,527.889999999999
9,Đông Nam Bộ,10,2024,0,Tổng số,7074.54
9,Đông Nam Bộ,10,2024,1,"Thu từ tiền lương, tiền công",4625.79
9,Đông Nam Bộ,10,2024,2,"Thu từ nông, lâm nghiệp, thủy sản",315.92
9,Đông Nam Bộ,10,2024,3,"Thu phi nông, lâm nghiệp, thủy sản",1534.63
9,Đông Nam Bộ,10,2024,4,Các khoản thu khác,598.21
9,Đông Nam Bộ,11,Sơ bộ 2025,0,Tổng số,7706.94
9,Đông Nam Bộ,11,Sơ bộ 2025,1,"Thu từ tiền lương, tiền công",5166.7
9,Đông Nam Bộ,11,Sơ bộ 2025,2,"Thu từ nông, lâm nghiệp, thủy sản",303.99
9,Đông Nam Bộ,11,Sơ bộ 2025,3,"Thu phi nông, lâm nghiệp, thủy sản",1588.59
9,Đông Nam Bộ,11,Sơ bộ 2025,4,Các khoản thu khác,647.65
10,Đồng bằng sông Cửu Long,0,2010,0,Tổng số,
10,Đồng bằng sông Cửu Long,0,2010,1,"Thu từ tiền lương, tiền công",
10,Đồng bằng sông Cửu Long,0,2010,2,"Thu từ nông, lâm nghiệp, thủy sản",
10,Đồng bằng sông Cửu Long,0,2010,3,"Thu phi nông, lâm nghiệp, thủy sản",
10,Đồng bằng sông Cửu Long,0,2010,4,Các khoản thu khác,
10,Đồng bằng sông Cửu Long,1,2012,0,Tổng số,
10,Đồng bằng sông Cửu Long,1,2012,1,"Thu từ tiền lương, tiền công",
10,Đồng bằng sông Cửu Long,1,2012,2,"Thu từ nông, lâm nghiệp, thủy sản",
10,Đồng bằng sông Cửu Long,1,2012,3,"Thu phi nông, lâm nghiệp, thủy sản",
10,Đồng bằng sông Cửu Long,1,2012,4,Các khoản thu khác,
10,Đồng bằng sông Cửu Long,2,2014,0,Tổng số,
10,Đồng bằng sông Cửu Long,2,2014,1,"Thu từ tiền lương, tiền công",
10,Đồng bằng sông Cửu Long,2,2014,2,"Thu từ nông, lâm nghiệp, thủy sản",
10,Đồng bằng sông Cửu Long,2,2014,3,"Thu phi nông, lâm nghiệp, thủy sản",
10,Đồng bằng sông Cửu Long,2,2014,4,Các khoản thu khác,
10,Đồng bằng sông Cửu Long,3,2016,0,Tổng số,
10,Đồng bằng sông Cửu Long,3,2016,1,"Thu từ tiền lương, tiền công",41.229880313661
10,Đồng bằng sông Cửu Long,3,2016,2,"Thu từ nông, lâm nghiệp, thủy sản",
10,Đồng bằng sông Cửu Long,3,2016,3,"Thu phi nông, lâm nghiệp, thủy sản",
10,Đồng bằng sông Cửu Long,3,2016,4,Các khoản thu khác,
10,Đồng bằng sông Cửu Long,4,2018,0,Tổng số,
10,Đồng bằng sông Cửu Long,4,2018,1,"Thu từ tiền lương, tiền công",
10,Đồng bằng sông Cửu Long,4,2018,2,"Thu từ nông, lâm nghiệp, thủy sản",
10,Đồng bằng sông Cửu Long,4,2018,3,"Thu phi nông, lâm nghiệp, thủy sản",
10,Đồng bằng sông Cửu Long,4,2018,4,Các khoản thu khác,
10,Đồng bằng sông Cửu Long,5,2019,0,Tổng số,
10,Đồng bằng sông Cửu Long,5,2019,1,"Thu từ tiền lương, tiền công",
10,Đồng bằng sông Cửu Long,5,2019,2,"Thu từ nông, lâm nghiệp, thủy sản",
10,Đồng bằng sông Cửu Long,5,2019,3,"Thu phi nông, lâm nghiệp, thủy sản",
10,Đồng bằng sông Cửu Long,5,2019,4,Các khoản thu khác,
10,Đồng bằng sông Cửu Long,6,2020,0,Tổng số,55.460744664625
10,Đồng bằng sông Cửu Long,6,2020,1,"Thu từ tiền lương, tiền công",
10,Đồng bằng sông Cửu Long,6,2020,2,"Thu từ nông, lâm nghiệp, thủy sản",
10,Đồng bằng sông Cửu Long,6,2020,3,"Thu phi nông, lâm nghiệp, thủy sản",
10,Đồng bằng sông Cửu Long,6,2020,4,Các khoản thu khác,
10,Đồng bằng sông Cửu Long,7,2021,0,Tổng số,
10,Đồng bằng sông Cửu Long,7,2021,1,"Thu từ tiền lương, tiền công",
10,Đồng bằng sông Cửu Long,7,2021,2,"Thu từ nông, lâm nghiệp, thủy sản",
10,Đồng bằng sông Cửu Long,7,2021,3,"Thu phi nông, lâm nghiệp, thủy sản",
10,Đồng bằng sông Cửu Long,7,2021,4,Các khoản thu khác,
10,Đồng bằng sông Cửu Long,8,2022,0,Tổng số,
10,Đồng bằng sông Cửu Long,8,2022,1,"Thu từ tiền lương, tiền công",
10,Đồng bằng sông Cửu Long,8,2022,2,"Thu từ nông, lâm nghiệp, thủy sản",
10,Đồng bằng sông Cửu Long,8,2022,3,"Thu phi nông, lâm nghiệp, thủy sản",
10,Đồng bằng sông Cửu Long,8,2022,4,Các khoản thu khác,
10,Đồng bằng sông Cửu Long,9,2023,0,Tổng số,
10,Đồng bằng sông Cửu Long,9,2023,1,"Thu từ tiền lương, tiền công",
10,Đồng bằng sông Cửu Long,9,2023,2,"Thu từ nông, lâm nghiệp, thủy sản",
10,Đồng bằng sông Cửu Long,9,2023,3,"Thu phi nông, lâm nghiệp, thủy sản",
10,Đồng bằng sông Cửu Long,9,2023,4,Các khoản thu khác,
10,Đồng bằng sông Cửu Long,10,2024,0,Tổng số,
10,Đồng bằng sông Cửu Long,10,2024,1,"Thu từ tiền lương, tiền công",
10,Đồng bằng sông Cửu Long,10,2024,2,"Thu từ nông, lâm nghiệp, thủy sản",
10,Đồng bằng sông Cửu Long,10,2024,3,"Thu phi nông, lâm nghiệp, thủy sản",
10,Đồng bằng sông Cửu Long,10,2024,4,Các khoản thu khác,
10,Đồng bằng sông Cửu Long,11,Sơ bộ 2025,0,Tổng số,
10,Đồng bằng sông Cửu Long,11,Sơ bộ 2025,1,"Thu từ tiền lương, tiền công",
10,Đồng bằng sông Cửu Long,11,Sơ bộ 2025,2,"Thu từ nông, lâm nghiệp, thủy sản",
10,Đồng bằng sông Cửu Long,11,Sơ bộ 2025,3,"Thu phi nông, lâm nghiệp, thủy sản",
10,Đồng bằng sông Cửu Long,11,Sơ bộ 2025,4,Các khoản thu khác,
11,Nghìn đồng,0,2010,0,Tổng số,
11,Nghìn đồng,0,2010,1,"Thu từ tiền lương, tiền công",
11,Nghìn đồng,0,2010,2,"Thu từ nông, lâm nghiệp, thủy sản",
11,Nghìn đồng,0,2010,3,"Thu phi nông, lâm nghiệp, thủy sản",
11,Nghìn đồng,0,2010,4,Các khoản thu khác,
11,Nghìn đồng,1,2012,0,Tổng số,
11,Nghìn đồng,1,2012,1,"Thu từ tiền lương, tiền công",
11,Nghìn đồng,1,2012,2,"Thu từ nông, lâm nghiệp, thủy sản",
11,Nghìn đồng,1,2012,3,"Thu phi nông, lâm nghiệp, thủy sản",
11,Nghìn đồng,1,2012,4,Các khoản thu khác,
11,Nghìn đồng,2,2014,0,Tổng số,
11,Nghìn đồng,2,2014,1,"Thu từ tiền lương, tiền công",
11,Nghìn đồng,2,2014,2,"Thu từ nông, lâm nghiệp, thủy sản",
11,Nghìn đồng,2,2014,3,"Thu phi nông, lâm nghiệp, thủy sản",
11,Nghìn đồng,2,2014,4,Các khoản thu khác,
11,Nghìn đồng,3,2016,0,Tổng số,
11,Nghìn đồng,3,2016,1,"Thu từ tiền lương, tiền công",
11,Nghìn đồng,3,2016,2,"Thu từ nông, lâm nghiệp, thủy sản",
11,Nghìn đồng,3,2016,3,"Thu phi nông, lâm nghiệp, thủy sản",
11,Nghìn đồng,3,2016,4,Các khoản thu khác,
11,Nghìn đồng,4,2018,0,Tổng số,
11,Nghìn đồng,4,2018,1,"Thu từ tiền lương, tiền công",
11,Nghìn đồng,4,2018,2,"Thu từ nông, lâm nghiệp, thủy sản",
11,Nghìn đồng,4,2018,3,"Thu phi nông, lâm nghiệp, thủy sản",
11,Nghìn đồng,4,2018,4,Các khoản thu khác,
11,Nghìn đồng,5,2019,0,Tổng số,
11,Nghìn đồng,5,2019,1,"Thu từ tiền lương, tiền công",
11,Nghìn đồng,5,2019,2,"Thu từ nông, lâm nghiệp, thủy sản",
11,Nghìn đồng,5,2019,3,"Thu phi nông, lâm nghiệp, thủy sản",
11,Nghìn đồng,5,2019,4,Các khoản thu khác,
11,Nghìn đồng,6,2020,0,Tổng số,
11,Nghìn đồng,6,2020,1,"Thu từ tiền lương, tiền công",
11,Nghìn đồng,6,2020,2,"Thu từ nông, lâm nghiệp, thủy sản",
11,Nghìn đồng,6,2020,3,"Thu phi nông, lâm nghiệp, thủy sản",
11,Nghìn đồng,6,2020,4,Các khoản thu khác,
11,Nghìn đồng,7,2021,0,Tổng số,
11,Nghìn đồng,7,2021,1,"Thu từ tiền lương, tiền công",
11,Nghìn đồng,7,2021,2,"Thu từ nông, lâm nghiệp, thủy sản",
11,Nghìn đồng,7,2021,3,"Thu phi nông, lâm nghiệp, thủy sản",
11,Nghìn đồng,7,2021,4,Các khoản thu khác,
11,Nghìn đồng,8,2022,0,Tổng số,
11,Nghìn đồng,8,2022,1,"Thu từ tiền lương, tiền công",
11,Nghìn đồng,8,2022,2,"Thu từ nông, lâm nghiệp, thủy sản",
11,Nghìn đồng,8,2022,3,"Thu phi nông, lâm nghiệp, thủy sản",
11,Nghìn đồng,8,2022,4,Các khoản thu khác,
11,Nghìn đồng,9,2023,0,Tổng số,
11,Nghìn đồng,9,2023,1,"Thu từ tiền lương, tiền công",
11,Nghìn đồng,9,2023,2,"Thu từ nông, lâm nghiệp, thủy sản",
11,Nghìn đồng,9,2023,3,"Thu phi nông, lâm nghiệp, thủy sản",
11,Nghìn đồng,9,2023,4,Các khoản thu khác,
11,Nghìn đồng,10,2024,0,Tổng số,
11,Nghìn đồng,10,2024,1,"Thu từ tiền lương, tiền công",
11,Nghìn đồng,10,2024,2,"Thu từ nông, lâm nghiệp, thủy sản",
11,Nghìn đồng,10,2024,3,"Thu phi nông, lâm nghiệp, thủy sản",
11,Nghìn đồng,10,2024,4,Các khoản thu khác,
11,Nghìn đồng,11,Sơ bộ 2025,0,Tổng số,
11,Nghìn đồng,11,Sơ bộ 2025,1,"Thu từ tiền lương, tiền công",
11,Nghìn đồng,11,Sơ bộ 2025,2,"Thu từ nông, lâm nghiệp, thủy sản",
11,Nghìn đồng,11,Sơ bộ 2025,3,"Thu phi nông, lâm nghiệp, thủy sản",
11,Nghìn đồng,11,Sơ bộ 2025,4,Các khoản thu khác,
