section,indicator_id,province_code,province_name,geography_version,period,year,period_type,value,unit,value_status,period_status,source_id,source_row,source_column,raw_value,source_period_header,quality_flags,province_name_source
health_culture_environment,e1463_c9b3c38247,VN_SRC_HANOI,Ha Noi,source_reported_unharmonized,2024,2024,annual,85.97,%,observed,not_specified,E1463,6,2,85.97,2024,catalogue_title_differs,Ha Noi
health_culture_environment,e1463_c9b3c38247,VN_SRC_HANOI,Ha Noi,source_reported_unharmonized,2025,2025,annual,88.14,%,observed,not_specified,E1463,6,3,88.14,2025,catalogue_title_differs,Ha Noi
health_culture_environment,e1463_c9b3c38247,VN_SRC_VINHPHUC,Vinh Phuc,source_reported_unharmonized,2024,2024,annual,88.22,%,observed,not_specified,E1463,7,2,88.22,2024,catalogue_title_differs,Vinh Phuc
health_culture_environment,e1463_c9b3c38247,VN_SRC_VINHPHUC,Vinh Phuc,source_reported_unharmonized,2025,2025,annual,89.93,%,observed,not_specified,E1463,7,3,89.93,2025,catalogue_title_differs,Vinh Phuc
health_culture_environment,e1463_c9b3c38247,VN_SRC_BACNINH,Bac Ninh,source_reported_unharmonized,2024,2024,annual,85.39,%,observed,not_specified,E1463,8,2,85.39,2024,catalogue_title_differs,Bac Ninh
health_culture_environment,e1463_c9b3c38247,VN_SRC_BACNINH,Bac Ninh,source_reported_unharmonized,2025,2025,annual,87.24,%,observed,not_specified,E1463,8,3,87.24,2025,catalogue_title_differs,Bac Ninh
health_culture_environment,e1463_c9b3c38247,VN_SRC_QUANGNINH,Quang Ninh,source_reported_unharmonized,2024,2024,annual,82.62,%,observed,not_specified,E1463,9,2,82.62,2024,catalogue_title_differs,Quang Ninh
health_culture_environment,e1463_c9b3c38247,VN_SRC_QUANGNINH,Quang Ninh,source_reported_unharmonized,2025,2025,annual,87.93,%,observed,not_specified,E1463,9,3,87.93,2025,catalogue_title_differs,Quang Ninh
health_culture_environment,e1463_c9b3c38247,VN_SRC_HAIDUONG,Hai Duong,source_reported_unharmonized,2024,2024,annual,82.94,%,observed,not_specified,E1463,10,2,82.94,2024,catalogue_title_differs,Hai Duong
health_culture_environment,e1463_c9b3c38247,VN_SRC_HAIDUONG,Hai Duong,source_reported_unharmonized,2025,2025,annual,85.49,%,observed,not_specified,E1463,10,3,85.49,2025,catalogue_title_differs,Hai Duong
health_culture_environment,e1463_c9b3c38247,VN_SRC_HAIPHONG,Hai Phong,source_reported_unharmonized,2024,2024,annual,86.94,%,observed,not_specified,E1463,11,2,86.94,2024,catalogue_title_differs,Hai Phong
health_culture_environment,e1463_c9b3c38247,VN_SRC_HAIPHONG,Hai Phong,source_reported_unharmonized,2025,2025,annual,88.66,%,observed,not_specified,E1463,11,3,88.66,2025,catalogue_title_differs,Hai Phong
health_culture_environment,e1463_c9b3c38247,VN_SRC_HUNGYEN,Hung Yen,source_reported_unharmonized,2024,2024,annual,86.65,%,observed,not_specified,E1463,12,2,86.65,2024,catalogue_title_differs,Hung Yen
health_culture_environment,e1463_c9b3c38247,VN_SRC_HUNGYEN,Hung Yen,source_reported_unharmonized,2025,2025,annual,88.10,%,observed,not_specified,E1463,12,3,88.10,2025,catalogue_title_differs,Hung Yen
health_culture_environment,e1463_c9b3c38247,VN_SRC_THAIBINH,Thai Binh,source_reported_unharmonized,2024,2024,annual,87.32,%,observed,not_specified,E1463,13,2,87.32,2024,catalogue_title_differs,Thai Binh
health_culture_environment,e1463_c9b3c38247,VN_SRC_THAIBINH,Thai Binh,source_reported_unharmonized,2025,2025,annual,89.63,%,observed,not_specified,E1463,13,3,89.63,2025,catalogue_title_differs,Thai Binh
health_culture_environment,e1463_c9b3c38247,VN_SRC_HANAM,Ha Nam,source_reported_unharmonized,2024,2024,annual,86.48,%,observed,not_specified,E1463,14,2,86.48,2024,catalogue_title_differs,Ha Nam
health_culture_environment,e1463_c9b3c38247,VN_SRC_HANAM,Ha Nam,source_reported_unharmonized,2025,2025,annual,90.33,%,observed,not_specified,E1463,14,3,90.33,2025,catalogue_title_differs,Ha Nam
health_culture_environment,e1463_c9b3c38247,VN_SRC_NAMDINH,Nam Dinh,source_reported_unharmonized,2024,2024,annual,87.12,%,observed,not_specified,E1463,15,2,87.12,2024,catalogue_title_differs,Nam Dinh
health_culture_environment,e1463_c9b3c38247,VN_SRC_NAMDINH,Nam Dinh,source_reported_unharmonized,2025,2025,annual,90.01,%,observed,not_specified,E1463,15,3,90.01,2025,catalogue_title_differs,Nam Dinh
health_culture_environment,e1463_c9b3c38247,VN_SRC_NINHBINH,Ninh Binh,source_reported_unharmonized,2024,2024,annual,87.43,%,observed,not_specified,E1463,16,2,87.43,2024,catalogue_title_differs,Ninh Binh
health_culture_environment,e1463_c9b3c38247,VN_SRC_NINHBINH,Ninh Binh,source_reported_unharmonized,2025,2025,annual,89.32,%,observed,not_specified,E1463,16,3,89.32,2025,catalogue_title_differs,Ninh Binh
health_culture_environment,e1463_c9b3c38247,VN_SRC_HAGIANG,Ha Giang,source_reported_unharmonized,2024,2024,annual,73.16,%,observed,not_specified,E1463,18,2,73.16,2024,catalogue_title_differs,Ha Giang
health_culture_environment,e1463_c9b3c38247,VN_SRC_HAGIANG,Ha Giang,source_reported_unharmonized,2025,2025,annual,76.57,%,observed,not_specified,E1463,18,3,76.57,2025,catalogue_title_differs,Ha Giang
health_culture_environment,e1463_c9b3c38247,VN_SRC_CAOBANG,Cao Bang,source_reported_unharmonized,2024,2024,annual,75.76,%,observed,not_specified,E1463,19,2,75.76,2024,catalogue_title_differs,Cao Bang
health_culture_environment,e1463_c9b3c38247,VN_SRC_CAOBANG,Cao Bang,source_reported_unharmonized,2025,2025,annual,77.16,%,observed,not_specified,E1463,19,3,77.16,2025,catalogue_title_differs,Cao Bang
health_culture_environment,e1463_c9b3c38247,VN_SRC_BACKAN,Bac Kan,source_reported_unharmonized,2024,2024,annual,79.70,%,observed,not_specified,E1463,20,2,79.70,2024,catalogue_title_differs,Bac Kan
health_culture_environment,e1463_c9b3c38247,VN_SRC_BACKAN,Bac Kan,source_reported_unharmonized,2025,2025,annual,80.81,%,observed,not_specified,E1463,20,3,80.81,2025,catalogue_title_differs,Bac Kan
health_culture_environment,e1463_c9b3c38247,VN_SRC_TUYENQUANG,Tuyen Quang,source_reported_unharmonized,2024,2024,annual,82.78,%,observed,not_specified,E1463,21,2,82.78,2024,catalogue_title_differs,Tuyen Quang
health_culture_environment,e1463_c9b3c38247,VN_SRC_TUYENQUANG,Tuyen Quang,source_reported_unharmonized,2025,2025,annual,82.78,%,observed,not_specified,E1463,21,3,82.78,2025,catalogue_title_differs,Tuyen Quang
health_culture_environment,e1463_c9b3c38247,VN_SRC_LAOCAI,Lao Cai,source_reported_unharmonized,2024,2024,annual,75.70,%,observed,not_specified,E1463,22,2,75.70,2024,catalogue_title_differs,Lao Cai
health_culture_environment,e1463_c9b3c38247,VN_SRC_LAOCAI,Lao Cai,source_reported_unharmonized,2025,2025,annual,77.48,%,observed,not_specified,E1463,22,3,77.48,2025,catalogue_title_differs,Lao Cai
health_culture_environment,e1463_c9b3c38247,VN_SRC_YENBAI,Yen Bai,source_reported_unharmonized,2024,2024,annual,82.17,%,observed,not_specified,E1463,23,2,82.17,2024,catalogue_title_differs,Yen Bai
health_culture_environment,e1463_c9b3c38247,VN_SRC_YENBAI,Yen Bai,source_reported_unharmonized,2025,2025,annual,82.55,%,observed,not_specified,E1463,23,3,82.55,2025,catalogue_title_differs,Yen Bai
health_culture_environment,e1463_c9b3c38247,VN_SRC_THAINGUYEN,Thai Nguyen,source_reported_unharmonized,2024,2024,annual,85.52,%,observed,not_specified,E1463,24,2,85.52,2024,catalogue_title_differs,Thai Nguyen
health_culture_environment,e1463_c9b3c38247,VN_SRC_THAINGUYEN,Thai Nguyen,source_reported_unharmonized,2025,2025,annual,86.92,%,observed,not_specified,E1463,24,3,86.92,2025,catalogue_title_differs,Thai Nguyen
health_culture_environment,e1463_c9b3c38247,VN_SRC_LANGSON,Lang Son,source_reported_unharmonized,2024,2024,annual,80.68,%,observed,not_specified,E1463,25,2,80.68,2024,catalogue_title_differs,Lang Son
health_culture_environment,e1463_c9b3c38247,VN_SRC_LANGSON,Lang Son,source_reported_unharmonized,2025,2025,annual,81.29,%,observed,not_specified,E1463,25,3,81.29,2025,catalogue_title_differs,Lang Son
health_culture_environment,e1463_c9b3c38247,VN_SRC_BACGIANG,Bac Giang,source_reported_unharmonized,2024,2024,annual,82.80,%,observed,not_specified,E1463,26,2,82.80,2024,catalogue_title_differs,Bac Giang
health_culture_environment,e1463_c9b3c38247,VN_SRC_BACGIANG,Bac Giang,source_reported_unharmonized,2025,2025,annual,86.21,%,observed,not_specified,E1463,26,3,86.21,2025,catalogue_title_differs,Bac Giang
health_culture_environment,e1463_c9b3c38247,VN_SRC_PHUTHO,Phu Tho,source_reported_unharmonized,2024,2024,annual,82.94,%,observed,not_specified,E1463,27,2,82.94,2024,catalogue_title_differs,Phu Tho
health_culture_environment,e1463_c9b3c38247,VN_SRC_PHUTHO,Phu Tho,source_reported_unharmonized,2025,2025,annual,86.20,%,observed,not_specified,E1463,27,3,86.20,2025,catalogue_title_differs,Phu Tho
health_culture_environment,e1463_c9b3c38247,VN_SRC_DIENBIEN,Dien Bien,source_reported_unharmonized,2024,2024,annual,79.11,%,observed,not_specified,E1463,28,2,79.11,2024,catalogue_title_differs,Dien Bien
health_culture_environment,e1463_c9b3c38247,VN_SRC_DIENBIEN,Dien Bien,source_reported_unharmonized,2025,2025,annual,82.55,%,observed,not_specified,E1463,28,3,82.55,2025,catalogue_title_differs,Dien Bien
health_culture_environment,e1463_c9b3c38247,VN_SRC_LAICHAU,Lai Chau,source_reported_unharmonized,2024,2024,annual,76.24,%,observed,not_specified,E1463,29,2,76.24,2024,catalogue_title_differs,Lai Chau
health_culture_environment,e1463_c9b3c38247,VN_SRC_LAICHAU,Lai Chau,source_reported_unharmonized,2025,2025,annual,83.05,%,observed,not_specified,E1463,29,3,83.05,2025,catalogue_title_differs,Lai Chau
health_culture_environment,e1463_c9b3c38247,VN_SRC_SONLA,Son La,source_reported_unharmonized,2024,2024,annual,75.66,%,observed,not_specified,E1463,30,2,75.66,2024,catalogue_title_differs,Son La
health_culture_environment,e1463_c9b3c38247,VN_SRC_SONLA,Son La,source_reported_unharmonized,2025,2025,annual,78.69,%,observed,not_specified,E1463,30,3,78.69,2025,catalogue_title_differs,Son La
health_culture_environment,e1463_c9b3c38247,VN_SRC_HOABINH,Hoa Binh,source_reported_unharmonized,2024,2024,annual,81.07,%,observed,not_specified,E1463,31,2,81.07,2024,catalogue_title_differs,Hoa Binh
health_culture_environment,e1463_c9b3c38247,VN_SRC_HOABINH,Hoa Binh,source_reported_unharmonized,2025,2025,annual,83.01,%,observed,not_specified,E1463,31,3,83.01,2025,catalogue_title_differs,Hoa Binh
health_culture_environment,e1463_c9b3c38247,VN_SRC_THANHHOA,Thanh Hoa,source_reported_unharmonized,2024,2024,annual,81.84,%,observed,not_specified,E1463,33,2,81.84,2024,catalogue_title_differs,Thanh Hoa
health_culture_environment,e1463_c9b3c38247,VN_SRC_THANHHOA,Thanh Hoa,source_reported_unharmonized,2025,2025,annual,85.94,%,observed,not_specified,E1463,33,3,85.94,2025,catalogue_title_differs,Thanh Hoa
health_culture_environment,e1463_c9b3c38247,VN_SRC_NGHEAN,Nghe An,source_reported_unharmonized,2024,2024,annual,82.19,%,observed,not_specified,E1463,34,2,82.19,2024,catalogue_title_differs,Nghe An
health_culture_environment,e1463_c9b3c38247,VN_SRC_NGHEAN,Nghe An,source_reported_unharmonized,2025,2025,annual,84.09,%,observed,not_specified,E1463,34,3,84.09,2025,catalogue_title_differs,Nghe An
health_culture_environment,e1463_c9b3c38247,VN_SRC_HATINH,Ha Tinh,source_reported_unharmonized,2024,2024,annual,83.70,%,observed,not_specified,E1463,35,2,83.70,2024,catalogue_title_differs,Ha Tinh
health_culture_environment,e1463_c9b3c38247,VN_SRC_HATINH,Ha Tinh,source_reported_unharmonized,2025,2025,annual,84.76,%,observed,not_specified,E1463,35,3,84.76,2025,catalogue_title_differs,Ha Tinh
health_culture_environment,e1463_c9b3c38247,VN_SRC_QUANGBINH,Quang Binh,source_reported_unharmonized,2024,2024,annual,78.85,%,observed,not_specified,E1463,36,2,78.85,2024,catalogue_title_differs,Quang Binh
health_culture_environment,e1463_c9b3c38247,VN_SRC_QUANGBINH,Quang Binh,source_reported_unharmonized,2025,2025,annual,83.93,%,observed,not_specified,E1463,36,3,83.93,2025,catalogue_title_differs,Quang Binh
health_culture_environment,e1463_c9b3c38247,VN_SRC_QUANGTRI,Quang Tri,source_reported_unharmonized,2024,2024,annual,78.76,%,observed,not_specified,E1463,37,2,78.76,2024,catalogue_title_differs,Quang Tri
health_culture_environment,e1463_c9b3c38247,VN_SRC_QUANGTRI,Quang Tri,source_reported_unharmonized,2025,2025,annual,78.11,%,observed,not_specified,E1463,37,3,78.11,2025,catalogue_title_differs,Quang Tri
health_culture_environment,e1463_c9b3c38247,VN_SRC_THUATHIENHUE,Thua Thien-Hue,source_reported_unharmonized,2024,2024,annual,82.10,%,observed,not_specified,E1463,38,2,82.10,2024,catalogue_title_differs,Thua Thien-Hue
health_culture_environment,e1463_c9b3c38247,VN_SRC_THUATHIENHUE,Thua Thien-Hue,source_reported_unharmonized,2025,2025,annual,86.32,%,observed,not_specified,E1463,38,3,86.32,2025,catalogue_title_differs,Thua Thien-Hue
health_culture_environment,e1463_c9b3c38247,VN_SRC_DANANG,Da Nang,source_reported_unharmonized,2024,2024,annual,88.77,%,observed,not_specified,E1463,39,2,88.77,2024,catalogue_title_differs,Da Nang
health_culture_environment,e1463_c9b3c38247,VN_SRC_DANANG,Da Nang,source_reported_unharmonized,2025,2025,annual,89.59,%,observed,not_specified,E1463,39,3,89.59,2025,catalogue_title_differs,Da Nang
health_culture_environment,e1463_c9b3c38247,VN_SRC_QUANGNAM,Quang Nam,source_reported_unharmonized,2024,2024,annual,76.56,%,observed,not_specified,E1463,40,2,76.56,2024,catalogue_title_differs,Quang  Nam
health_culture_environment,e1463_c9b3c38247,VN_SRC_QUANGNAM,Quang Nam,source_reported_unharmonized,2025,2025,annual,81.36,%,observed,not_specified,E1463,40,3,81.36,2025,catalogue_title_differs,Quang  Nam
health_culture_environment,e1463_c9b3c38247,VN_SRC_QUANGNGAI,Quang Ngai,source_reported_unharmonized,2024,2024,annual,83.51,%,observed,not_specified,E1463,41,2,83.51,2024,catalogue_title_differs,Quang  Ngai
health_culture_environment,e1463_c9b3c38247,VN_SRC_QUANGNGAI,Quang Ngai,source_reported_unharmonized,2025,2025,annual,86.08,%,observed,not_specified,E1463,41,3,86.08,2025,catalogue_title_differs,Quang  Ngai
health_culture_environment,e1463_c9b3c38247,VN_SRC_BINHDINH,Binh Dinh,source_reported_unharmonized,2024,2024,annual,82.77,%,observed,not_specified,E1463,42,2,82.77,2024,catalogue_title_differs,Binh Dinh
health_culture_environment,e1463_c9b3c38247,VN_SRC_BINHDINH,Binh Dinh,source_reported_unharmonized,2025,2025,annual,83.58,%,observed,not_specified,E1463,42,3,83.58,2025,catalogue_title_differs,Binh Dinh
health_culture_environment,e1463_c9b3c38247,VN_SRC_PHUYEN,Phu Yen,source_reported_unharmonized,2024,2024,annual,85.04,%,observed,not_specified,E1463,43,2,85.04,2024,catalogue_title_differs,Phu Yen
health_culture_environment,e1463_c9b3c38247,VN_SRC_PHUYEN,Phu Yen,source_reported_unharmonized,2025,2025,annual,89.16,%,observed,not_specified,E1463,43,3,89.16,2025,catalogue_title_differs,Phu Yen
health_culture_environment,e1463_c9b3c38247,VN_SRC_KHANHHOA,Khanh Hoa,source_reported_unharmonized,2024,2024,annual,82.68,%,observed,not_specified,E1463,44,2,82.68,2024,catalogue_title_differs,Khanh  Hoa
health_culture_environment,e1463_c9b3c38247,VN_SRC_KHANHHOA,Khanh Hoa,source_reported_unharmonized,2025,2025,annual,88.02,%,observed,not_specified,E1463,44,3,88.02,2025,catalogue_title_differs,Khanh  Hoa
health_culture_environment,e1463_c9b3c38247,VN_SRC_NINHTHUAN,Ninh Thuan,source_reported_unharmonized,2024,2024,annual,82.02,%,observed,not_specified,E1463,45,2,82.02,2024,catalogue_title_differs,Ninh  Thuan
health_culture_environment,e1463_c9b3c38247,VN_SRC_NINHTHUAN,Ninh Thuan,source_reported_unharmonized,2025,2025,annual,84.84,%,observed,not_specified,E1463,45,3,84.84,2025,catalogue_title_differs,Ninh  Thuan
health_culture_environment,e1463_c9b3c38247,VN_SRC_BINHTHUAN,Binh Thuan,source_reported_unharmonized,2024,2024,annual,84.25,%,observed,not_specified,E1463,46,2,84.25,2024,catalogue_title_differs,Binh Thuan
health_culture_environment,e1463_c9b3c38247,VN_SRC_BINHTHUAN,Binh Thuan,source_reported_unharmonized,2025,2025,annual,84.24,%,observed,not_specified,E1463,46,3,84.24,2025,catalogue_title_differs,Binh Thuan
health_culture_environment,e1463_c9b3c38247,VN_SRC_KONTUM,Kon Tum,source_reported_unharmonized,2024,2024,annual,68.93,%,observed,not_specified,E1463,48,2,68.93,2024,catalogue_title_differs,Kon Tum
health_culture_environment,e1463_c9b3c38247,VN_SRC_KONTUM,Kon Tum,source_reported_unharmonized,2025,2025,annual,77.12,%,observed,not_specified,E1463,48,3,77.12,2025,catalogue_title_differs,Kon Tum
health_culture_environment,e1463_c9b3c38247,VN_SRC_GIALAI,Gia Lai,source_reported_unharmonized,2024,2024,annual,75.62,%,observed,not_specified,E1463,49,2,75.62,2024,catalogue_title_differs,Gia Lai
health_culture_environment,e1463_c9b3c38247,VN_SRC_GIALAI,Gia Lai,source_reported_unharmonized,2025,2025,annual,80.46,%,observed,not_specified,E1463,49,3,80.46,2025,catalogue_title_differs,Gia Lai
health_culture_environment,e1463_c9b3c38247,VN_SRC_DAKLAK,Dak Lak,source_reported_unharmonized,2024,2024,annual,81.38,%,observed,not_specified,E1463,50,2,81.38,2024,catalogue_title_differs,Dak Lak
health_culture_environment,e1463_c9b3c38247,VN_SRC_DAKLAK,Dak Lak,source_reported_unharmonized,2025,2025,annual,83.35,%,observed,not_specified,E1463,50,3,83.35,2025,catalogue_title_differs,Dak Lak
health_culture_environment,e1463_c9b3c38247,VN_SRC_DAKNONG,Dak Nong,source_reported_unharmonized,2024,2024,annual,78.20,%,observed,not_specified,E1463,51,2,78.20,2024,catalogue_title_differs,Dak Nong
health_culture_environment,e1463_c9b3c38247,VN_SRC_DAKNONG,Dak Nong,source_reported_unharmonized,2025,2025,annual,84.26,%,observed,not_specified,E1463,51,3,84.26,2025,catalogue_title_differs,Dak Nong
health_culture_environment,e1463_c9b3c38247,VN_SRC_LAMDONG,Lam Dong,source_reported_unharmonized,2024,2024,annual,86.19,%,observed,not_specified,E1463,52,2,86.19,2024,catalogue_title_differs,Lam Dong
health_culture_environment,e1463_c9b3c38247,VN_SRC_LAMDONG,Lam Dong,source_reported_unharmonized,2025,2025,annual,87.54,%,observed,not_specified,E1463,52,3,87.54,2025,catalogue_title_differs,Lam Dong
health_culture_environment,e1463_c9b3c38247,VN_SRC_BINHPHUOC,Binh Phuoc,source_reported_unharmonized,2024,2024,annual,83.57,%,observed,not_specified,E1463,54,2,83.57,2024,catalogue_title_differs,Binh Phuoc
health_culture_environment,e1463_c9b3c38247,VN_SRC_BINHPHUOC,Binh Phuoc,source_reported_unharmonized,2025,2025,annual,88.25,%,observed,not_specified,E1463,54,3,88.25,2025,catalogue_title_differs,Binh Phuoc
health_culture_environment,e1463_c9b3c38247,VN_SRC_TAYNINH,Tay Ninh,source_reported_unharmonized,2024,2024,annual,89.86,%,observed,not_specified,E1463,55,2,89.86,2024,catalogue_title_differs,Tay Ninh
health_culture_environment,e1463_c9b3c38247,VN_SRC_TAYNINH,Tay Ninh,source_reported_unharmonized,2025,2025,annual,91.06,%,observed,not_specified,E1463,55,3,91.06,2025,catalogue_title_differs,Tay Ninh
health_culture_environment,e1463_c9b3c38247,VN_SRC_BINHDUONG,Binh Duong,source_reported_unharmonized,2024,2024,annual,90.05,%,observed,not_specified,E1463,56,2,90.05,2024,catalogue_title_differs,Binh Duong
health_culture_environment,e1463_c9b3c38247,VN_SRC_BINHDUONG,Binh Duong,source_reported_unharmonized,2025,2025,annual,92.09,%,observed,not_specified,E1463,56,3,92.09,2025,catalogue_title_differs,Binh Duong
health_culture_environment,e1463_c9b3c38247,VN_SRC_DONGNAI,Dong Nai,source_reported_unharmonized,2024,2024,annual,87.30,%,observed,not_specified,E1463,57,2,87.30,2024,catalogue_title_differs,Dong Nai
health_culture_environment,e1463_c9b3c38247,VN_SRC_DONGNAI,Dong Nai,source_reported_unharmonized,2025,2025,annual,91.41,%,observed,not_specified,E1463,57,3,91.41,2025,catalogue_title_differs,Dong Nai
health_culture_environment,e1463_c9b3c38247,VN_SRC_BARIAVUNGTAU,Ba Ria - Vung Tau,source_reported_unharmonized,2024,2024,annual,87.17,%,observed,not_specified,E1463,58,2,87.17,2024,catalogue_title_differs,Ba Ria - Vung Tau
health_culture_environment,e1463_c9b3c38247,VN_SRC_BARIAVUNGTAU,Ba Ria - Vung Tau,source_reported_unharmonized,2025,2025,annual,90.90,%,observed,not_specified,E1463,58,3,90.90,2025,catalogue_title_differs,Ba Ria - Vung Tau
health_culture_environment,e1463_c9b3c38247,VN_SRC_HOCHIMINHCITY,Ho Chi Minh city,source_reported_unharmonized,2024,2024,annual,90.76,%,observed,not_specified,E1463,59,2,90.76,2024,catalogue_title_differs,Ho Chi Minh city
health_culture_environment,e1463_c9b3c38247,VN_SRC_HOCHIMINHCITY,Ho Chi Minh city,source_reported_unharmonized,2025,2025,annual,93.04,%,observed,not_specified,E1463,59,3,93.04,2025,catalogue_title_differs,Ho Chi Minh city
health_culture_environment,e1463_c9b3c38247,VN_SRC_LONGAN,Long An,source_reported_unharmonized,2024,2024,annual,84.57,%,observed,not_specified,E1463,61,2,84.57,2024,catalogue_title_differs,Long An
health_culture_environment,e1463_c9b3c38247,VN_SRC_LONGAN,Long An,source_reported_unharmonized,2025,2025,annual,86.32,%,observed,not_specified,E1463,61,3,86.32,2025,catalogue_title_differs,Long An
health_culture_environment,e1463_c9b3c38247,VN_SRC_TIENGIANG,Tien Giang,source_reported_unharmonized,2024,2024,annual,86.65,%,observed,not_specified,E1463,62,2,86.65,2024,catalogue_title_differs,Tien Giang
health_culture_environment,e1463_c9b3c38247,VN_SRC_TIENGIANG,Tien Giang,source_reported_unharmonized,2025,2025,annual,89.28,%,observed,not_specified,E1463,62,3,89.28,2025,catalogue_title_differs,Tien Giang
health_culture_environment,e1463_c9b3c38247,VN_SRC_BENTRE,Ben Tre,source_reported_unharmonized,2024,2024,annual,90.11,%,observed,not_specified,E1463,63,2,90.11,2024,catalogue_title_differs,Ben Tre
health_culture_environment,e1463_c9b3c38247,VN_SRC_BENTRE,Ben Tre,source_reported_unharmonized,2025,2025,annual,91.35,%,observed,not_specified,E1463,63,3,91.35,2025,catalogue_title_differs,Ben Tre
health_culture_environment,e1463_c9b3c38247,VN_SRC_TRAVINH,Tra Vinh,source_reported_unharmonized,2024,2024,annual,79.68,%,observed,not_specified,E1463,64,2,79.68,2024,catalogue_title_differs,Tra Vinh
health_culture_environment,e1463_c9b3c38247,VN_SRC_TRAVINH,Tra Vinh,source_reported_unharmonized,2025,2025,annual,81.91,%,observed,not_specified,E1463,64,3,81.91,2025,catalogue_title_differs,Tra Vinh
health_culture_environment,e1463_c9b3c38247,VN_SRC_VINHLONG,Vinh Long,source_reported_unharmonized,2024,2024,annual,89.61,%,observed,not_specified,E1463,65,2,89.61,2024,catalogue_title_differs,Vinh Long
health_culture_environment,e1463_c9b3c38247,VN_SRC_VINHLONG,Vinh Long,source_reported_unharmonized,2025,2025,annual,91.85,%,observed,not_specified,E1463,65,3,91.85,2025,catalogue_title_differs,Vinh Long
health_culture_environment,e1463_c9b3c38247,VN_SRC_DONGTHAP,Dong Thap,source_reported_unharmonized,2024,2024,annual,86.21,%,observed,not_specified,E1463,66,2,86.21,2024,catalogue_title_differs,Dong Thap
health_culture_environment,e1463_c9b3c38247,VN_SRC_DONGTHAP,Dong Thap,source_reported_unharmonized,2025,2025,annual,89.37,%,observed,not_specified,E1463,66,3,89.37,2025,catalogue_title_differs,Dong Thap
health_culture_environment,e1463_c9b3c38247,VN_SRC_ANGIANG,An Giang,source_reported_unharmonized,2024,2024,annual,85.18,%,observed,not_specified,E1463,67,2,85.18,2024,catalogue_title_differs,An Giang
health_culture_environment,e1463_c9b3c38247,VN_SRC_ANGIANG,An Giang,source_reported_unharmonized,2025,2025,annual,86.89,%,observed,not_specified,E1463,67,3,86.89,2025,catalogue_title_differs,An Giang
health_culture_environment,e1463_c9b3c38247,VN_SRC_KIENGIANG,Kien Giang,source_reported_unharmonized,2024,2024,annual,85.00,%,observed,not_specified,E1463,68,2,85.00,2024,catalogue_title_differs,Kien  Giang
health_culture_environment,e1463_c9b3c38247,VN_SRC_KIENGIANG,Kien Giang,source_reported_unharmonized,2025,2025,annual,87.28,%,observed,not_specified,E1463,68,3,87.28,2025,catalogue_title_differs,Kien  Giang
health_culture_environment,e1463_c9b3c38247,VN_SRC_CANTHO,Can Tho,source_reported_unharmonized,2024,2024,annual,90.88,%,observed,not_specified,E1463,69,2,90.88,2024,catalogue_title_differs,Can Tho
health_culture_environment,e1463_c9b3c38247,VN_SRC_CANTHO,Can Tho,source_reported_unharmonized,2025,2025,annual,92.21,%,observed,not_specified,E1463,69,3,92.21,2025,catalogue_title_differs,Can Tho
health_culture_environment,e1463_c9b3c38247,VN_SRC_HAUGIANG,Hau Giang,source_reported_unharmonized,2024,2024,annual,85.25,%,observed,not_specified,E1463,70,2,85.25,2024,catalogue_title_differs,Hau Giang
health_culture_environment,e1463_c9b3c38247,VN_SRC_HAUGIANG,Hau Giang,source_reported_unharmonized,2025,2025,annual,83.25,%,observed,not_specified,E1463,70,3,83.25,2025,catalogue_title_differs,Hau Giang
health_culture_environment,e1463_c9b3c38247,VN_SRC_SOCTRANG,Soc Trang,source_reported_unharmonized,2024,2024,annual,83.93,%,observed,not_specified,E1463,71,2,83.93,2024,catalogue_title_differs,Soc Trang
health_culture_environment,e1463_c9b3c38247,VN_SRC_SOCTRANG,Soc Trang,source_reported_unharmonized,2025,2025,annual,87.47,%,observed,not_specified,E1463,71,3,87.47,2025,catalogue_title_differs,Soc Trang
health_culture_environment,e1463_c9b3c38247,VN_SRC_BACLIEU,Bac Lieu,source_reported_unharmonized,2024,2024,annual,86.44,%,observed,not_specified,E1463,72,2,86.44,2024,catalogue_title_differs,Bac Lieu
health_culture_environment,e1463_c9b3c38247,VN_SRC_BACLIEU,Bac Lieu,source_reported_unharmonized,2025,2025,annual,88.46,%,observed,not_specified,E1463,72,3,88.46,2025,catalogue_title_differs,Bac Lieu
health_culture_environment,e1463_c9b3c38247,VN_SRC_CAMAU,Ca Mau,source_reported_unharmonized,2024,2024,annual,87.50,%,observed,not_specified,E1463,73,2,87.50,2024,catalogue_title_differs,Ca Mau
health_culture_environment,e1463_c9b3c38247,VN_SRC_CAMAU,Ca Mau,source_reported_unharmonized,2025,2025,annual,87.35,%,observed,not_specified,E1463,73,3,87.35,2025,catalogue_title_differs,Ca Mau
