indicator_id,section,indicator,breakdown,unit,unit_basis,source_id,period_basis,default_dashboard_eligible,quality_flags
e0201_1a3b4df463,population,"Area, population and population density by province by Cities, provincies, Year and Items",Area (Km2(*),km2,column_header,E0201,column_header,true,catalogue_title_differs
e0201_1deb527311,population,"Area, population and population density by province by Cities, provincies, Year and Items",Average population (Thous. pers.),thousand persons,column_header,E0201,column_header,true,catalogue_title_differs
e0201_23ab287711,population,"Area, population and population density by province by Cities, provincies, Year and Items",Population density (Person/km2),persons per km2,column_header,E0201,column_header,true,catalogue_title_differs
e0203_07_c9b3c38247,population,"Average population by province, sex and residence by Cities, provincies, Average population and Year",Total,Thous. persons,download_metadata,E0203-07,column_header,true,catalogue_title_differs
e0203_07_03f8c1273e,population,"Average population by province, sex and residence by Cities, provincies, Average population and Year",Male,Thous. persons,download_metadata,E0203-07,column_header,true,catalogue_title_differs
e0203_07_e8cca808ae,population,"Average population by province, sex and residence by Cities, provincies, Average population and Year",Female,Thous. persons,download_metadata,E0203-07,column_header,true,catalogue_title_differs
e0203_07_363eaf43b4,population,"Average population by province, sex and residence by Cities, provincies, Average population and Year",Urban,Thous. persons,download_metadata,E0203-07,column_header,true,catalogue_title_differs
e0203_07_c89e77a900,population,"Average population by province, sex and residence by Cities, provincies, Average population and Year",Rural,Thous. persons,download_metadata,E0203-07,column_header,true,catalogue_title_differs
e0209_c9b3c38247,population,Sex ratio by province,Total,Males per 100 females,download_metadata,E0209,column_header,true,catalogue_title_differs
e0212_14_cc522f79a9,population,"Crude birth rate, crude death rate and natural increase rate by province by Cities, provincies, Iterms and Year",Crude birth rate,‰,download_metadata,E0212-14,column_header,true,catalogue_title_differs
e0212_14_43a37d8f36,population,"Crude birth rate, crude death rate and natural increase rate by province by Cities, provincies, Iterms and Year",Crude death rate,‰,download_metadata,E0212-14,column_header,true,catalogue_title_differs
e0212_14_ee04582989,population,"Crude birth rate, crude death rate and natural increase rate by province by Cities, provincies, Iterms and Year",Natural increase rate,‰,download_metadata,E0212-14,column_header,true,catalogue_title_differs
e0216_c9b3c38247,population,Total fertility rate by province,Total,Children per woman,download_metadata,E0216,column_header,true,
e0218_c9b3c38247,population,Infant mortality rate by province,Total,Infant deaths per 1000 live births,download_metadata,E0218,column_header,true,
e0219_c9b3c38247,population,Under-5 mortality rate by province,Total,Under five deaths per 1000 live births,download_metadata,E0219,column_header,true,catalogue_title_differs
e0220_c9b3c38247,population,Population growth rate by province,Total,%,download_metadata,E0220,column_header,true,
e0221_23_7705749b2e,population,"In-migration rate, out-migration rate and net-migration rate by province by Cities, provincies, Migration rate and Year",Immigration rate,‰,download_metadata,E0221-23,column_header,true,catalogue_title_differs
e0221_23_4eb32333c4,population,"In-migration rate, out-migration rate and net-migration rate by province by Cities, provincies, Migration rate and Year",Emigration rate,‰,download_metadata,E0221-23,column_header,true,catalogue_title_differs
e0221_23_217d17d545,population,"In-migration rate, out-migration rate and net-migration rate by province by Cities, provincies, Migration rate and Year",Net - emigration rate,‰,download_metadata,E0221-23,column_header,true,catalogue_title_differs
e0225_c9b3c38247,population,Life expectancy at birth by province,Total,Age,download_metadata,E0225,column_header,true,
e0227_c9b3c38247,population,Percentage of literate population aged 15 and over by province,Total,%,download_metadata,E0227,column_header,true,catalogue_title_differs
e0228_c9b3c38247,population,"Number of marriages by province by Cities, provinces, Year and Times of marriages",Total,Case,download_metadata,E0228,column_header,true,catalogue_title_differs
e0228_3167651cd8,population,"Number of marriages by province by Cities, provinces, Year and Times of marriages",1st marriage,Case,download_metadata,E0228,column_header,true,catalogue_title_differs
e0228_018556a069,population,"Number of marriages by province by Cities, provinces, Year and Times of marriages",2nd marriage and subsequent marriages,Case,download_metadata,E0228,column_header,true,catalogue_title_differs
e0230_c9b3c38247,population,Singulate mean age at marriage by province,Total,Age,download_metadata,E0230,column_header,true,
e0231_c9b3c38247,population,"Number of finalised divorces by province by Cities, provinces, Year and Level",Total,Case,download_metadata,E0231,column_header,true,catalogue_title_differs
e0231_7b6fe7b3f9,population,"Number of finalised divorces by province by Cities, provinces, Year and Level",Provincial level,Case,download_metadata,E0231,column_header,true,catalogue_title_differs
e0231_81273e5be9,population,"Number of finalised divorces by province by Cities, provinces, Year and Level",District level,Case,download_metadata,E0231,column_header,true,catalogue_title_differs
e0233_c9b3c38247,population,Percentage of under-5 children with birth registration by province,Total,%,download_metadata,E0233,column_header,true,catalogue_title_differs
e0234_c9b3c38247,population,"Number of registered deaths by province by Cities, provinces, Year and Timely registration",Total,Person,download_metadata,E0234,column_header,true,catalogue_title_differs
e0234_06cadd1bfb,population,"Number of registered deaths by province by Cities, provinces, Year and Timely registration",Timely registration,Person,download_metadata,E0234,column_header,true,catalogue_title_differs
e0234_ca70b3d99d,population,"Number of registered deaths by province by Cities, provinces, Year and Timely registration",Late registration,Person,download_metadata,E0234,column_header,true,catalogue_title_differs
e0237_c9b3c38247,employment,Labour force aged 15 and over by province,Total,Thous. persons,download_metadata,E0237,column_header,true,catalogue_title_differs
e0245_c9b3c38247,employment,Number of employed persons in the economy by province,Total,Thousand persons,download_metadata,E0245,column_header,true,
e0251_c9b3c38247,employment,Informal employment rate by province,Total,%,download_metadata,E0251,column_header,true,
e0255_c9b3c38247,employment,Percentage of trained labour force aged 15 years and over by province,Total,%,download_metadata,E0255,column_header,true,catalogue_title_differs
e0258_c9b3c38247,employment,Labour productivity by province,Total,Mill. dongs/employed,download_metadata,E0258,column_header,true,
e0263_c9b3c38247,employment,Unemployment rate of labour force at working age by province,Total,%,download_metadata,E0263,column_header,true,
e0270_c9b3c38247,employment,Underemployment rate of labour force at working age by province,Total,%,download_metadata,E0270,column_header,true,
e0310_c9b3c38247,national_account,Index of gross regional domestic product at constant 2010 prices by province (Previous year = 100),Total,index (previous year = 100),indicator_definition,E0310,column_header,true,
e0312_c9b3c38247,national_account,Gross regional domestic product per capita by province,Total,Mill. dongs,download_metadata,E0312,column_header,true,
e0323_c9b3c38247,banking_insurance_budget,Proportion of population covered by social insurance by province,Total,%,download_metadata,E0323,column_header,true,catalogue_title_differs
e0324_c9b3c38247,banking_insurance_budget,Proportion of population covered by health insurance by province,Total,%,download_metadata,E0324,column_header,true,catalogue_title_differs
e0325_c9b3c38247,banking_insurance_budget,Proportion of population covered by unemployment insurance by province,Total,%,download_metadata,E0325,column_header,true,catalogue_title_differs
e1303_6cd2e33185,education,"Number of schools, classes, teachers and children of kindergarten as of 30 September by province(*) by Cities, provincies, Year and Items",School,schools,column_header,E1303,column_header,true,catalogue_title_differs
e1303_4f3a9bd003,education,"Number of schools, classes, teachers and children of kindergarten as of 30 September by province(*) by Cities, provincies, Year and Items",Class,classes,column_header,E1303,column_header,true,catalogue_title_differs
e1303_3cbdd34e4e,education,"Number of schools, classes, teachers and children of kindergarten as of 30 September by province(*) by Cities, provincies, Year and Items",Teacher (Pers.),persons,column_header,E1303,column_header,true,catalogue_title_differs
e1303_0450b9223f,education,"Number of schools, classes, teachers and children of kindergarten as of 30 September by province(*) by Cities, provincies, Year and Items",Pupil (Thous. Pupil),thousand pupils,column_header,E1303,column_header,true,catalogue_title_differs
e1308_c9b3c38247,education,"Number of school of general education as of 30 September by province(*) by Cities, provincies, Year and Grade",Total,School,download_metadata,E1308,column_header,true,catalogue_title_differs
e1308_efe10c80ec,education,"Number of school of general education as of 30 September by province(*) by Cities, provincies, Year and Grade",Primary,School,download_metadata,E1308,column_header,true,catalogue_title_differs
e1308_5b6da1b2f3,education,"Number of school of general education as of 30 September by province(*) by Cities, provincies, Year and Grade",Lower Secondary,School,download_metadata,E1308,column_header,true,catalogue_title_differs
e1308_8a1b4b5f47,education,"Number of school of general education as of 30 September by province(*) by Cities, provincies, Year and Grade",Upper Secondary,School,download_metadata,E1308,column_header,true,catalogue_title_differs
e1308_ae9d08fe56,education,"Number of school of general education as of 30 September by province(*) by Cities, provincies, Year and Grade",Primary and lower secondary,School,download_metadata,E1308,column_header,true,catalogue_title_differs
e1308_fa47bfc8a5,education,"Number of school of general education as of 30 September by province(*) by Cities, provincies, Year and Grade",Lower and upper Secondary,School,download_metadata,E1308,column_header,true,catalogue_title_differs
e1308_2edf047ad9,education,"Number of school of general education as of 30 September by province(*) by Cities, provincies, Year and Grade",Lower and upper secondary,School,download_metadata,E1308,column_header,true,catalogue_title_differs
e1308_62b0e12d75,education,"Number of school of general education as of 30 September by province(*) by Cities, provincies, Year and Grade","Primar, lower and upper secondary",School,download_metadata,E1308,column_header,true,catalogue_title_differs
e1309_c9b3c38247,education,"Number of classes of general education as of 30 September by province(*) by Cities, provincies, Year and Grade",Total,Class,download_metadata,E1309,column_header,true,catalogue_title_differs
e1309_efe10c80ec,education,"Number of classes of general education as of 30 September by province(*) by Cities, provincies, Year and Grade",Primary,Class,download_metadata,E1309,column_header,true,catalogue_title_differs
e1309_48946dfa77,education,"Number of classes of general education as of 30 September by province(*) by Cities, provincies, Year and Grade",Lower secondary,Class,download_metadata,E1309,column_header,true,catalogue_title_differs
e1309_fed840fc31,education,"Number of classes of general education as of 30 September by province(*) by Cities, provincies, Year and Grade",Upper secondary,Class,download_metadata,E1309,column_header,true,catalogue_title_differs
e1311_c9b3c38247,education,"Number of direct teaching teachers of general education as of 30 September by province(*) by Cities, provincies, Year and Grade",Total,Person,download_metadata,E1311,column_header,true,catalogue_title_differs
e1311_efe10c80ec,education,"Number of direct teaching teachers of general education as of 30 September by province(*) by Cities, provincies, Year and Grade",Primary,Person,download_metadata,E1311,column_header,true,catalogue_title_differs
e1311_48946dfa77,education,"Number of direct teaching teachers of general education as of 30 September by province(*) by Cities, provincies, Year and Grade",Lower secondary,Person,download_metadata,E1311,column_header,true,catalogue_title_differs
e1311_fed840fc31,education,"Number of direct teaching teachers of general education as of 30 September by province(*) by Cities, provincies, Year and Grade",Upper secondary,Person,download_metadata,E1311,column_header,true,catalogue_title_differs
e1312_c9b3c38247,education,"Number of direct teaching woman teachers of general education as of 30 September by province(*) by Cities, provincies, Year and Grade",Total,Person,download_metadata,E1312,column_header,true,catalogue_title_differs
e1312_efe10c80ec,education,"Number of direct teaching woman teachers of general education as of 30 September by province(*) by Cities, provincies, Year and Grade",Primary,Person,download_metadata,E1312,column_header,true,catalogue_title_differs
e1312_48946dfa77,education,"Number of direct teaching woman teachers of general education as of 30 September by province(*) by Cities, provincies, Year and Grade",Lower secondary,Person,download_metadata,E1312,column_header,true,catalogue_title_differs
e1312_fed840fc31,education,"Number of direct teaching woman teachers of general education as of 30 September by province(*) by Cities, provincies, Year and Grade",Upper secondary,Person,download_metadata,E1312,column_header,true,catalogue_title_differs
e1313_c9b3c38247,education,"Number of ethnic minority direct teaching teachers of general education as of 30 September by some provinces(*) by Province, city, Year and Items",Total,Person,download_metadata,E1313,column_header,true,catalogue_title_differs
e1313_efe10c80ec,education,"Number of ethnic minority direct teaching teachers of general education as of 30 September by some provinces(*) by Province, city, Year and Items",Primary,Person,download_metadata,E1313,column_header,true,catalogue_title_differs
e1313_48946dfa77,education,"Number of ethnic minority direct teaching teachers of general education as of 30 September by some provinces(*) by Province, city, Year and Items",Lower secondary,Person,download_metadata,E1313,column_header,true,catalogue_title_differs
e1313_fed840fc31,education,"Number of ethnic minority direct teaching teachers of general education as of 30 September by some provinces(*) by Province, city, Year and Items",Upper secondary,Person,download_metadata,E1313,column_header,true,catalogue_title_differs
e1314_c9b3c38247,education,"Number of pupils of general education as of 30 September by province(*) by Cities, provincies, Years and Items",Total,Person,download_metadata,E1314,column_header,true,catalogue_title_differs
e1314_efe10c80ec,education,"Number of pupils of general education as of 30 September by province(*) by Cities, provincies, Years and Items",Primary,Person,download_metadata,E1314,column_header,true,catalogue_title_differs
e1314_48946dfa77,education,"Number of pupils of general education as of 30 September by province(*) by Cities, provincies, Years and Items",Lower secondary,Person,download_metadata,E1314,column_header,true,catalogue_title_differs
e1314_fed840fc31,education,"Number of pupils of general education as of 30 September by province(*) by Cities, provincies, Years and Items",Upper secondary,Person,download_metadata,E1314,column_header,true,catalogue_title_differs
e1315_c9b3c38247,education,"Number of schoolgirls of general education as of 30 September by province(*) by Cities, provincies, Year and Items",Total,Person,download_metadata,E1315,column_header,true,catalogue_title_differs
e1315_efe10c80ec,education,"Number of schoolgirls of general education as of 30 September by province(*) by Cities, provincies, Year and Items",Primary,Person,download_metadata,E1315,column_header,true,catalogue_title_differs
e1315_48946dfa77,education,"Number of schoolgirls of general education as of 30 September by province(*) by Cities, provincies, Year and Items",Lower secondary,Person,download_metadata,E1315,column_header,true,catalogue_title_differs
e1315_fed840fc31,education,"Number of schoolgirls of general education as of 30 September by province(*) by Cities, provincies, Year and Items",Upper secondary,Person,download_metadata,E1315,column_header,true,catalogue_title_differs
e1316_c9b3c38247,education,"Number of ethnic minority pupils of general education as of 30 September by some provinces(*) by Cities, provincies, Years and Items",Total,Person,download_metadata,E1316,column_header,true,catalogue_title_differs
e1316_efe10c80ec,education,"Number of ethnic minority pupils of general education as of 30 September by some provinces(*) by Cities, provincies, Years and Items",Primary,Person,download_metadata,E1316,column_header,true,catalogue_title_differs
e1316_48946dfa77,education,"Number of ethnic minority pupils of general education as of 30 September by some provinces(*) by Cities, provincies, Years and Items",Lower secondary,Person,download_metadata,E1316,column_header,true,catalogue_title_differs
e1316_fed840fc31,education,"Number of ethnic minority pupils of general education as of 30 September by some provinces(*) by Cities, provincies, Years and Items",Upper secondary,Person,download_metadata,E1316,column_header,true,catalogue_title_differs
e1319_c9b3c38247,education,"Average number of pupils per class of general education as of 30 September by province by Cities, provincies, Years and Items",Total,pupils per class,indicator_definition,E1319,column_header,true,catalogue_title_differs
e1319_efe10c80ec,education,"Average number of pupils per class of general education as of 30 September by province by Cities, provincies, Years and Items",Primary,pupils per class,indicator_definition,E1319,column_header,true,catalogue_title_differs
e1319_48946dfa77,education,"Average number of pupils per class of general education as of 30 September by province by Cities, provincies, Years and Items",Lower secondary,pupils per class,indicator_definition,E1319,column_header,true,catalogue_title_differs
e1319_fed840fc31,education,"Average number of pupils per class of general education as of 30 September by province by Cities, provincies, Years and Items",Upper secondary,pupils per class,indicator_definition,E1319,column_header,true,catalogue_title_differs
e1320_c9b3c38247,education,"Average number of pupils per teacher of general education as of 30 September by province by Cities, provincies, Years and Items",Total,pupils per teacher,indicator_definition,E1320,column_header,true,catalogue_title_differs
e1320_efe10c80ec,education,"Average number of pupils per teacher of general education as of 30 September by province by Cities, provincies, Years and Items",Primary,pupils per teacher,indicator_definition,E1320,column_header,true,catalogue_title_differs
e1320_48946dfa77,education,"Average number of pupils per teacher of general education as of 30 September by province by Cities, provincies, Years and Items",Lower secondary,pupils per teacher,indicator_definition,E1320,column_header,true,catalogue_title_differs
e1320_fed840fc31,education,"Average number of pupils per teacher of general education as of 30 September by province by Cities, provincies, Years and Items",Upper secondary,pupils per teacher,indicator_definition,E1320,column_header,true,catalogue_title_differs
e1322_c9b3c38247,education,Average number of pupils per teacher of general education as of 30 September by province,Total,Person,download_metadata,E1322,column_header,false,source_definition_needs_review
e1323_c9b3c38247,education,Percentage of graduates compared with total candidates upper secondary(*),Total,%,download_metadata,E1323,column_header,true,
e1326_c9b3c38247,education,Number of teachers in universities by province,Total,Person,download_metadata,E1326,column_header,true,
e1327_c9b3c38247,education,Number of student in universities by province,Total,Person,download_metadata,E1327,column_header,true,
e1331_5eeee52ec1,education,"Number of teachers, pupils and students of vocational education in 2023 by province",Teacher,Person,download_metadata,E1331,table_title,true,
e1331_49ac71a435,education,"Number of teachers, pupils and students of vocational education in 2023 by province",Teacher-Public,Person,download_metadata,E1331,table_title,true,
e1331_9812ca35d7,education,"Number of teachers, pupils and students of vocational education in 2023 by province",Newly enrolled pupils and students,Person,download_metadata,E1331,table_title,true,
e1331_1941347ebc,education,"Number of teachers, pupils and students of vocational education in 2023 by province",Newly enrolled pupils and students-Secondary school,Person,download_metadata,E1331,table_title,true,
e1331_a31a3b95ed,education,"Number of teachers, pupils and students of vocational education in 2023 by province",Newly enrolled pupils and students-College,Person,download_metadata,E1331,table_title,true,
e1405_c9b3c38247,health_culture_environment,"Number of health establishments under provincial departments of health by province(*) by Cities, provincies, Year and Health establishments",Total,Establishment,download_metadata,E1405,column_header,true,catalogue_title_differs
e1405_97e9623661,health_culture_environment,"Number of health establishments under provincial departments of health by province(*) by Cities, provincies, Year and Health establishments",Hospital,Establishment,download_metadata,E1405,column_header,true,catalogue_title_differs
e1405_ee5d52d182,health_culture_environment,"Number of health establishments under provincial departments of health by province(*) by Cities, provincies, Year and Health establishments",Regional polyclinic,Establishment,download_metadata,E1405,column_header,true,catalogue_title_differs
e1405_1729bea02d,health_culture_environment,"Number of health establishments under provincial departments of health by province(*) by Cities, provincies, Year and Health establishments",Sanatorium and rehabilitation hospital,Establishment,download_metadata,E1405,column_header,true,catalogue_title_differs
e1405_6ed30ea5f2,health_culture_environment,"Number of health establishments under provincial departments of health by province(*) by Cities, provincies, Year and Health establishments",Medical service unit,Establishment,download_metadata,E1405,column_header,true,catalogue_title_differs
e1409_c9b3c38247,health_culture_environment,"Number of patient beds  by province(*) by Cities, Provinces, Year and Items",Total,Bed,download_metadata,E1409,column_header,true,catalogue_title_differs
e1409_591935b15b,health_culture_environment,"Number of patient beds  by province(*) by Cities, Provinces, Year and Items",Public,Bed,download_metadata,E1409,column_header,true,catalogue_title_differs
e1409_c3751c05cc,health_culture_environment,"Number of patient beds  by province(*) by Cities, Provinces, Year and Items",Non public,Bed,download_metadata,E1409,column_header,true,catalogue_title_differs
e1410_c9b3c38247,health_culture_environment,"Number of patient beds under provincial departments of health by province (*) by Cities, provincies, Year and Health establishments",Total,Bed,download_metadata,E1410,column_header,true,catalogue_title_differs
e1410_97e9623661,health_culture_environment,"Number of patient beds under provincial departments of health by province (*) by Cities, provincies, Year and Health establishments",Hospital,Bed,download_metadata,E1410,column_header,true,catalogue_title_differs
e1410_ee5d52d182,health_culture_environment,"Number of patient beds under provincial departments of health by province (*) by Cities, provincies, Year and Health establishments",Regional polyclinic,Bed,download_metadata,E1410,column_header,true,catalogue_title_differs
e1410_1729bea02d,health_culture_environment,"Number of patient beds under provincial departments of health by province (*) by Cities, provincies, Year and Health establishments",Sanatorium and rehabilitation hospital,Bed,download_metadata,E1410,column_header,true,catalogue_title_differs
e1410_6ed30ea5f2,health_culture_environment,"Number of patient beds under provincial departments of health by province (*) by Cities, provincies, Year and Health establishments",Medical service unit,Bed,download_metadata,E1410,column_header,true,catalogue_title_differs
e1413_24669ff482,health_culture_environment,"Number of medical staff under provincial departments of health by province(*) by Cities, provincies, Year and Medical staff",Doctor,Person,download_metadata,E1413,column_header,true,catalogue_title_differs
e1413_a8540cd63e,health_culture_environment,"Number of medical staff under provincial departments of health by province(*) by Cities, provincies, Year and Medical staff",Physician,Person,download_metadata,E1413,column_header,true,catalogue_title_differs
e1413_41e96c33ce,health_culture_environment,"Number of medical staff under provincial departments of health by province(*) by Cities, provincies, Year and Medical staff",Nurse,Person,download_metadata,E1413,column_header,true,catalogue_title_differs
e1413_b607499043,health_culture_environment,"Number of medical staff under provincial departments of health by province(*) by Cities, provincies, Year and Medical staff",Midwife,Person,download_metadata,E1413,column_header,true,catalogue_title_differs
e1414_c9b3c38247,health_culture_environment,Number of doctors by province (*),Total,Person,download_metadata,E1414,column_header,true,
e1415_d9b692bede,health_culture_environment,"Number of pharmaceutical staffs under provincial departments of health by province(*) by Cities, provincies, Year and Pharmaceutical staffs",Pharmacists of high degree,Person,download_metadata,E1415,column_header,true,catalogue_title_differs
e1415_9d624613ae,health_culture_environment,"Number of pharmaceutical staffs under provincial departments of health by province(*) by Cities, provincies, Year and Pharmaceutical staffs",Pharmacists of middle degree,Person,download_metadata,E1415,column_header,true,catalogue_title_differs
e1415_0166047a89,health_culture_environment,"Number of pharmaceutical staffs under provincial departments of health by province(*) by Cities, provincies, Year and Pharmaceutical staffs",Assistant pharmacists,Person,download_metadata,E1415,column_header,true,catalogue_title_differs
e1415_3f798fbe08,health_culture_environment,"Number of pharmaceutical staffs under provincial departments of health by province(*) by Cities, provincies, Year and Pharmaceutical staffs",(**) Pharmacists of high degree,Person,download_metadata,E1415,column_header,true,catalogue_title_differs
e1415_27b114f412,health_culture_environment,"Number of pharmaceutical staffs under provincial departments of health by province(*) by Cities, provincies, Year and Pharmaceutical staffs",(**) Pharmacists of middle degree,Person,download_metadata,E1415,column_header,true,catalogue_title_differs
e1415_d07a4df39f,health_culture_environment,"Number of pharmaceutical staffs under provincial departments of health by province(*) by Cities, provincies, Year and Pharmaceutical staffs",(**) Assistant pharmacists,Person,download_metadata,E1415,column_header,true,catalogue_title_differs
e1416_c9b3c38247,health_culture_environment,Percentage of children under 1 year old immunized fully caccinations by province,Total,%,download_metadata,E1416,column_header,true,
e1418_724fbf0b78,health_culture_environment,"Under-five-malnutrition rate by province by Cities, Provinces, Year and Items",Weight-for-age malnutrition,%,download_metadata,E1418,column_header,true,catalogue_title_differs
e1418_0e51901332,health_culture_environment,"Under-five-malnutrition rate by province by Cities, Provinces, Year and Items",Height-for-age malnutrition,%,download_metadata,E1418,column_header,true,catalogue_title_differs
e1418_3f8baf0c8a,health_culture_environment,"Under-five-malnutrition rate by province by Cities, Provinces, Year and Items",Weight-for-height malnutrition,%,download_metadata,E1418,column_header,true,catalogue_title_differs
e1419_79234a8f6c,health_culture_environment,"Number of people infected with HIV/AIDS and number of AIDS deaths by province(*) by Cities, provincies, Year and Items",HIV infected people new case,Person,download_metadata,E1419,column_header,true,catalogue_title_differs
e1419_b7b5cd41a8,health_culture_environment,"Number of people infected with HIV/AIDS and number of AIDS deaths by province(*) by Cities, provincies, Year and Items",AIDS  patients new case,Person,download_metadata,E1419,column_header,true,catalogue_title_differs
e1419_a82037abeb,health_culture_environment,"Number of people infected with HIV/AIDS and number of AIDS deaths by province(*) by Cities, provincies, Year and Items",HIV infected people alive accumulation as of Dec. 31,Person,download_metadata,E1419,column_header,true,catalogue_title_differs
e1419_40951b5d45,health_culture_environment,"Number of people infected with HIV/AIDS and number of AIDS deaths by province(*) by Cities, provincies, Year and Items",AIDS patients alive  accumulation as of Dec. 31,Person,download_metadata,E1419,column_header,true,catalogue_title_differs
e1419_5d000b8fe4,health_culture_environment,"Number of people infected with HIV/AIDS and number of AIDS deaths by province(*) by Cities, provincies, Year and Items",Number of  AIDS deaths,Person,download_metadata,E1419,column_header,true,catalogue_title_differs
e1419_0b0728638a,health_culture_environment,"Number of people infected with HIV/AIDS and number of AIDS deaths by province(*) by Cities, provincies, Year and Items",Number of  AIDS deaths accumulation as of Dec. 31,Person,download_metadata,E1419,column_header,true,catalogue_title_differs
e1419_332252eee5,health_culture_environment,"Number of people infected with HIV/AIDS and number of AIDS deaths by province(*) by Cities, provincies, Year and Items","Number of people  curently infected with HIV/AIDS per 100,000 inhabitants",Person,download_metadata,E1419,column_header,true,catalogue_title_differs
e1419_277f564929,health_culture_environment,"Number of people infected with HIV/AIDS and number of AIDS deaths by province(*) by Cities, provincies, Year and Items","Number of HIV/AIDS deaths in 2024 per 100,000 inhabitants",Person,download_metadata,E1419,column_header,true,catalogue_title_differs
e1421_4d5fe51748,health_culture_environment,"Number of libraries under local management by province(*) by Cities, provincies, Year and Items",Number of libraries (Unit),Unit,column_header,E1421,column_header,true,catalogue_title_differs
e1421_9465957510,health_culture_environment,"Number of libraries under local management by province(*) by Cities, provincies, Year and Items",Number of books in library (Thous. copies),Thous. copies,column_header,E1421,column_header,true,catalogue_title_differs
e1422_c9b3c38247,health_culture_environment,Number of editorial offices by province,Total,Establishment,download_metadata,E1422,column_header,true,
e1425_c9b3c38247,health_culture_environment,Number of national heritages by province,Total,Heritage,download_metadata,E1425,column_header,true,
e1428_c9b3c38247,health_culture_environment,"Monthly average income per capita at current prices by income source and by province by Cities, provincies, Year and Income source",Total,Thous. dongs,download_metadata,E1428,column_header,true,catalogue_title_differs
e1428_58d9f05407,health_culture_environment,"Monthly average income per capita at current prices by income source and by province by Cities, provincies, Year and Income source",Salary & wage,Thous. dongs,download_metadata,E1428,column_header,true,catalogue_title_differs
e1428_bee1f364a5,health_culture_environment,"Monthly average income per capita at current prices by income source and by province by Cities, provincies, Year and Income source","Agriculture, forestry & fishery",Thous. dongs,download_metadata,E1428,column_header,true,catalogue_title_differs
e1428_a2e5d7515a,health_culture_environment,"Monthly average income per capita at current prices by income source and by province by Cities, provincies, Year and Income source","Non-agriculture, forestry & fishery",Thous. dongs,download_metadata,E1428,column_header,true,catalogue_title_differs
e1428_ebdad9ba4c,health_culture_environment,"Monthly average income per capita at current prices by income source and by province by Cities, provincies, Year and Income source",Others,Thous. dongs,download_metadata,E1428,column_header,true,catalogue_title_differs
e1430_3daceafacd,health_culture_environment,"Monthly average income per capita at current prices by income quintile and by province by Cities, provincies, Year and Income quintile",General average,Thous. dongs,download_metadata,E1430,column_header,true,catalogue_title_differs
e1430_d0fb9715b5,health_culture_environment,"Monthly average income per capita at current prices by income quintile and by province by Cities, provincies, Year and Income quintile",Quintile 1,Thous. dongs,download_metadata,E1430,column_header,true,catalogue_title_differs
e1430_49786eb4e3,health_culture_environment,"Monthly average income per capita at current prices by income quintile and by province by Cities, provincies, Year and Income quintile",Quintile 2,Thous. dongs,download_metadata,E1430,column_header,true,catalogue_title_differs
e1430_6c00d8d2cd,health_culture_environment,"Monthly average income per capita at current prices by income quintile and by province by Cities, provincies, Year and Income quintile",Quintile 3,Thous. dongs,download_metadata,E1430,column_header,true,catalogue_title_differs
e1430_59aeb8d7e2,health_culture_environment,"Monthly average income per capita at current prices by income quintile and by province by Cities, provincies, Year and Income quintile",Quintile 4,Thous. dongs,download_metadata,E1430,column_header,true,catalogue_title_differs
e1430_a28af9b9a0,health_culture_environment,"Monthly average income per capita at current prices by income quintile and by province by Cities, provincies, Year and Income quintile",Quintile 5,Thous. dongs,download_metadata,E1430,column_header,true,catalogue_title_differs
e1432_a6f43adf7b,health_culture_environment,"Difference between the highest income quintile and the lowest income quintile on monthly average income per capita at current prices by province by Cities, provincies, Year and Difference",Monthly average income  per capita (Thous. dongs)  - The lowest income quintile,Thous. dongs,column_header,E1432,column_header,true,catalogue_title_differs
e1432_b912cba14e,health_culture_environment,"Difference between the highest income quintile and the lowest income quintile on monthly average income per capita at current prices by province by Cities, provincies, Year and Difference",Monthly average income  per capita (Thous. dongs) The highest income quintile,Thous. dongs,column_header,E1432,column_header,true,catalogue_title_differs
e1432_8bccce9650,health_culture_environment,"Difference between the highest income quintile and the lowest income quintile on monthly average income per capita at current prices by province by Cities, provincies, Year and Difference",The highest income quintile compared with the lowest income quintile (Time),Time,column_header,E1432,column_header,true,catalogue_title_differs
e1436_c9b3c38247,health_culture_environment,Monthly average income per employee worker by province,Total,Thous. dongs,download_metadata,E1436,column_header,true,catalogue_title_differs
e1437_c9b3c38247,health_culture_environment,Human Development Index by province,Total,index,indicator_definition,E1437,column_header,true,
e1439_c9b3c38247,health_culture_environment,GINI coefficient by province,Total,index,indicator_definition,E1439,column_header,true,catalogue_title_differs
e1447_c9b3c38247,health_culture_environment,Poverty rate by province,Total,%,download_metadata,E1447,column_header,true,
e1448_c9b3c38247,health_culture_environment,Poverty rate according to Multi-dimensional poverty rate(*) by province,Total,%,download_metadata,E1448,column_header,true,
e1453_c9b3c38247,health_culture_environment,Percentage of population using hygienic water source by province(*),Total,%,download_metadata,E1453,column_header,true,
e1454_c9b3c38247,health_culture_environment,Percentage of urban population provided with clean water by centralized water supply system by province(*),Total,%,download_metadata,E1454,column_header,true,
e1456_c9b3c38247,health_culture_environment,Percentage of population using hygienic latrine by province,Total,%,download_metadata,E1456,column_header,true,catalogue_title_differs
e1458_c9b3c38247,health_culture_environment,Percentage of household using electricity by province,Total,%,download_metadata,E1458,column_header,true,
e1461_c9b3c38247,health_culture_environment,Percentage of household using electricity by province,Total,%,download_metadata,E1461,column_header,false,source_definition_needs_review
e1463_c9b3c38247,health_culture_environment,Percentage of mobile phone users by province,Total,%,download_metadata,E1463,column_header,true,catalogue_title_differs
e1465_c9b3c38247,health_culture_environment,Percentage of internet users by province,Total,%,download_metadata,E1465,column_header,true,catalogue_title_differs
e1467_c9b3c38247,health_culture_environment,Percentage of households with internet access by province,Total,%,download_metadata,E1467,column_header,true,catalogue_title_differs
e1469_c9b3c38247,health_culture_environment,Percentage of people with information technology skills by province,Total,%,download_metadata,E1469,column_header,true,catalogue_title_differs
e1471_c9b3c38247,health_culture_environment,Percentage of people using social networks by province,Total,%,download_metadata,E1471,column_header,true,
e1473_c9b3c38247,health_culture_environment,"Percentage of households having house by type of house and by province by Cities, provincies, Year and Type of house",Total,%,download_metadata,E1473,column_header,true,catalogue_title_differs
e1473_5a45a02b7b,health_culture_environment,"Percentage of households having house by type of house and by province by Cities, provincies, Year and Type of house",Permanent house,%,download_metadata,E1473,column_header,true,catalogue_title_differs
e1473_358f6046b7,health_culture_environment,"Percentage of households having house by type of house and by province by Cities, provincies, Year and Type of house",Semi-Permanent house,%,download_metadata,E1473,column_header,true,catalogue_title_differs
e1473_ea3ac0998a,health_culture_environment,"Percentage of households having house by type of house and by province by Cities, provincies, Year and Type of house",Less-temporary house,%,download_metadata,E1473,column_header,true,catalogue_title_differs
e1473_32a83d613e,health_culture_environment,"Percentage of households having house by type of house and by province by Cities, provincies, Year and Type of house",Simple permanent house,%,download_metadata,E1473,column_header,true,catalogue_title_differs
e1476_c9b3c38247,health_culture_environment,"Average dwelling area per capita by type of house and by province by Cities, provincies, Year and Type of house",Total,m2,download_metadata,E1476,column_header,true,catalogue_title_differs
e1476_5a45a02b7b,health_culture_environment,"Average dwelling area per capita by type of house and by province by Cities, provincies, Year and Type of house",Permanent house,m2,download_metadata,E1476,column_header,true,catalogue_title_differs
e1476_358f6046b7,health_culture_environment,"Average dwelling area per capita by type of house and by province by Cities, provincies, Year and Type of house",Semi-Permanent house,m2,download_metadata,E1476,column_header,true,catalogue_title_differs
e1476_ea3ac0998a,health_culture_environment,"Average dwelling area per capita by type of house and by province by Cities, provincies, Year and Type of house",Less-temporary house,m2,download_metadata,E1476,column_header,true,catalogue_title_differs
e1476_32a83d613e,health_culture_environment,"Average dwelling area per capita by type of house and by province by Cities, provincies, Year and Type of house",Simple permanent house,m2,download_metadata,E1476,column_header,true,catalogue_title_differs
e1479_10fd6a74fb,health_culture_environment,"Number of instituted cases and instituted people by province by Cities, provincies, Nam and Ch? tiêu",Number of instituted cases (Case),Case,column_header,E1479,column_header,true,catalogue_title_differs
e1479_ee61693069,health_culture_environment,"Number of instituted cases and instituted people by province by Cities, provincies, Nam and Ch? tiêu",Number of instituted people (Person),Person,column_header,E1479,column_header,true,catalogue_title_differs
e1481_4f57b1b86d,health_culture_environment,"Number of prosecuted cases and people in 2024 by province by Cities, provincies, Nam and Ch? tiêu",Number of prosecuted cases (Case),Case,column_header,E1481,column_header,true,catalogue_title_differs
e1481_bdbdf44cd3,health_culture_environment,"Number of prosecuted cases and people in 2024 by province by Cities, provincies, Nam and Ch? tiêu",Number of prosecuted people  (Person),Person,column_header,E1481,column_header,true,catalogue_title_differs
e1482_a2e430ac57,health_culture_environment,"Number of sentenced cases and guilty people in 2024 by province by Cities, provincies, Nam and Ch? tiêu",Number of sentenced cases (Case),Case,column_header,E1482,column_header,true,catalogue_title_differs
e1482_ca92610d71,health_culture_environment,"Number of sentenced cases and guilty people in 2024 by province by Cities, provincies, Nam and Ch? tiêu",Number of guilty people (Person),Person,column_header,E1482,column_header,true,catalogue_title_differs
e1483_293237a01a,health_culture_environment,"Civil judgment enforcement results 2024 by province and by region by Cities, provincies, Nam and a",Results of excution completed (Cases),Cases,column_header,E1483,column_header,true,catalogue_title_differs
e1483_d8836fe25c,health_culture_environment,"Civil judgment enforcement results 2024 by province and by region by Cities, provincies, Nam and a",The amount of money of excution completed  (Million. dongs),Million. dongs,column_header,E1483,column_header,true,catalogue_title_differs
e1483_85538fa1db,health_culture_environment,"Civil judgment enforcement results 2024 by province and by region by Cities, provincies, Nam and a",Rate of execution completed (On cases) (%),%,column_header,E1483,column_header,true,catalogue_title_differs
e1483_28ae2ccf35,health_culture_environment,"Civil judgment enforcement results 2024 by province and by region by Cities, provincies, Nam and a",Rate of execution completed (On money) (%),%,column_header,E1483,column_header,true,catalogue_title_differs
e1485_c9b3c38247,health_culture_environment,The number of people receiving legal aid by province,Total,Person,download_metadata,E1485,column_header,true,
e1488_d1dd985a77,health_culture_environment,"Some indicators on traffic accidents  by province by Cities, provincies, Year and Indicator",Number of traffic accidents (Case),Case,column_header,E1488,column_header,true,catalogue_title_differs
e1488_ef2eb844ae,health_culture_environment,"Some indicators on traffic accidents  by province by Cities, provincies, Year and Indicator",Number of people killed (Person),Person,column_header,E1488,column_header,true,catalogue_title_differs
e1488_3d1a8a1c74,health_culture_environment,"Some indicators on traffic accidents  by province by Cities, provincies, Year and Indicator",Number of people injured  (Person),Person,column_header,E1488,column_header,true,catalogue_title_differs
e1490_efa4a477c1,health_culture_environment,"Some indicators on fires and explosions by province by Cities, provincies, Year and Indicator",Number of fires and explosions (Case),Case,column_header,E1490,column_header,true,catalogue_title_differs
e1490_ef2eb844ae,health_culture_environment,"Some indicators on fires and explosions by province by Cities, provincies, Year and Indicator",Number of people killed (Person),Person,column_header,E1490,column_header,true,catalogue_title_differs
e1490_c9f2c64482,health_culture_environment,"Some indicators on fires and explosions by province by Cities, provincies, Year and Indicator",Number of people injured (Person),Person,column_header,E1490,column_header,true,catalogue_title_differs
e1490_e581c68700,health_culture_environment,"Some indicators on fires and explosions by province by Cities, provincies, Year and Indicator",Property damage due to fire and explosion classified  (Bill.dong),Bill.dong,column_header,E1490,column_header,true,catalogue_title_differs
e1494_4ccaa257d4,health_culture_environment,"Average collected solid waste treated per day by province by Cities, provincies, Year and Collected solid waste",Total of collected solid waste,ton,download_metadata,E1494,column_header,true,catalogue_title_differs
e1494_04cf9638a2,health_culture_environment,"Average collected solid waste treated per day by province by Cities, provincies, Year and Collected solid waste",Total of collected solid waste treated in accordance with corresponding defined national criteria,ton,download_metadata,E1494,column_header,true,catalogue_title_differs
e1495_0d108538a3,health_culture_environment,"Rate of hazardous waste collected and treated by region and province by Cities, provincies, Year and group",Total amount of hazardous waste generated (Ton),Ton,column_header,E1495,column_header,true,catalogue_title_differs
e1495_5f7e71e745,health_culture_environment,"Rate of hazardous waste collected and treated by region and province by Cities, provincies, Year and group",Total amount of hazardous waste collected (Ton),Ton,column_header,E1495,column_header,true,catalogue_title_differs
e1495_ab08df0f73,health_culture_environment,"Rate of hazardous waste collected and treated by region and province by Cities, provincies, Year and group",Total amount of hazardous waste processed (Ton),Ton,column_header,E1495,column_header,true,catalogue_title_differs
e1495_2d680469b7,health_culture_environment,"Rate of hazardous waste collected and treated by region and province by Cities, provincies, Year and group",Rate of hazardous waste collected and treated (%),%,column_header,E1495,column_header,true,catalogue_title_differs
e1496_fa683fd3ff,health_culture_environment,"Percentage of industrial parks and export processing zones that have been put into operation standards with a centralized wastewater treatment plant meeting environmental by Cities, provincies, Year and Number and Percentage",Total number of industrial parks and export processing zones put into operation (zones),zones,column_header,E1496,column_header,true,catalogue_title_differs
e1496_92c06425c1,health_culture_environment,"Percentage of industrial parks and export processing zones that have been put into operation standards with a centralized wastewater treatment plant meeting environmental by Cities, provincies, Year and Number and Percentage",Number of industrial parks and export processing zones that have been put into operation with centralized wastewater treatment plants meeting environmental standards (zones),zones,column_header,E1496,column_header,true,catalogue_title_differs
e1496_ff0869f1c9,health_culture_environment,"Percentage of industrial parks and export processing zones that have been put into operation standards with a centralized wastewater treatment plant meeting environmental by Cities, provincies, Year and Number and Percentage",Percentage of industrial parks and export processing zones that have been put into operation with a centralized wastewater treatment plant meeting environmental  standards (%),%,column_header,E1496,column_header,true,catalogue_title_differs
e1497_b3ede91ef5,health_culture_environment,"Percentage of operating industrial clusters with centralized wastewater treatment systems meeting environmental standards by region and province in 2022 and 2023 by Cities, provincies, Year and Number and Percentage",Total number of operating industrial clusters (clusters),clusters,column_header,E1497,column_header,true,catalogue_title_differs
e1497_a73f2d6a8a,health_culture_environment,"Percentage of operating industrial clusters with centralized wastewater treatment systems meeting environmental standards by region and province in 2022 and 2023 by Cities, provincies, Year and Number and Percentage",Number of operating industrial clusters with centralized wastewater treatment systems meeting environmental standards (clusters),clusters,column_header,E1497,column_header,true,catalogue_title_differs
e1497_a335978b84,health_culture_environment,"Percentage of operating industrial clusters with centralized wastewater treatment systems meeting environmental standards by region and province in 2022 and 2023 by Cities, provincies, Year and Number and Percentage",Percentage of operating industrial clusters with centralized wastewater treatment systems meeting environmental standards  (%),%,column_header,E1497,column_header,true,catalogue_title_differs
e0101_b43b9f0f36,administration_land_climate,"Number of administrative units as of 31 December by province by Cities, provincies, Years and Administrative units",Cities under provinces,administrative units,indicator_definition,E0101,column_header,true,catalogue_title_differs
e0101_8eec884b6f,administration_land_climate,"Number of administrative units as of 31 December by province by Cities, provincies, Years and Administrative units",Urban districts,administrative units,indicator_definition,E0101,column_header,true,catalogue_title_differs
e0101_b433ee3777,administration_land_climate,"Number of administrative units as of 31 December by province by Cities, provincies, Years and Administrative units",Towns,administrative units,indicator_definition,E0101,column_header,true,catalogue_title_differs
e0101_21dce7f585,administration_land_climate,"Number of administrative units as of 31 December by province by Cities, provincies, Years and Administrative units",Rural districts,administrative units,indicator_definition,E0101,column_header,true,catalogue_title_differs
e0101_22ab8b8acc,administration_land_climate,"Number of administrative units as of 31 December by province by Cities, provincies, Years and Administrative units",Wards,administrative units,indicator_definition,E0101,column_header,true,catalogue_title_differs
e0101_61e98ba760,administration_land_climate,"Number of administrative units as of 31 December by province by Cities, provincies, Years and Administrative units",Town districts,administrative units,indicator_definition,E0101,column_header,true,catalogue_title_differs
e0101_3e631c2081,administration_land_climate,"Number of administrative units as of 31 December by province by Cities, provincies, Years and Administrative units",Communes,administrative units,indicator_definition,E0101,column_header,true,catalogue_title_differs
e0103_f3521088fc,administration_land_climate,"Land use by province (*) by Cities, provincies, Year and Land use",Total area,Thousand ha,download_metadata,E0103,column_header,true,catalogue_title_differs
e0103_5f24566436,administration_land_climate,"Land use by province (*) by Cities, provincies, Year and Land use",Agricultural production land,Thousand ha,download_metadata,E0103,column_header,true,catalogue_title_differs
e0103_a30aef08f1,administration_land_climate,"Land use by province (*) by Cities, provincies, Year and Land use",Forestry land,Thousand ha,download_metadata,E0103,column_header,true,catalogue_title_differs
e0103_b4a655757c,administration_land_climate,"Land use by province (*) by Cities, provincies, Year and Land use",Specially used land,Thousand ha,download_metadata,E0103,column_header,true,catalogue_title_differs
e0103_ca60c5ffc6,administration_land_climate,"Land use by province (*) by Cities, provincies, Year and Land use",Homestead land,Thousand ha,download_metadata,E0103,column_header,true,catalogue_title_differs
e0104_f3521088fc,administration_land_climate,"Structure of used land by province by Cities, provincies, Year and Land use",Total area,%,download_metadata,E0104,column_header,true,catalogue_title_differs
e0104_5f24566436,administration_land_climate,"Structure of used land by province by Cities, provincies, Year and Land use",Agricultural production land,%,download_metadata,E0104,column_header,true,catalogue_title_differs
e0104_a30aef08f1,administration_land_climate,"Structure of used land by province by Cities, provincies, Year and Land use",Forestry land,%,download_metadata,E0104,column_header,true,catalogue_title_differs
e0104_b4a655757c,administration_land_climate,"Structure of used land by province by Cities, provincies, Year and Land use",Specially used land,%,download_metadata,E0104,column_header,true,catalogue_title_differs
e0104_ca60c5ffc6,administration_land_climate,"Structure of used land by province by Cities, provincies, Year and Land use",Homestead land,%,download_metadata,E0104,column_header,true,catalogue_title_differs
e0105_5f24566436,administration_land_climate,"Change in natural land area index province (As of 31st December) by Cities, provincies, a and Purpose in landuse",Agricultural production land,%,download_metadata,E0105,column_header,true,catalogue_title_differs
e0105_a30aef08f1,administration_land_climate,"Change in natural land area index province (As of 31st December) by Cities, provincies, a and Purpose in landuse",Forestry land,%,download_metadata,E0105,column_header,true,catalogue_title_differs
e0105_b4a655757c,administration_land_climate,"Change in natural land area index province (As of 31st December) by Cities, provincies, a and Purpose in landuse",Specially used land,%,download_metadata,E0105,column_header,true,catalogue_title_differs
e0105_ca60c5ffc6,administration_land_climate,"Change in natural land area index province (As of 31st December) by Cities, provincies, a and Purpose in landuse",Homestead land,%,download_metadata,E0105,column_header,true,catalogue_title_differs
