province_code,province_name,code_system,geography_version
VN_SRC_ANGIANG,An Giang,project identifier; not an official administrative code,source_reported_unharmonized
VN_SRC_BACGIANG,Bac Giang,project identifier; not an official administrative code,source_reported_unharmonized
VN_SRC_BACKAN,Bac Kan,project identifier; not an official administrative code,source_reported_unharmonized
VN_SRC_BACLIEU,Bac Lieu,project identifier; not an official administrative code,source_reported_unharmonized
VN_SRC_BACNINH,Bac Ninh,project identifier; not an official administrative code,source_reported_unharmonized
VN_SRC_BARIAVUNGTAU,Ba Ria - Vung Tau,project identifier; not an official administrative code,source_reported_unharmonized
VN_SRC_BENTRE,Ben Tre,project identifier; not an official administrative code,source_reported_unharmonized
VN_SRC_BINHDINH,Binh Dinh,project identifier; not an official administrative code,source_reported_unharmonized
VN_SRC_BINHDUONG,Binh Duong,project identifier; not an official administrative code,source_reported_unharmonized
VN_SRC_BINHPHUOC,Binh Phuoc,project identifier; not an official administrative code,source_reported_unharmonized
VN_SRC_BINHTHUAN,Binh Thuan,project identifier; not an official administrative code,source_reported_unharmonized
VN_SRC_CAMAU,Ca Mau,project identifier; not an official administrative code,source_reported_unharmonized
VN_SRC_CANTHO,Can Tho,project identifier; not an official administrative code,source_reported_unharmonized
VN_SRC_CAOBANG,Cao Bang,project identifier; not an official administrative code,source_reported_unharmonized
VN_SRC_DAKLAK,Dak Lak,project identifier; not an official administrative code,source_reported_unharmonized
VN_SRC_DAKNONG,Dak Nong,project identifier; not an official administrative code,source_reported_unharmonized
VN_SRC_DANANG,Da Nang,project identifier; not an official administrative code,source_reported_unharmonized
VN_SRC_DIENBIEN,Dien Bien,project identifier; not an official administrative code,source_reported_unharmonized
VN_SRC_DONGNAI,Dong Nai,project identifier; not an official administrative code,source_reported_unharmonized
VN_SRC_DONGTHAP,Dong Thap,project identifier; not an official administrative code,source_reported_unharmonized
VN_SRC_GIALAI,Gia Lai,project identifier; not an official administrative code,source_reported_unharmonized
VN_SRC_HAGIANG,Ha Giang,project identifier; not an official administrative code,source_reported_unharmonized
VN_SRC_HAIDUONG,Hai Duong,project identifier; not an official administrative code,source_reported_unharmonized
VN_SRC_HAIPHONG,Hai Phong,project identifier; not an official administrative code,source_reported_unharmonized
VN_SRC_HANAM,Ha Nam,project identifier; not an official administrative code,source_reported_unharmonized
VN_SRC_HANOI,Ha Noi,project identifier; not an official administrative code,source_reported_unharmonized
VN_SRC_HATAY,Ha Tay,project identifier; not an official administrative code,source_reported_unharmonized
VN_SRC_HATINH,Ha Tinh,project identifier; not an official administrative code,source_reported_unharmonized
VN_SRC_HAUGIANG,Hau Giang,project identifier; not an official administrative code,source_reported_unharmonized
VN_SRC_HOABINH,Hoa Binh,project identifier; not an official administrative code,source_reported_unharmonized
VN_SRC_HOCHIMINHCITY,Ho Chi Minh city,project identifier; not an official administrative code,source_reported_unharmonized
VN_SRC_HUE,Hue,project identifier; not an official administrative code,source_reported_unharmonized
VN_SRC_HUNGYEN,Hung Yen,project identifier; not an official administrative code,source_reported_unharmonized
VN_SRC_KHANHHOA,Khanh Hoa,project identifier; not an official administrative code,source_reported_unharmonized
VN_SRC_KIENGIANG,Kien Giang,project identifier; not an official administrative code,source_reported_unharmonized
VN_SRC_KONTUM,Kon Tum,project identifier; not an official administrative code,source_reported_unharmonized
VN_SRC_LAICHAU,Lai Chau,project identifier; not an official administrative code,source_reported_unharmonized
VN_SRC_LAMDONG,Lam Dong,project identifier; not an official administrative code,source_reported_unharmonized
VN_SRC_LANGSON,Lang Son,project identifier; not an official administrative code,source_reported_unharmonized
VN_SRC_LAOCAI,Lao Cai,project identifier; not an official administrative code,source_reported_unharmonized
VN_SRC_LONGAN,Long An,project identifier; not an official administrative code,source_reported_unharmonized
VN_SRC_NAMDINH,Nam Dinh,project identifier; not an official administrative code,source_reported_unharmonized
VN_SRC_NGHEAN,Nghe An,project identifier; not an official administrative code,source_reported_unharmonized
VN_SRC_NINHBINH,Ninh Binh,project identifier; not an official administrative code,source_reported_unharmonized
VN_SRC_NINHTHUAN,Ninh Thuan,project identifier; not an official administrative code,source_reported_unharmonized
VN_SRC_PHUTHO,Phu Tho,project identifier; not an official administrative code,source_reported_unharmonized
VN_SRC_PHUYEN,Phu Yen,project identifier; not an official administrative code,source_reported_unharmonized
VN_SRC_QUANGBINH,Quang Binh,project identifier; not an official administrative code,source_reported_unharmonized
VN_SRC_QUANGNAM,Quang Nam,project identifier; not an official administrative code,source_reported_unharmonized
VN_SRC_QUANGNGAI,Quang Ngai,project identifier; not an official administrative code,source_reported_unharmonized
VN_SRC_QUANGNINH,Quang Ninh,project identifier; not an official administrative code,source_reported_unharmonized
VN_SRC_QUANGTRI,Quang Tri,project identifier; not an official administrative code,source_reported_unharmonized
VN_SRC_SOCTRANG,Soc Trang,project identifier; not an official administrative code,source_reported_unharmonized
VN_SRC_SONLA,Son La,project identifier; not an official administrative code,source_reported_unharmonized
VN_SRC_TAYNINH,Tay Ninh,project identifier; not an official administrative code,source_reported_unharmonized
VN_SRC_THAIBINH,Thai Binh,project identifier; not an official administrative code,source_reported_unharmonized
VN_SRC_THAINGUYEN,Thai Nguyen,project identifier; not an official administrative code,source_reported_unharmonized
VN_SRC_THANHHOA,Thanh Hoa,project identifier; not an official administrative code,source_reported_unharmonized
VN_SRC_THUATHIENHUE,Thua Thien-Hue,project identifier; not an official administrative code,source_reported_unharmonized
VN_SRC_TIENGIANG,Tien Giang,project identifier; not an official administrative code,source_reported_unharmonized
VN_SRC_TRAVINH,Tra Vinh,project identifier; not an official administrative code,source_reported_unharmonized
VN_SRC_TUYENQUANG,Tuyen Quang,project identifier; not an official administrative code,source_reported_unharmonized
VN_SRC_VINHLONG,Vinh Long,project identifier; not an official administrative code,source_reported_unharmonized
VN_SRC_VINHPHUC,Vinh Phuc,project identifier; not an official administrative code,source_reported_unharmonized
VN_SRC_YENBAI,Yen Bai,project identifier; not an official administrative code,source_reported_unharmonized
