source_id,issue
E0201,catalogue_title_differs
E0203-07,catalogue_title_differs
E0209,catalogue_title_differs
E0212-14,catalogue_title_differs
E0219,catalogue_title_differs
E0221-23,catalogue_title_differs
E0227,catalogue_title_differs
E0228,catalogue_title_differs
E0231,catalogue_title_differs
E0233,catalogue_title_differs
E0234,catalogue_title_differs
E0237,catalogue_title_differs
E0255,catalogue_title_differs
E0323,catalogue_title_differs
E0324,catalogue_title_differs
E0325,catalogue_title_differs
E1303,catalogue_title_differs
E1308,catalogue_title_differs
E1309,catalogue_title_differs
E1311,catalogue_title_differs
E1312,catalogue_title_differs
E1313,catalogue_title_differs
E1314,catalogue_title_differs
E1315,catalogue_title_differs
E1316,catalogue_title_differs
E1319,catalogue_title_differs
E1320,catalogue_title_differs
E1322,Source title or unit appears inconsistent with values / neighbouring tables. Retained unchanged; exclude from default dashboard until source definition is confirmed.
E1322,source_definition_needs_review
E1405,catalogue_title_differs
E1409,catalogue_title_differs
E1410,catalogue_title_differs
E1413,catalogue_title_differs
E1415,catalogue_title_differs
E1418,catalogue_title_differs
E1419,catalogue_title_differs
E1421,catalogue_title_differs
E1428,catalogue_title_differs
E1430,catalogue_title_differs
E1432,catalogue_title_differs
E1436,catalogue_title_differs
E1439,catalogue_title_differs
E1456,catalogue_title_differs
E1461,Source title or unit appears inconsistent with values / neighbouring tables. Retained unchanged; exclude from default dashboard until source definition is confirmed.
E1461,source_definition_needs_review
E1463,catalogue_title_differs
E1465,catalogue_title_differs
E1467,catalogue_title_differs
E1469,catalogue_title_differs
E1473,catalogue_title_differs
E1476,catalogue_title_differs
E1479,catalogue_title_differs
E1481,catalogue_title_differs
E1482,catalogue_title_differs
E1483,catalogue_title_differs
E1488,catalogue_title_differs
E1490,catalogue_title_differs
E1494,catalogue_title_differs
E1495,catalogue_title_differs
E1496,catalogue_title_differs
E1497,catalogue_title_differs
E0101,catalogue_title_differs
E0103,catalogue_title_differs
E0104,catalogue_title_differs
E0105,catalogue_title_differs
