source_id,section,title,csv_title,catalogue_title,source_url,data_url,source_file,sha256,source_unit,geography_version,province_rows,quality_flags
E0201,population,"Area, population and population density by province by Cities, provincies, Year and Items","Area, population and population density by province by Cities, provincies, Year and Items","Area, population and population density by province",https://www.nso.gov.vn/en/px-web?pxid=E0201&theme=Population%20and%20Employment,,sources/population/E0201.csv,76ff6e9ed436c6576ff0216aa1d2be4361a0753f4695743223e8c25b439b1f27,,source_reported_unharmonized,63,catalogue_title_differs
E0203-07,population,"Average population by province, sex and residence by Cities, provincies, Average population and Year","Average population by province, sex and residence by Cities, provincies, Average population and Year","Average population by province, sex and residence",https://www.nso.gov.vn/en/px-web?pxid=E0203-07&theme=Population%20and%20Employment,https://pxweb.nso.gov.vn/pxweb/en/E%2002.%20Population%20and%20Employment/E%2002.%20Population%20and%20Employment__Px_E_02/E02.03-07.px/?rxid=64f85071-1d5d-485d-af79-183b1e467db6,sources/population/E0203-07.csv,766c82ddfd635b420add93a4178da194b8140db7f6c617febb6fbb4d66459b86,Thous. persons,source_reported_unharmonized,64,catalogue_title_differs
E0209,population,Sex ratio by province,"Sex ratio by province by Cities, provincies and Year",Sex ratio of population by province,https://www.nso.gov.vn/en/px-web?pxid=E0209&theme=Population%20and%20Employment,https://pxweb.nso.gov.vn/pxweb/en/E%2002.%20Population%20and%20Employment/E%2002.%20Population%20and%20Employment__Px_E_02/E02.09.px/?rxid=64f85071-1d5d-485d-af79-183b1e467db6,sources/population/E0209.csv,4ab637b3bab283fc552f1f9394e339e937a24afe1e80106ececd57b3dd7ce372,Males per 100 females,source_reported_unharmonized,64,catalogue_title_differs
E0212-14,population,"Crude birth rate, crude death rate and natural increase rate by province by Cities, provincies, Iterms and Year","Crude birth rate, crude death rate and natural increase rate by province by Cities, provincies, Iterms and Year","Crude birth rate, crude death rate and natural increase rate by province",https://www.nso.gov.vn/en/px-web?pxid=E0212-14&theme=Population%20and%20Employment,https://pxweb.nso.gov.vn/pxweb/en/E%2002.%20Population%20and%20Employment/E%2002.%20Population%20and%20Employment__Px_E_02/E02.12-14.px/?rxid=64f85071-1d5d-485d-af79-183b1e467db6,sources/population/E0212-14.csv,78840dc747519dc843dd6cb956471f9707cdb29a4ed46994ca6b9923616c1f23,â°,source_reported_unharmonized,64,catalogue_title_differs
E0216,population,Total fertility rate by province,"Total fertility rate by province by Cities, provincies and Year",Total fertility rate by province,https://www.nso.gov.vn/en/px-web?pxid=E0216&theme=Population%20and%20Employment,https://pxweb.nso.gov.vn/pxweb/en/E%2002.%20Population%20and%20Employment/E%2002.%20Population%20and%20Employment__Px_E_02/E02.16.px/?rxid=64f85071-1d5d-485d-af79-183b1e467db6,sources/population/E0216.csv,54523d3aa3d5964de5bbe9e45919b373953bf267798e208f0e56eddf5f474d25,Children per woman,source_reported_unharmonized,64,
E0218,population,Infant mortality rate by province,"Infant mortality rate by province by Cities, provincies and Year",Infant mortality rate by province,https://www.nso.gov.vn/en/px-web?pxid=E0218&theme=Population%20and%20Employment,https://pxweb.nso.gov.vn/pxweb/en/E%2002.%20Population%20and%20Employment/E%2002.%20Population%20and%20Employment__Px_E_02/E02.18.px/?rxid=64f85071-1d5d-485d-af79-183b1e467db6,sources/population/E0218.csv,26b06e446c9ce5d8f94e85cc10cd11e0d1a9d1ba2484729c1dbca5663c6af63a,Infant deaths per 1000 live births,source_reported_unharmonized,64,
E0219,population,Under-5 mortality rate by province,"Under-5 mortality rate by province by Cities, provincies and Year",Under five mortality rate by province,https://www.nso.gov.vn/en/px-web?pxid=E0219&theme=Population%20and%20Employment,https://pxweb.nso.gov.vn/pxweb/en/E%2002.%20Population%20and%20Employment/E%2002.%20Population%20and%20Employment__Px_E_02/E02.19.px/?rxid=64f85071-1d5d-485d-af79-183b1e467db6,sources/population/E0219.csv,c9bbc678d75525543e34008ab62e4a1ed2fd756f310db4093ed55539c1b99931,Under five deaths per 1000 live births,source_reported_unharmonized,63,catalogue_title_differs
E0220,population,Population growth rate by province,"Population growth rate by province by Cities, provincies and Year",Population growth rate by province,https://www.nso.gov.vn/en/px-web?pxid=E0220&theme=Population%20and%20Employment,https://pxweb.nso.gov.vn/pxweb/en/E%2002.%20Population%20and%20Employment/E%2002.%20Population%20and%20Employment__Px_E_02/E02.20.px/?rxid=64f85071-1d5d-485d-af79-183b1e467db6,sources/population/E0220.csv,9e4e03cf1f0fdf8c50f44a08d67721ad77a6d4f3345a62e7e5987df220251c10,%,source_reported_unharmonized,64,
E0221-23,population,"In-migration rate, out-migration rate and net-migration rate by province by Cities, provincies, Migration rate and Year","In-migration rate, out-migration rate and net-migration rate by province by Cities, provincies, Migration rate and Year","In-migration rate, out-migration rate and net-migration rate by province",https://www.nso.gov.vn/en/px-web?pxid=E0221-23&theme=Population%20and%20Employment,https://pxweb.nso.gov.vn/pxweb/en/E%2002.%20Population%20and%20Employment/E%2002.%20Population%20and%20Employment__Px_E_02/E02.21-23.px/?rxid=64f85071-1d5d-485d-af79-183b1e467db6,sources/population/E0221-23.csv,9ddd17572d76118b96e3c3980952ab5a0180c64a87cdde25495b8d2de7700e07,â°,source_reported_unharmonized,64,catalogue_title_differs
E0225,population,Life expectancy at birth by province,"Life expectancy at birth by province by Cities, provincies and Year",Life expectancy at birth by province,https://www.nso.gov.vn/en/px-web?pxid=E0225&theme=Population%20and%20Employment,https://pxweb.nso.gov.vn/pxweb/en/E%2002.%20Population%20and%20Employment/E%2002.%20Population%20and%20Employment__Px_E_02/E02.25.px/?rxid=64f85071-1d5d-485d-af79-183b1e467db6,sources/population/E0225.csv,83f766bec91ca81f3b60608212b3c8953ac526026664aa2fd6e35870eb6a9921,Age,source_reported_unharmonized,63,
E0227,population,Percentage of literate population aged 15 and over by province,"Percentage of literate population aged 15 and over by province by Cities, provinces and Year",Percentage of literate population at 15 years of age and above by province,https://www.nso.gov.vn/en/px-web?pxid=E0227&theme=Population%20and%20Employment,https://pxweb.nso.gov.vn/pxweb/en/E%2002.%20Population%20and%20Employment/E%2002.%20Population%20and%20Employment__Px_E_02/E02.27.px/?rxid=64f85071-1d5d-485d-af79-183b1e467db6,sources/population/E0227.csv,8d7c43f7d76cf60eac9b85353eddac62b70dc4b54aa7257b0d79ee4fc9ab1dc0,%,source_reported_unharmonized,64,catalogue_title_differs
E0228,population,"Number of marriages by province by Cities, provinces, Year and Times of marriages","Number of marriages by province by Cities, provinces, Year and Times of marriages",Number of marriages by province,https://www.nso.gov.vn/en/px-web?pxid=E0228&theme=Population%20and%20Employment,https://pxweb.nso.gov.vn/pxweb/en/E%2002.%20Population%20and%20Employment/E%2002.%20Population%20and%20Employment__Px_E_02/E02.28.px/?rxid=64f85071-1d5d-485d-af79-183b1e467db6,sources/population/E0228.csv,a82a57bfd69706a1be34504bbddca2a80e13470c1df1055d43e2a4885f3e9ece,Case,source_reported_unharmonized,63,catalogue_title_differs
E0230,population,Singulate mean age at marriage by province,"Singulate mean age at marriage by province by Cities, provinces and Year",Singulate mean age at marriage by province,https://www.nso.gov.vn/en/px-web?pxid=E0230&theme=Population%20and%20Employment,https://pxweb.nso.gov.vn/pxweb/en/E%2002.%20Population%20and%20Employment/E%2002.%20Population%20and%20Employment__Px_E_02/E02.30.px/?rxid=64f85071-1d5d-485d-af79-183b1e467db6,sources/population/E0230.csv,01c71739bc0fea70403bf28014dac15d6f01cefe77d03571106702b7e886c477,Age,source_reported_unharmonized,63,
E0231,population,"Number of finalised divorces by province by Cities, provinces, Year and Level","Number of finalised divorces by province by Cities, provinces, Year and Level",Number of divorce cases cleared up by province and by administrative level of judgement,https://www.nso.gov.vn/en/px-web?pxid=E0231&theme=Population%20and%20Employment,https://pxweb.nso.gov.vn/pxweb/en/E%2002.%20Population%20and%20Employment/E%2002.%20Population%20and%20Employment__Px_E_02/E02.31.px/?rxid=64f85071-1d5d-485d-af79-183b1e467db6,sources/population/E0231.csv,452f253c72760045ff5ef706e6d61774affa4a19215ad02bdc1b72926627c237,Case,source_reported_unharmonized,63,catalogue_title_differs
E0233,population,Percentage of under-5 children with birth registration by province,"Percentage of under-5 children with birth registration by province by Cities, provincies and Year",Percentage of children under 5 years old with birth registration by province,https://www.nso.gov.vn/en/px-web?pxid=E0233&theme=Population%20and%20Employment,https://pxweb.nso.gov.vn/pxweb/en/E%2002.%20Population%20and%20Employment/E%2002.%20Population%20and%20Employment__Px_E_02/E02.33.px/?rxid=64f85071-1d5d-485d-af79-183b1e467db6,sources/population/E0233.csv,415a46144e20cc8d8e51561dc861422cb31f9e49f8974c9f1a0b4ad95cbb8a89,%,source_reported_unharmonized,63,catalogue_title_differs
E0234,population,"Number of registered deaths by province by Cities, provinces, Year and Timely registration","Number of registered deaths by province by Cities, provinces, Year and Timely registration",Number of deaths was registered by province,https://www.nso.gov.vn/en/px-web?pxid=E0234&theme=Population%20and%20Employment,https://pxweb.nso.gov.vn/pxweb/en/E%2002.%20Population%20and%20Employment/E%2002.%20Population%20and%20Employment__Px_E_02/E02.34.px/?rxid=64f85071-1d5d-485d-af79-183b1e467db6,sources/population/E0234.csv,d7e4ab1a1bec185e201ee727ce5b691e543a5974721f9c1a609c07e6277df2fa,Person,source_reported_unharmonized,63,catalogue_title_differs
E0237,employment,Labour force aged 15 and over by province,"Labour force aged 15 and over by province by Cities, provincies and Year",Labour force at 15 years of age and above by province(*),https://www.nso.gov.vn/en/px-web?pxid=E0237&theme=Population%20and%20Employment,https://pxweb.nso.gov.vn/pxweb/en/E%2002.%20Population%20and%20Employment/E%2002.%20Population%20and%20Employment__Px_E_02/E02.37.px/?rxid=64f85071-1d5d-485d-af79-183b1e467db6,sources/employment/E0237.csv,04af741785a6ff821d64bc02cacb15147ad5866ff4cb686cc6f969d53114e747,Thous. persons,source_reported_unharmonized,64,catalogue_title_differs
E0245,employment,Number of employed persons in the economy by province,"Number of employed persons in the economy by province by Cities, provincies and Year",Number of employed persons in the economy by province,https://www.nso.gov.vn/en/px-web?pxid=E0245&theme=Population%20and%20Employment,https://pxweb.nso.gov.vn/pxweb/en/E%2002.%20Population%20and%20Employment/E%2002.%20Population%20and%20Employment__Px_E_02/E02.45.px/?rxid=64f85071-1d5d-485d-af79-183b1e467db6,sources/employment/E0245.csv,13ab345fbd4f2acf14ba5854248e389eae9066d7ba04020bb4d6007abf64604a,Thousand persons,source_reported_unharmonized,63,
E0251,employment,Informal employment rate by province,"Informal employment rate by province by Cities, provincies and Year",Informal employment rate by province,https://www.nso.gov.vn/en/px-web?pxid=E0251&theme=Population%20and%20Employment,https://pxweb.nso.gov.vn/pxweb/en/E%2002.%20Population%20and%20Employment/E%2002.%20Population%20and%20Employment__Px_E_02/E02.51.px/?rxid=64f85071-1d5d-485d-af79-183b1e467db6,sources/employment/E0251.csv,0380eccc4c47cef0572abc356af843cd1024c77ddade7354108ddf230e06695c,%,source_reported_unharmonized,63,
E0255,employment,Percentage of trained labour force aged 15 years and over by province,"Percentage of trained labour force aged 15 years and over by province by Cities, provincies and Year",Percentage of trained labour force at 15 years of age and above by province(*),https://www.nso.gov.vn/en/px-web?pxid=E0255&theme=Population%20and%20Employment,https://pxweb.nso.gov.vn/pxweb/en/E%2002.%20Population%20and%20Employment/E%2002.%20Population%20and%20Employment__Px_E_02/E02.55.px/?rxid=64f85071-1d5d-485d-af79-183b1e467db6,sources/employment/E0255.csv,61e8b75087a97eb5702f9f1900f53ca9fe311d43024a7d954014daaa19a23e5d,%,source_reported_unharmonized,63,catalogue_title_differs
E0258,employment,Labour productivity by province,"Labour productivity by province by Cities, provincies and Year",Labour productivity by province,https://www.nso.gov.vn/en/px-web?pxid=E0258&theme=Population%20and%20Employment,https://pxweb.nso.gov.vn/pxweb/en/E%2002.%20Population%20and%20Employment/E%2002.%20Population%20and%20Employment__Px_E_02/E02.58.px/?rxid=64f85071-1d5d-485d-af79-183b1e467db6,sources/employment/E0258.csv,4c4e772efce8c47ce8f6b1ceb9a31c6bad40aaa0f93481907d3cb8c97886ee8f,Mill. dongs/employed,source_reported_unharmonized,63,
E0263,employment,Unemployment rate of labour force at working age by province,"Unemployment rate of labour force at working age by province by Cities, provincies and Year",Unemployment rate of labour force at working age by province,https://www.nso.gov.vn/en/px-web?pxid=E0263&theme=Population%20and%20Employment,https://pxweb.nso.gov.vn/pxweb/en/E%2002.%20Population%20and%20Employment/E%2002.%20Population%20and%20Employment__Px_E_02/E02.63.px/?rxid=64f85071-1d5d-485d-af79-183b1e467db6,sources/employment/E0263.csv,e16875fe0ed5851c57410a780d859fea90a807d726ba9588cc46d5c1909518f7,%,source_reported_unharmonized,63,
E0270,employment,Underemployment rate of labour force at working age by province,"Underemployment rate of labour force at working age by province by Cities, provincies and Year",Underemployment rate of labour force at working age by province,https://www.nso.gov.vn/en/px-web?pxid=E0270&theme=Population%20and%20Employment,https://pxweb.nso.gov.vn/pxweb/en/E%2002.%20Population%20and%20Employment/E%2002.%20Population%20and%20Employment__Px_E_02/E02.70.px/?rxid=64f85071-1d5d-485d-af79-183b1e467db6,sources/employment/E0270.csv,25b1547f33d543ae63a38dc8f9f092757b6ee4fed005d519b5e494e982c5e63a,%,source_reported_unharmonized,63,
E0310,national_account,Index of gross regional domestic product at constant 2010 prices by province (Previous year = 100),"Index of gross regional domestic product at constant 2010 prices by province (Previous year = 100) by Cities, provincies and Year",Index of gross regional domestic product at constant 2010 prices by province (Previous year = 100),https://www.nso.gov.vn/en/px-web?pxid=E0310&theme=National%20Accounts%20and%20State%20budget,https://pxweb.nso.gov.vn/pxweb/en/E%2003.%20National%20Accounts%20and%20State%20budget/E%2003.%20National%20Accounts%20and%20State%20budget__Px_E_03/E03.10.px/?rxid=64f85071-1d5d-485d-af79-183b1e467db6,sources/national_account/E0310.csv,51e4bf9279a1192ca6d236af24f3614644d7eedb5292be64206be604f1c78e15,%,source_reported_unharmonized,63,
E0312,national_account,Gross regional domestic product per capita by province,"Gross regional domestic product per capita by province by Cities, provincies and Year",Gross regional domestic product per capita by province,https://www.nso.gov.vn/en/px-web?pxid=E0312&theme=National%20Accounts%20and%20State%20budget,https://pxweb.nso.gov.vn/pxweb/en/E%2003.%20National%20Accounts%20and%20State%20budget/E%2003.%20National%20Accounts%20and%20State%20budget__Px_E_03/E03.12.px/?rxid=64f85071-1d5d-485d-af79-183b1e467db6,sources/national_account/E0312.csv,07f0bf2a6049f45b0822a362974a985e7ba6ce6934bff903871379ebee8bf461,Mill. dongs,source_reported_unharmonized,63,
E0323,banking_insurance_budget,Proportion of population covered by social insurance by province,"Proportion of population covered by social insurance by province by Cities, provincies and Year",Percentage of health insurance by province,https://www.nso.gov.vn/en/px-web?pxid=E0323&theme=National%20Accounts%20and%20State%20budget,https://pxweb.nso.gov.vn/pxweb/en/E%2003.%20National%20Accounts%20and%20State%20budget/E%2003.%20National%20Accounts%20and%20State%20budget__Px_E_03/E03.23.px/?rxid=64f85071-1d5d-485d-af79-183b1e467db6,sources/banking_insurance_budget/E0323.csv,2fbe0e9da08db6da5b8e94b9782ad8351144a2d43566b11253b70034321c39f8,%,source_reported_unharmonized,63,catalogue_title_differs
E0324,banking_insurance_budget,Proportion of population covered by health insurance by province,"Proportion of population covered by health insurance by province by Cities, provincies and Year",Percentage of unemployment insurance by province,https://www.nso.gov.vn/en/px-web?pxid=E0324&theme=National%20Accounts%20and%20State%20budget,https://pxweb.nso.gov.vn/pxweb/en/E%2003.%20National%20Accounts%20and%20State%20budget/E%2003.%20National%20Accounts%20and%20State%20budget__Px_E_03/E03.24.px/?rxid=64f85071-1d5d-485d-af79-183b1e467db6,sources/banking_insurance_budget/E0324.csv,c5fe5cd026505f06706ba849be946ea215989d6b90fd3108376537df52a7d377,%,source_reported_unharmonized,63,catalogue_title_differs
E0325,banking_insurance_budget,Proportion of population covered by unemployment insurance by province,"Proportion of population covered by unemployment insurance by province by Cities, provincies and Year",Stock activity,https://www.nso.gov.vn/en/px-web?pxid=E0325&theme=National%20Accounts%20and%20State%20budget,https://pxweb.nso.gov.vn/pxweb/en/E%2003.%20National%20Accounts%20and%20State%20budget/E%2003.%20National%20Accounts%20and%20State%20budget__Px_E_03/E03.25.px/?rxid=64f85071-1d5d-485d-af79-183b1e467db6,sources/banking_insurance_budget/E0325.csv,f9edafcee00412b2963bff5a06a424f2bebf8dacc2ba99b16cd655a579801d1b,%,source_reported_unharmonized,63,catalogue_title_differs
E1303,education,"Number of schools, classes, teachers and children of kindergarten as of 30 September by province(*) by Cities, provincies, Year and Items","Number of schools, classes, teachers and children of kindergarten as of 30 September by province(*) by Cities, provincies, Year and Items","Number of schools, classes, teachers and children of kindergarten as of 30 September by province(*)",https://www.nso.gov.vn/en/px-web?pxid=E1303&theme=Education,https://pxweb.nso.gov.vn/pxweb/en/E%2013.%20Science%2Ctechnology%2C%20Education/E%2013.%20Science%2Ctechnology%2C%20Education__PX_E_13/E13.03.px/?rxid=64f85071-1d5d-485d-af79-183b1e467db6,sources/education/E1303.csv,7e584bacb286d31d812175a0933694d8d038c545f0ef824d218c32cc6799fb00,,source_reported_unharmonized,64,catalogue_title_differs
E1308,education,"Number of school of general education as of 30 September by province(*) by Cities, provincies, Year and Grade","Number of school of general education as of 30 September by province(*) by Cities, provincies, Year and Grade",Number of school of general education as of 30 September by province(*),https://www.nso.gov.vn/en/px-web?pxid=E1308&theme=Education,https://pxweb.nso.gov.vn/pxweb/en/E%2013.%20Science%2Ctechnology%2C%20Education/E%2013.%20Science%2Ctechnology%2C%20Education__PX_E_13/E13.08.px/?rxid=64f85071-1d5d-485d-af79-183b1e467db6,sources/education/E1308.csv,07ab1f6016d8461102edc251a09f18e9b479c228f3f5285627eccbffdb234f7e,School,source_reported_unharmonized,64,catalogue_title_differs
E1309,education,"Number of classes of general education as of 30 September by province(*) by Cities, provincies, Year and Grade","Number of classes of general education as of 30 September by province(*) by Cities, provincies, Year and Grade",Number of classes of general education as of 30 September by province(*),https://www.nso.gov.vn/en/px-web?pxid=E1309&theme=Education,https://pxweb.nso.gov.vn/pxweb/en/E%2013.%20Science%2Ctechnology%2C%20Education/E%2013.%20Science%2Ctechnology%2C%20Education__PX_E_13/E13.09.px/?rxid=64f85071-1d5d-485d-af79-183b1e467db6,sources/education/E1309.csv,249d47dc89e78bd9b20b694f5685f952b50384dc51ce60a65d27a532b4c6ac7e,Class,source_reported_unharmonized,64,catalogue_title_differs
E1311,education,"Number of direct teaching teachers of general education as of 30 September by province(*) by Cities, provincies, Year and Grade","Number of direct teaching teachers of general education as of 30 September by province(*) by Cities, provincies, Year and Grade",Number of direct teaching teachers of general education as of 30 September by province(*),https://www.nso.gov.vn/en/px-web?pxid=E1311&theme=Education,https://pxweb.nso.gov.vn/pxweb/en/E%2013.%20Science%2Ctechnology%2C%20Education/E%2013.%20Science%2Ctechnology%2C%20Education__PX_E_13/E13.11.px/?rxid=64f85071-1d5d-485d-af79-183b1e467db6,sources/education/E1311.csv,c8a7ccbc2efa8656394821a98ef2c1381820ef6ddd342cf1e67c7dd539850853,Person,source_reported_unharmonized,64,catalogue_title_differs
E1312,education,"Number of direct teaching woman teachers of general education as of 30 September by province(*) by Cities, provincies, Year and Grade","Number of direct teaching woman teachers of general education as of 30 September by province(*) by Cities, provincies, Year and Grade",Number of direct teaching woman teachers of general education as of 30 September by province(*),https://www.nso.gov.vn/en/px-web?pxid=E1312&theme=Education,https://pxweb.nso.gov.vn/pxweb/en/E%2013.%20Science%2Ctechnology%2C%20Education/E%2013.%20Science%2Ctechnology%2C%20Education__PX_E_13/E13.12.px/?rxid=64f85071-1d5d-485d-af79-183b1e467db6,sources/education/E1312.csv,7f741c80b9d42f5fd92ee084b1d5942c28df92a6a73a1ff4be92551f836000ad,Person,source_reported_unharmonized,64,catalogue_title_differs
E1313,education,"Number of ethnic minority direct teaching teachers of general education as of 30 September by some provinces(*) by Province, city, Year and Items","Number of ethnic minority direct teaching teachers of general education as of 30 September by some provinces(*) by Province, city, Year and Items",Number of ethnic minority direct teaching teachers of general education as of 30 September by some provinces(*),https://www.nso.gov.vn/en/px-web?pxid=E1313&theme=Education,https://pxweb.nso.gov.vn/pxweb/en/E%2013.%20Science%2Ctechnology%2C%20Education/E%2013.%20Science%2Ctechnology%2C%20Education__PX_E_13/E13.13.px/?rxid=64f85071-1d5d-485d-af79-183b1e467db6,sources/education/E1313.csv,1cd5d08f4958b5e6182dc4ab7ce763cfcb50ba134f83984d68a640ab7c26641f,Person,source_reported_unharmonized,46,catalogue_title_differs
E1314,education,"Number of pupils of general education as of 30 September by province(*) by Cities, provincies, Years and Items","Number of pupils of general education as of 30 September by province(*) by Cities, provincies, Years and Items",Number of pupils of general education as of 30 September by province(*),https://www.nso.gov.vn/en/px-web?pxid=E1314&theme=Education,https://pxweb.nso.gov.vn/pxweb/en/E%2013.%20Science%2Ctechnology%2C%20Education/E%2013.%20Science%2Ctechnology%2C%20Education__PX_E_13/E13.14.px/?rxid=64f85071-1d5d-485d-af79-183b1e467db6,sources/education/E1314.csv,faec5106824603df634b00f11a6bee6bc47620c66d6a35330a1ea6988ea7209e,Person,source_reported_unharmonized,64,catalogue_title_differs
E1315,education,"Number of schoolgirls of general education as of 30 September by province(*) by Cities, provincies, Year and Items","Number of schoolgirls of general education as of 30 September by province(*) by Cities, provincies, Year and Items",Number of schoolgirls of general education as of 30 September by province(*),https://www.nso.gov.vn/en/px-web?pxid=E1315&theme=Education,https://pxweb.nso.gov.vn/pxweb/en/E%2013.%20Science%2Ctechnology%2C%20Education/E%2013.%20Science%2Ctechnology%2C%20Education__PX_E_13/E13.15.px/?rxid=64f85071-1d5d-485d-af79-183b1e467db6,sources/education/E1315.csv,c8bfc3d1d31f0d64920162eb312c947716e0f46501fec5ab4fbefe5586eef7d0,Person,source_reported_unharmonized,64,catalogue_title_differs
E1316,education,"Number of ethnic minority pupils of general education as of 30 September by some provinces(*) by Cities, provincies, Years and Items","Number of ethnic minority pupils of general education as of 30 September by some provinces(*) by Cities, provincies, Years and Items",Number of ethnic minority pupils of general education as of 30 September by some provinces(*),https://www.nso.gov.vn/en/px-web?pxid=E1316&theme=Education,https://pxweb.nso.gov.vn/pxweb/en/E%2013.%20Science%2Ctechnology%2C%20Education/E%2013.%20Science%2Ctechnology%2C%20Education__PX_E_13/E13.16.px/?rxid=64f85071-1d5d-485d-af79-183b1e467db6,sources/education/E1316.csv,afe2930f39e585527c58b2b4996d1766fdefcf853d74104490c941737d603fe3,Person,source_reported_unharmonized,64,catalogue_title_differs
E1319,education,"Average number of pupils per class of general education as of 30 September by province by Cities, provincies, Years and Items","Average number of pupils per class of general education as of 30 September by province by Cities, provincies, Years and Items",Average number of pupils per class of general education as of 30 September by province,https://www.nso.gov.vn/en/px-web?pxid=E1319&theme=Education,https://pxweb.nso.gov.vn/pxweb/en/E%2013.%20Science%2Ctechnology%2C%20Education/E%2013.%20Science%2Ctechnology%2C%20Education__PX_E_13/E13.19.px/?rxid=64f85071-1d5d-485d-af79-183b1e467db6,sources/education/E1319.csv,4a4e9c3149f80d0c5a95fe65e7099d2b56cdbbeea232ab94100fed4ffdeac152,Person,source_reported_unharmonized,63,catalogue_title_differs
E1320,education,"Average number of pupils per teacher of general education as of 30 September by province by Cities, provincies, Years and Items","Average number of pupils per teacher of general education as of 30 September by province by Cities, provincies, Years and Items",Average number of pupils per teacher of general education as of 30 September by province,https://www.nso.gov.vn/en/px-web?pxid=E1320&theme=Education,https://pxweb.nso.gov.vn/pxweb/en/E%2013.%20Science%2Ctechnology%2C%20Education/E%2013.%20Science%2Ctechnology%2C%20Education__PX_E_13/E13.20.px/?rxid=64f85071-1d5d-485d-af79-183b1e467db6,sources/education/E1320.csv,3fbf7e362a9d87370ce357cee57aa7529f1812e2a79a714cf27af2e62a0c6e97,Person,source_reported_unharmonized,63,catalogue_title_differs
E1322,education,Average number of pupils per teacher of general education as of 30 September by province,"Average number of pupils per teacher of general education as of 30 September by province by Cities, provincies and Years",Average number of pupils per teacher of general education as of 30 September by province,https://www.nso.gov.vn/en/px-web?pxid=E1322&theme=Education,https://pxweb.nso.gov.vn/pxweb/en/E%2013.%20Science%2Ctechnology%2C%20Education/E%2013.%20Science%2Ctechnology%2C%20Education__PX_E_13/E13.22.px/?rxid=64f85071-1d5d-485d-af79-183b1e467db6,sources/education/E1322.csv,b0dc9b6c88c277093c2aac8f07decaefde4aa6f925ceb107eb920b05b704457a,Person,source_reported_unharmonized,63,source_definition_needs_review
E1323,education,Percentage of graduates compared with total candidates upper secondary(*),"Percentage of graduates compared with total candidates upper secondary(*) by Cities, provincies and Years",Percentage of graduates compared with total candidates upper secondary(*),https://www.nso.gov.vn/en/px-web?pxid=E1323&theme=Education,https://pxweb.nso.gov.vn/pxweb/en/E%2013.%20Science%2Ctechnology%2C%20Education/E%2013.%20Science%2Ctechnology%2C%20Education__PX_E_13/E13.23.px/?rxid=64f85071-1d5d-485d-af79-183b1e467db6,sources/education/E1323.csv,5961371146eb04735646b9c8959633e6b658f28fbd5e4ae2e30adf1c85397535,%,source_reported_unharmonized,64,
E1326,education,Number of teachers in universities by province,"Number of teachers in universities by province by Cities, provincies and Years",Number of teachers in universities by province,https://www.nso.gov.vn/en/px-web?pxid=E1326&theme=Education,https://pxweb.nso.gov.vn/pxweb/en/E%2013.%20Science%2Ctechnology%2C%20Education/E%2013.%20Science%2Ctechnology%2C%20Education__PX_E_13/E13.26.px/?rxid=64f85071-1d5d-485d-af79-183b1e467db6,sources/education/E1326.csv,9dd593f36e359a27423de86bcfbe9a21eaee6d027d62b5b50e45b5493f177a3c,Person,source_reported_unharmonized,51,
E1327,education,Number of student in universities by province,"Number of student in universities by province by Cities, provincies and Years",Number of student in universities by province,https://www.nso.gov.vn/en/px-web?pxid=E1327&theme=Education,https://pxweb.nso.gov.vn/pxweb/en/E%2013.%20Science%2Ctechnology%2C%20Education/E%2013.%20Science%2Ctechnology%2C%20Education__PX_E_13/E13.27.px/?rxid=64f85071-1d5d-485d-af79-183b1e467db6,sources/education/E1327.csv,492bbd144ecd7affb85015ab78fb4891d681fff92f764263bb053cac0939e921,Person,source_reported_unharmonized,51,
E1331,education,"Number of teachers, pupils and students of vocational education in 2023 by province","Number of teachers, pupils and students of vocational education in 2023 by province by Cities, provincies and Number of teachers, pupils and students","Number of teachers, pupils and students of vocational education in 2023 by province",https://www.nso.gov.vn/en/px-web?pxid=E1331&theme=Education,https://pxweb.nso.gov.vn/pxweb/en/E%2013.%20Science%2Ctechnology%2C%20Education/E%2013.%20Science%2Ctechnology%2C%20Education__PX_E_13/E13.31.px/?rxid=64f85071-1d5d-485d-af79-183b1e467db6,sources/education/E1331.csv,df0404bffba8f44c67a673f9ef80f6d4cd2aaa4197a5629d6b45ea3d96917947,Person,source_reported_unharmonized,63,
E1405,health_culture_environment,"Number of health establishments under provincial departments of health by province(*) by Cities, provincies, Year and Health establishments","Number of health establishments under provincial departments of health by province(*) by Cities, provincies, Year and Health establishments",Number of health establishments under provincial departments of health by province(*),https://www.nso.gov.vn/en/px-web?pxid=E1405&theme=Health%2C%20Culture%2C%20Sport%20and%20Living%20standard,https://pxweb.nso.gov.vn/pxweb/en/E%2014.%20Health%2C%20Culture%2C%20Sport%20and%20Living%20standard/E%2014.%20Health%2C%20Culture%2C%20Sport%20and%20Living%20standard__Px_E_14/E14.05.px/?rxid=64f85071-1d5d-485d-af79-183b1e467db6,sources/health_culture_environment/E1405.csv,bf51d36df6186fa77d77e7f1941b1c4195c58869de06876ed2bbfed99264e4e0,Establishment,source_reported_unharmonized,64,catalogue_title_differs
E1409,health_culture_environment,"Number of patient beds  by province(*) by Cities, Provinces, Year and Items","Number of patient beds  by province(*) by Cities, Provinces, Year and Items",Number of patient beds by province(*),https://www.nso.gov.vn/en/px-web?pxid=E1409&theme=Health%2C%20Culture%2C%20Sport%20and%20Living%20standard,https://pxweb.nso.gov.vn/pxweb/en/E%2014.%20Health%2C%20Culture%2C%20Sport%20and%20Living%20standard/E%2014.%20Health%2C%20Culture%2C%20Sport%20and%20Living%20standard__Px_E_14/E14.09.px/?rxid=64f85071-1d5d-485d-af79-183b1e467db6,sources/health_culture_environment/E1409.csv,c4a60b45384968893fe0a678f8e4d55a3b27d6dae4ccd04b7e1b2dbfee0d89ac,Bed,source_reported_unharmonized,63,catalogue_title_differs
E1410,health_culture_environment,"Number of patient beds under provincial departments of health by province (*) by Cities, provincies, Year and Health establishments","Number of patient beds under provincial departments of health by province (*) by Cities, provincies, Year and Health establishments",Number of patient beds under provincial departments of health by province (*),https://www.nso.gov.vn/en/px-web?pxid=E1410&theme=Health%2C%20Culture%2C%20Sport%20and%20Living%20standard,https://pxweb.nso.gov.vn/pxweb/en/E%2014.%20Health%2C%20Culture%2C%20Sport%20and%20Living%20standard/E%2014.%20Health%2C%20Culture%2C%20Sport%20and%20Living%20standard__Px_E_14/E14.10.px/?rxid=64f85071-1d5d-485d-af79-183b1e467db6,sources/health_culture_environment/E1410.csv,6369109c5027eaf2dc6c4d693ceda3d81000af90b9940bc45681420f76736ffe,Bed,source_reported_unharmonized,64,catalogue_title_differs
E1413,health_culture_environment,"Number of medical staff under provincial departments of health by province(*) by Cities, provincies, Year and Medical staff","Number of medical staff under provincial departments of health by province(*) by Cities, provincies, Year and Medical staff",Number of medical staff under provincial departments of health by province(*),https://www.nso.gov.vn/en/px-web?pxid=E1413&theme=Health%2C%20Culture%2C%20Sport%20and%20Living%20standard,https://pxweb.nso.gov.vn/pxweb/en/E%2014.%20Health%2C%20Culture%2C%20Sport%20and%20Living%20standard/E%2014.%20Health%2C%20Culture%2C%20Sport%20and%20Living%20standard__Px_E_14/E14.13.px/?rxid=64f85071-1d5d-485d-af79-183b1e467db6,sources/health_culture_environment/E1413.csv,ebee71368a6af7bfcf5ad2da50b49bedb9ba0a7c4f275e596882b0b6e63e6b07,Person,source_reported_unharmonized,64,catalogue_title_differs
E1414,health_culture_environment,Number of doctors by province (*),"Number of doctors by province (*) by Cities, Provinces and Year",Number of doctors by province (*),https://www.nso.gov.vn/en/px-web?pxid=E1414&theme=Health%2C%20Culture%2C%20Sport%20and%20Living%20standard,https://pxweb.nso.gov.vn/pxweb/en/E%2014.%20Health%2C%20Culture%2C%20Sport%20and%20Living%20standard/E%2014.%20Health%2C%20Culture%2C%20Sport%20and%20Living%20standard__Px_E_14/E14.14.px/?rxid=64f85071-1d5d-485d-af79-183b1e467db6,sources/health_culture_environment/E1414.csv,557f86a7ab171ff95f3077be6a27a8331c474b54fab42bb531d53796eb08f47b,Person,source_reported_unharmonized,63,
E1415,health_culture_environment,"Number of pharmaceutical staffs under provincial departments of health by province(*) by Cities, provincies, Year and Pharmaceutical staffs","Number of pharmaceutical staffs under provincial departments of health by province(*) by Cities, provincies, Year and Pharmaceutical staffs",Number of pharmaceutical staffs under provincial departments of health by province(*),https://www.nso.gov.vn/en/px-web?pxid=E1415&theme=Health%2C%20Culture%2C%20Sport%20and%20Living%20standard,https://pxweb.nso.gov.vn/pxweb/en/E%2014.%20Health%2C%20Culture%2C%20Sport%20and%20Living%20standard/E%2014.%20Health%2C%20Culture%2C%20Sport%20and%20Living%20standard__Px_E_14/E14.15.px/?rxid=64f85071-1d5d-485d-af79-183b1e467db6,sources/health_culture_environment/E1415.csv,3380a5b72ec4a86c76b4d303e22010ca7ae4b0c88ea10576d0928e8a5a334506,Person,source_reported_unharmonized,64,catalogue_title_differs
E1416,health_culture_environment,Percentage of children under 1 year old immunized fully caccinations by province,"Percentage of children under 1 year old immunized fully caccinations by province by Cities, provincies and Year",Percentage of children under 1 year old immunized fully caccinations by province,https://www.nso.gov.vn/en/px-web?pxid=E1416&theme=Health%2C%20Culture%2C%20Sport%20and%20Living%20standard,https://pxweb.nso.gov.vn/pxweb/en/E%2014.%20Health%2C%20Culture%2C%20Sport%20and%20Living%20standard/E%2014.%20Health%2C%20Culture%2C%20Sport%20and%20Living%20standard__Px_E_14/E14.16.px/?rxid=64f85071-1d5d-485d-af79-183b1e467db6,sources/health_culture_environment/E1416.csv,97fa96c76e64372559aced2b2f58379b997379acb10c443a982185258177ec66,%,source_reported_unharmonized,63,
E1418,health_culture_environment,"Under-five-malnutrition rate by province by Cities, Provinces, Year and Items","Under-five-malnutrition rate by province by Cities, Provinces, Year and Items",Under-five-malnutrition rate by province,https://www.nso.gov.vn/en/px-web?pxid=E1418&theme=Health%2C%20Culture%2C%20Sport%20and%20Living%20standard,https://pxweb.nso.gov.vn/pxweb/en/E%2014.%20Health%2C%20Culture%2C%20Sport%20and%20Living%20standard/E%2014.%20Health%2C%20Culture%2C%20Sport%20and%20Living%20standard__Px_E_14/E14.18.px/?rxid=64f85071-1d5d-485d-af79-183b1e467db6,sources/health_culture_environment/E1418.csv,3cff89490ef3b050fe89297d1caf6fc0c227271e19d5ae3b1b1d4ca40a8afc7c,%,source_reported_unharmonized,63,catalogue_title_differs
E1419,health_culture_environment,"Number of people infected with HIV/AIDS and number of AIDS deaths by province(*) by Cities, provincies, Year and Items","Number of people infected with HIV/AIDS and number of AIDS deaths by province(*) by Cities, provincies, Year and Items",Number of people infected with HIV/AIDS and number of AIDS deaths by province(*),https://www.nso.gov.vn/en/px-web?pxid=E1419&theme=Health%2C%20Culture%2C%20Sport%20and%20Living%20standard,https://pxweb.nso.gov.vn/pxweb/en/E%2014.%20Health%2C%20Culture%2C%20Sport%20and%20Living%20standard/E%2014.%20Health%2C%20Culture%2C%20Sport%20and%20Living%20standard__Px_E_14/E14.19.px/?rxid=64f85071-1d5d-485d-af79-183b1e467db6,sources/health_culture_environment/E1419.csv,f9a8a61fc1ec33c7b5abccb9cd0554f981ec032865fd3a332cbe5db44e496ac3,Person,source_reported_unharmonized,63,catalogue_title_differs
E1421,health_culture_environment,"Number of libraries under local management by province(*) by Cities, provincies, Year and Items","Number of libraries under local management by province(*) by Cities, provincies, Year and Items",Number of libraries under local management by province(*),https://www.nso.gov.vn/en/px-web?pxid=E1421&theme=Health%2C%20Culture%2C%20Sport%20and%20Living%20standard,https://pxweb.nso.gov.vn/pxweb/en/E%2014.%20Health%2C%20Culture%2C%20Sport%20and%20Living%20standard/E%2014.%20Health%2C%20Culture%2C%20Sport%20and%20Living%20standard__Px_E_14/E14.21.px/?rxid=64f85071-1d5d-485d-af79-183b1e467db6,sources/health_culture_environment/E1421.csv,c457fc8b33c19e7331b8c70b43593d3335369cf10a6f2e65b93c9ae194b5c549,,source_reported_unharmonized,64,catalogue_title_differs
E1422,health_culture_environment,Number of editorial offices by province,"Number of editorial offices by province by Cities, provincies and Year",Number of editorial offices by province,https://www.nso.gov.vn/en/px-web?pxid=E1422&theme=Health%2C%20Culture%2C%20Sport%20and%20Living%20standard,https://pxweb.nso.gov.vn/pxweb/en/E%2014.%20Health%2C%20Culture%2C%20Sport%20and%20Living%20standard/E%2014.%20Health%2C%20Culture%2C%20Sport%20and%20Living%20standard__Px_E_14/E14.22.px/?rxid=64f85071-1d5d-485d-af79-183b1e467db6,sources/health_culture_environment/E1422.csv,2a08638fc8e620d3f1468a78221bf562fb1bed551cd1a0a26385b33a5e1bb216,Establishment,source_reported_unharmonized,63,
E1425,health_culture_environment,Number of national heritages by province,Number of national heritages by province by Items and Nam,Number of national heritages by province,https://www.nso.gov.vn/en/px-web?pxid=E1425&theme=Health%2C%20Culture%2C%20Sport%20and%20Living%20standard,https://pxweb.nso.gov.vn/pxweb/en/E%2014.%20Health%2C%20Culture%2C%20Sport%20and%20Living%20standard/E%2014.%20Health%2C%20Culture%2C%20Sport%20and%20Living%20standard__Px_E_14/E14.25.px/?rxid=64f85071-1d5d-485d-af79-183b1e467db6,sources/health_culture_environment/E1425.csv,3338475dc53693a72b690ea2ab3733e7bf853a933ac20b2713ff7155fb1d6f35,Heritage,source_reported_unharmonized,63,
E1428,health_culture_environment,"Monthly average income per capita at current prices by income source and by province by Cities, provincies, Year and Income source","Monthly average income per capita at current prices by income source and by province by Cities, provincies, Year and Income source",Monthly average income per capita at current prices by income source and by province,https://www.nso.gov.vn/en/px-web?pxid=E1428&theme=Health%2C%20Culture%2C%20Sport%20and%20Living%20standard,https://pxweb.nso.gov.vn/pxweb/en/E%2014.%20Health%2C%20Culture%2C%20Sport%20and%20Living%20standard/E%2014.%20Health%2C%20Culture%2C%20Sport%20and%20Living%20standard__Px_E_14/E14.28.px/?rxid=64f85071-1d5d-485d-af79-183b1e467db6,sources/health_culture_environment/E1428.csv,2aa238c47d3a8916c410e9767ef5b66e58b63e603107fa32ec68bab34ebc8db7,Thous. dongs,source_reported_unharmonized,63,catalogue_title_differs
E1430,health_culture_environment,"Monthly average income per capita at current prices by income quintile and by province by Cities, provincies, Year and Income quintile","Monthly average income per capita at current prices by income quintile and by province by Cities, provincies, Year and Income quintile",Monthly average income per capita at current prices by income quintile and by province,https://www.nso.gov.vn/en/px-web?pxid=E1430&theme=Health%2C%20Culture%2C%20Sport%20and%20Living%20standard,https://pxweb.nso.gov.vn/pxweb/en/E%2014.%20Health%2C%20Culture%2C%20Sport%20and%20Living%20standard/E%2014.%20Health%2C%20Culture%2C%20Sport%20and%20Living%20standard__Px_E_14/E14.30.px/?rxid=64f85071-1d5d-485d-af79-183b1e467db6,sources/health_culture_environment/E1430.csv,406f331fadb476d205e8d9f5ca567fa58eae09a7853a44cf0f338e86fc539b80,Thous. dongs,source_reported_unharmonized,63,catalogue_title_differs
E1432,health_culture_environment,"Difference between the highest income quintile and the lowest income quintile on monthly average income per capita at current prices by province by Cities, provincies, Year and Difference","Difference between the highest income quintile and the lowest income quintile on monthly average income per capita at current prices by province by Cities, provincies, Year and Difference",Difference between the highest income quintile and the lowest income quintile on monthly average income per capita at current prices by province,https://www.nso.gov.vn/en/px-web?pxid=E1432&theme=Health%2C%20Culture%2C%20Sport%20and%20Living%20standard,https://pxweb.nso.gov.vn/pxweb/en/E%2014.%20Health%2C%20Culture%2C%20Sport%20and%20Living%20standard/E%2014.%20Health%2C%20Culture%2C%20Sport%20and%20Living%20standard__Px_E_14/E14.32.px/?rxid=64f85071-1d5d-485d-af79-183b1e467db6,sources/health_culture_environment/E1432.csv,54e94a79ae7b18246129d7136463022c63a36a94255add331b2fd6a8958af8da,,source_reported_unharmonized,63,catalogue_title_differs
E1436,health_culture_environment,Monthly average income per employee worker by province,"Monthly average income per employee worker by province by Cities, provincies and Year",Monthly average income per employee by province,https://www.nso.gov.vn/en/px-web?pxid=E1436&theme=Health%2C%20Culture%2C%20Sport%20and%20Living%20standard,https://pxweb.nso.gov.vn/pxweb/en/E%2014.%20Health%2C%20Culture%2C%20Sport%20and%20Living%20standard/E%2014.%20Health%2C%20Culture%2C%20Sport%20and%20Living%20standard__Px_E_14/E14.36.px/?rxid=64f85071-1d5d-485d-af79-183b1e467db6,sources/health_culture_environment/E1436.csv,69507b604e9a6f7b3c690c67c690f6bb246f4d5436c42df722b4bc56d69a9a04,Thous. dongs,source_reported_unharmonized,63,catalogue_title_differs
E1437,health_culture_environment,Human Development Index by province,"Human Development Index by province by Cities, provincies and Year",Human Development Index by province(*),https://www.nso.gov.vn/en/px-web?pxid=E1437&theme=Health%2C%20Culture%2C%20Sport%20and%20Living%20standard,https://pxweb.nso.gov.vn/pxweb/en/E%2014.%20Health%2C%20Culture%2C%20Sport%20and%20Living%20standard/E%2014.%20Health%2C%20Culture%2C%20Sport%20and%20Living%20standard__Px_E_14/E14.37.px/?rxid=64f85071-1d5d-485d-af79-183b1e467db6,sources/health_culture_environment/E1437.csv,55f75e6487503cd6bbe7e14ab350b3fd61d5c77c41e4c782e1f8f44744dd0b29,,source_reported_unharmonized,63,
E1439,health_culture_environment,GINI coefficient by province,"GINI coefficient by province by Cities, provincies and Year",Index of income inequality distribution (GINI index) by province,https://www.nso.gov.vn/en/px-web?pxid=E1439&theme=Health%2C%20Culture%2C%20Sport%20and%20Living%20standard,https://pxweb.nso.gov.vn/pxweb/en/E%2014.%20Health%2C%20Culture%2C%20Sport%20and%20Living%20standard/E%2014.%20Health%2C%20Culture%2C%20Sport%20and%20Living%20standard__Px_E_14/E14.39.px/?rxid=64f85071-1d5d-485d-af79-183b1e467db6,sources/health_culture_environment/E1439.csv,af301d6662714bb0ecfcf0299c63446d6b7ae3691874bd0a6cf5d6d64c4e7c4c,,source_reported_unharmonized,63,catalogue_title_differs
E1447,health_culture_environment,Poverty rate by province,"Poverty rate by province by Cities, provincies and Year",Poverty rate by province,https://www.nso.gov.vn/en/px-web?pxid=E1447&theme=Health%2C%20Culture%2C%20Sport%20and%20Living%20standard,https://pxweb.nso.gov.vn/pxweb/en/E%2014.%20Health%2C%20Culture%2C%20Sport%20and%20Living%20standard/E%2014.%20Health%2C%20Culture%2C%20Sport%20and%20Living%20standard__Px_E_14/E14.47.px/?rxid=64f85071-1d5d-485d-af79-183b1e467db6,sources/health_culture_environment/E1447.csv,14e46b29247bddf486cadbccb2900884ced1a8e12c48dfbdf02c03b0a82be42b,%,source_reported_unharmonized,64,
E1448,health_culture_environment,Poverty rate according to Multi-dimensional poverty rate(*) by province,"Poverty rate according to Multi-dimensional poverty rate(*) by province by Cities, provincies and Year",Poverty rate according to Multi-dimensional poverty rate(*) by province,https://www.nso.gov.vn/en/px-web?pxid=E1448&theme=Health%2C%20Culture%2C%20Sport%20and%20Living%20standard,https://pxweb.nso.gov.vn/pxweb/en/E%2014.%20Health%2C%20Culture%2C%20Sport%20and%20Living%20standard/E%2014.%20Health%2C%20Culture%2C%20Sport%20and%20Living%20standard__Px_E_14/E14.48.px/?rxid=64f85071-1d5d-485d-af79-183b1e467db6,sources/health_culture_environment/E1448.csv,486a3aee73f3cd233fed2b1306bca90b4b834654be1fd62ba3689e76e7e8f139,%,source_reported_unharmonized,63,
E1453,health_culture_environment,Percentage of population using hygienic water source by province(*),"Percentage of population using hygienic water source by province(*) by Cities, provincies and Year",Percentage of population using hygienic water source by province(*),https://www.nso.gov.vn/en/px-web?pxid=E1453&theme=Health%2C%20Culture%2C%20Sport%20and%20Living%20standard,https://pxweb.nso.gov.vn/pxweb/en/E%2014.%20Health%2C%20Culture%2C%20Sport%20and%20Living%20standard/E%2014.%20Health%2C%20Culture%2C%20Sport%20and%20Living%20standard__Px_E_14/E14.53.px/?rxid=64f85071-1d5d-485d-af79-183b1e467db6,sources/health_culture_environment/E1453.csv,c9902f368f3611fbc0ed15c882538aa7ed0ca31bbe86ae074b52f837920fdbce,%,source_reported_unharmonized,63,
E1454,health_culture_environment,Percentage of urban population provided with clean water by centralized water supply system by province(*),"Percentage of urban population provided with clean water by centralized water supply system by province(*) by Cities, provincies and Year",Percentage of urban population provided with clean water by centralized water supply system by province(*),https://www.nso.gov.vn/en/px-web?pxid=E1454&theme=Health%2C%20Culture%2C%20Sport%20and%20Living%20standard,https://pxweb.nso.gov.vn/pxweb/en/E%2014.%20Health%2C%20Culture%2C%20Sport%20and%20Living%20standard/E%2014.%20Health%2C%20Culture%2C%20Sport%20and%20Living%20standard__Px_E_14/E14.54.px/?rxid=64f85071-1d5d-485d-af79-183b1e467db6,sources/health_culture_environment/E1454.csv,814d77d1ed57089f1f7e834daf014803d728aa568cfd0b3ef5c0b086a67a9bef,%,source_reported_unharmonized,63,
E1456,health_culture_environment,Percentage of population using hygienic latrine by province,"Percentage of population using hygienic latrine by province by Cities, provincies and Year",Percentage of population using toilet by province,https://www.nso.gov.vn/en/px-web?pxid=E1456&theme=Health%2C%20Culture%2C%20Sport%20and%20Living%20standard,https://pxweb.nso.gov.vn/pxweb/en/E%2014.%20Health%2C%20Culture%2C%20Sport%20and%20Living%20standard/E%2014.%20Health%2C%20Culture%2C%20Sport%20and%20Living%20standard__Px_E_14/E14.56.px/?rxid=64f85071-1d5d-485d-af79-183b1e467db6,sources/health_culture_environment/E1456.csv,96a772ce09f4c5ee7f06e6f0726a892822217b9c11502bf07ea0e6523ec84d30,%,source_reported_unharmonized,63,catalogue_title_differs
E1458,health_culture_environment,Percentage of household using electricity by province,"Percentage of household using electricity by province by Cities, provincies and Year",Percentage of household using electricity by province,https://www.nso.gov.vn/en/px-web?pxid=E1458&theme=Health%2C%20Culture%2C%20Sport%20and%20Living%20standard,https://pxweb.nso.gov.vn/pxweb/en/E%2014.%20Health%2C%20Culture%2C%20Sport%20and%20Living%20standard/E%2014.%20Health%2C%20Culture%2C%20Sport%20and%20Living%20standard__Px_E_14/E14.58.px/?rxid=64f85071-1d5d-485d-af79-183b1e467db6,sources/health_culture_environment/E1458.csv,01d8f5238c5f4acf3eaea3a4d9cf1c2e61986bda2d766ad7f6cfc12ae3062d53,%,source_reported_unharmonized,64,
E1461,health_culture_environment,Percentage of household using electricity by province,"Percentage of household using electricity by province by Cities, provincies and Year",Percentage of household using electricity by province,https://www.nso.gov.vn/en/px-web?pxid=E1461&theme=Health%2C%20Culture%2C%20Sport%20and%20Living%20standard,https://pxweb.nso.gov.vn/pxweb/en/E%2014.%20Health%2C%20Culture%2C%20Sport%20and%20Living%20standard/E%2014.%20Health%2C%20Culture%2C%20Sport%20and%20Living%20standard__Px_E_14/E14.61.px/?rxid=64f85071-1d5d-485d-af79-183b1e467db6,sources/health_culture_environment/E1461.csv,8e4a4bacb5d74784842a64c2f9fc9cf26c36aa8aea7665874266aae33c19d270,%,source_reported_unharmonized,63,source_definition_needs_review
E1463,health_culture_environment,Percentage of mobile phone users by province,"Percentage of mobile phone users by province by Cities, provincies and Year",Percentage of people using social networks by province,https://www.nso.gov.vn/en/px-web?pxid=E1463&theme=Health%2C%20Culture%2C%20Sport%20and%20Living%20standard,https://pxweb.nso.gov.vn/pxweb/en/E%2014.%20Health%2C%20Culture%2C%20Sport%20and%20Living%20standard/E%2014.%20Health%2C%20Culture%2C%20Sport%20and%20Living%20standard__Px_E_14/E14.63.px/?rxid=64f85071-1d5d-485d-af79-183b1e467db6,sources/health_culture_environment/E1463.csv,de3cf50c00fae6201f01926df80be457fe84067ca97b224dd3fb422d93675361,%,source_reported_unharmonized,63,catalogue_title_differs
E1465,health_culture_environment,Percentage of internet users by province,"Percentage of internet users by province by Cities, provincies and Year",Percentage of people using internet by province,https://www.nso.gov.vn/en/px-web?pxid=E1465&theme=Health%2C%20Culture%2C%20Sport%20and%20Living%20standard,https://pxweb.nso.gov.vn/pxweb/en/E%2014.%20Health%2C%20Culture%2C%20Sport%20and%20Living%20standard/E%2014.%20Health%2C%20Culture%2C%20Sport%20and%20Living%20standard__Px_E_14/E14.65.px/?rxid=64f85071-1d5d-485d-af79-183b1e467db6,sources/health_culture_environment/E1465.csv,ee2914d0619e4ae0f0caa7b6fc28c609d7e835642a607b25ea52281d4b37422e,%,source_reported_unharmonized,63,catalogue_title_differs
E1467,health_culture_environment,Percentage of households with internet access by province,"Percentage of households with internet access by province by Cities, provincies and Year",Percentage of household having internet connection by province,https://www.nso.gov.vn/en/px-web?pxid=E1467&theme=Health%2C%20Culture%2C%20Sport%20and%20Living%20standard,https://pxweb.nso.gov.vn/pxweb/en/E%2014.%20Health%2C%20Culture%2C%20Sport%20and%20Living%20standard/E%2014.%20Health%2C%20Culture%2C%20Sport%20and%20Living%20standard__Px_E_14/E14.67.px/?rxid=64f85071-1d5d-485d-af79-183b1e467db6,sources/health_culture_environment/E1467.csv,b203b0ab65d7cb4e852e9d77724d12e62c3c26c2f2f7f7730b95866d21b534c2,%,source_reported_unharmonized,63,catalogue_title_differs
E1469,health_culture_environment,Percentage of people with information technology skills by province,"Percentage of people with information technology skills by province by Cities, provincies and Year",Percentage of people having information technology skill by province,https://www.nso.gov.vn/en/px-web?pxid=E1469&theme=Health%2C%20Culture%2C%20Sport%20and%20Living%20standard,https://pxweb.nso.gov.vn/pxweb/en/E%2014.%20Health%2C%20Culture%2C%20Sport%20and%20Living%20standard/E%2014.%20Health%2C%20Culture%2C%20Sport%20and%20Living%20standard__Px_E_14/E14.69.px/?rxid=64f85071-1d5d-485d-af79-183b1e467db6,sources/health_culture_environment/E1469.csv,8b7a1cbaae250e82f80dfbdf08a4bba84c47c497f3ddc595562fb54e1bbf01d8,%,source_reported_unharmonized,63,catalogue_title_differs
E1471,health_culture_environment,Percentage of people using social networks by province,"Percentage of people using social networks by province by Cities, provincies and Year",Percentage of people using social networks by province,https://www.nso.gov.vn/en/px-web?pxid=E1471&theme=Health%2C%20Culture%2C%20Sport%20and%20Living%20standard,https://pxweb.nso.gov.vn/pxweb/en/E%2014.%20Health%2C%20Culture%2C%20Sport%20and%20Living%20standard/E%2014.%20Health%2C%20Culture%2C%20Sport%20and%20Living%20standard__Px_E_14/E14.71.px/?rxid=64f85071-1d5d-485d-af79-183b1e467db6,sources/health_culture_environment/E1471.csv,33c34c9af72e1e34c1a594289cfb0e221d949be4a55e9f71843c0961d74d656a,%,source_reported_unharmonized,63,
E1473,health_culture_environment,"Percentage of households having house by type of house and by province by Cities, provincies, Year and Type of house","Percentage of households having house by type of house and by province by Cities, provincies, Year and Type of house",Percentage of households having house by type of house and by province,https://www.nso.gov.vn/en/px-web?pxid=E1473&theme=Health%2C%20Culture%2C%20Sport%20and%20Living%20standard,https://pxweb.nso.gov.vn/pxweb/en/E%2014.%20Health%2C%20Culture%2C%20Sport%20and%20Living%20standard/E%2014.%20Health%2C%20Culture%2C%20Sport%20and%20Living%20standard__Px_E_14/E14.73.px/?rxid=64f85071-1d5d-485d-af79-183b1e467db6,sources/health_culture_environment/E1473.csv,07c6bf05ce6a3d8a9b932f832a64c4872f7b7ef4571071188540cdb9e3d17ecc,%,source_reported_unharmonized,63,catalogue_title_differs
E1476,health_culture_environment,"Average dwelling area per capita by type of house and by province by Cities, provincies, Year and Type of house","Average dwelling area per capita by type of house and by province by Cities, provincies, Year and Type of house",Average dwelling area per capita by type of house and by province,https://www.nso.gov.vn/en/px-web?pxid=E1476&theme=Health%2C%20Culture%2C%20Sport%20and%20Living%20standard,https://pxweb.nso.gov.vn/pxweb/en/E%2014.%20Health%2C%20Culture%2C%20Sport%20and%20Living%20standard/E%2014.%20Health%2C%20Culture%2C%20Sport%20and%20Living%20standard__Px_E_14/E14.76.px/?rxid=64f85071-1d5d-485d-af79-183b1e467db6,sources/health_culture_environment/E1476.csv,6755c247d155445e4f784d00d4e43b9533f73a8ad29e8f6bcee2d68cfaaa97e4,m2,source_reported_unharmonized,63,catalogue_title_differs
E1479,health_culture_environment,"Number of instituted cases and instituted people by province by Cities, provincies, Nam and Ch? tiêu","Number of instituted cases and instituted people by province by Cities, provincies, Nam and Ch? tiêu",Number of instituted cases and instituted people in 2024 by province,https://www.nso.gov.vn/en/px-web?pxid=E1479&theme=Health%2C%20Culture%2C%20Sport%20and%20Living%20standard,https://pxweb.nso.gov.vn/pxweb/en/E%2014.%20Health%2C%20Culture%2C%20Sport%20and%20Living%20standard/E%2014.%20Health%2C%20Culture%2C%20Sport%20and%20Living%20standard__Px_E_14/E14.79.px/?rxid=64f85071-1d5d-485d-af79-183b1e467db6,sources/health_culture_environment/E1479.csv,ec6e4103d7933886ad4d09e4ac65fb1716478212be5c44e0e103e95c4bb98361,,source_reported_unharmonized,63,catalogue_title_differs
E1481,health_culture_environment,"Number of prosecuted cases and people in 2024 by province by Cities, provincies, Nam and Ch? tiêu","Number of prosecuted cases and people in 2024 by province by Cities, provincies, Nam and Ch? tiêu",Number of prosecuted cases and people in 2024 by province,https://www.nso.gov.vn/en/px-web?pxid=E1481&theme=Health%2C%20Culture%2C%20Sport%20and%20Living%20standard,https://pxweb.nso.gov.vn/pxweb/en/E%2014.%20Health%2C%20Culture%2C%20Sport%20and%20Living%20standard/E%2014.%20Health%2C%20Culture%2C%20Sport%20and%20Living%20standard__Px_E_14/E14.81.px/?rxid=64f85071-1d5d-485d-af79-183b1e467db6,sources/health_culture_environment/E1481.csv,d1cca299bf32759098341a2718663f89ab5645b4301b3bd58a42bf60853bedb4,,source_reported_unharmonized,63,catalogue_title_differs
E1482,health_culture_environment,"Number of sentenced cases and guilty people in 2024 by province by Cities, provincies, Nam and Ch? tiêu","Number of sentenced cases and guilty people in 2024 by province by Cities, provincies, Nam and Ch? tiêu",Number of sentenced cases and guilty people in 2024 by province,https://www.nso.gov.vn/en/px-web?pxid=E1482&theme=Health%2C%20Culture%2C%20Sport%20and%20Living%20standard,https://pxweb.nso.gov.vn/pxweb/en/E%2014.%20Health%2C%20Culture%2C%20Sport%20and%20Living%20standard/E%2014.%20Health%2C%20Culture%2C%20Sport%20and%20Living%20standard__Px_E_14/E14.82.px/?rxid=64f85071-1d5d-485d-af79-183b1e467db6,sources/health_culture_environment/E1482.csv,1aec31d9a0d4419975a8970c585550dfcd96c64c683b2ebcbc6b83f077c1564b,,source_reported_unharmonized,63,catalogue_title_differs
E1483,health_culture_environment,"Civil judgment enforcement results 2024 by province and by region by Cities, provincies, Nam and a","Civil judgment enforcement results 2024 by province and by region by Cities, provincies, Nam and a",Civil judgment enforcement results 2024 by province and by region,https://www.nso.gov.vn/en/px-web?pxid=E1483&theme=Health%2C%20Culture%2C%20Sport%20and%20Living%20standard,https://pxweb.nso.gov.vn/pxweb/en/E%2014.%20Health%2C%20Culture%2C%20Sport%20and%20Living%20standard/E%2014.%20Health%2C%20Culture%2C%20Sport%20and%20Living%20standard__Px_E_14/E14.83.px/?rxid=64f85071-1d5d-485d-af79-183b1e467db6,sources/health_culture_environment/E1483.csv,470db94bc124f9a3df6b99b09a2598e59859ee0033c1f2988f3c51222928d59a,,source_reported_unharmonized,63,catalogue_title_differs
E1485,health_culture_environment,The number of people receiving legal aid by province,"The number of people receiving legal aid by province by Cities, provincies and Year",The number of people receiving legal aid by province,https://www.nso.gov.vn/en/px-web?pxid=E1485&theme=Health%2C%20Culture%2C%20Sport%20and%20Living%20standard,https://pxweb.nso.gov.vn/pxweb/en/E%2014.%20Health%2C%20Culture%2C%20Sport%20and%20Living%20standard/E%2014.%20Health%2C%20Culture%2C%20Sport%20and%20Living%20standard__Px_E_14/E14.85.px/?rxid=64f85071-1d5d-485d-af79-183b1e467db6,sources/health_culture_environment/E1485.csv,f8ececfd1b42dbee31d42569b8bb562f5760d2b366bdbbd3ce7749818110ed07,Person,source_reported_unharmonized,63,
E1488,health_culture_environment,"Some indicators on traffic accidents  by province by Cities, provincies, Year and Indicator","Some indicators on traffic accidents  by province by Cities, provincies, Year and Indicator",Some indicators on traffic accidents by province,https://www.nso.gov.vn/en/px-web?pxid=E1488&theme=Health%2C%20Culture%2C%20Sport%20and%20Living%20standard,https://pxweb.nso.gov.vn/pxweb/en/E%2014.%20Health%2C%20Culture%2C%20Sport%20and%20Living%20standard/E%2014.%20Health%2C%20Culture%2C%20Sport%20and%20Living%20standard__Px_E_14/E14.88.px/?rxid=64f85071-1d5d-485d-af79-183b1e467db6,sources/health_culture_environment/E1488.csv,a096c86f226d7e988333cb891c1747a6ea61196bf1c927b9a398d9b06f6a448e,,source_reported_unharmonized,63,catalogue_title_differs
E1490,health_culture_environment,"Some indicators on fires and explosions by province by Cities, provincies, Year and Indicator","Some indicators on fires and explosions by province by Cities, provincies, Year and Indicator",Some indicators on fires and explosions by province,https://www.nso.gov.vn/en/px-web?pxid=E1490&theme=Health%2C%20Culture%2C%20Sport%20and%20Living%20standard,https://pxweb.nso.gov.vn/pxweb/en/E%2014.%20Health%2C%20Culture%2C%20Sport%20and%20Living%20standard/E%2014.%20Health%2C%20Culture%2C%20Sport%20and%20Living%20standard__Px_E_14/E14.90.px/?rxid=64f85071-1d5d-485d-af79-183b1e467db6,sources/health_culture_environment/E1490.csv,31e6d30d885766a56036ce9f7adf5138c3d948f5d1dea4297a7268e6f7e7ad3c,,source_reported_unharmonized,63,catalogue_title_differs
E1494,health_culture_environment,"Average collected solid waste treated per day by province by Cities, provincies, Year and Collected solid waste","Average collected solid waste treated per day by province by Cities, provincies, Year and Collected solid waste",Average collected solid waste treated per day by province,https://www.nso.gov.vn/en/px-web?pxid=E1494&theme=Health%2C%20Culture%2C%20Sport%20and%20Living%20standard,https://pxweb.nso.gov.vn/pxweb/en/E%2014.%20Health%2C%20Culture%2C%20Sport%20and%20Living%20standard/E%2014.%20Health%2C%20Culture%2C%20Sport%20and%20Living%20standard__Px_E_14/E14.94.px/?rxid=64f85071-1d5d-485d-af79-183b1e467db6,sources/health_culture_environment/E1494.csv,e2f7c117401dd415a78da6c00d9bb285c28b086a89d9e21d6919a85fe34f73da,ton,source_reported_unharmonized,63,catalogue_title_differs
E1495,health_culture_environment,"Rate of hazardous waste collected and treated by region and province by Cities, provincies, Year and group","Rate of hazardous waste collected and treated by region and province by Cities, provincies, Year and group",Rate of hazardous waste collected and treated by region and province,https://www.nso.gov.vn/en/px-web?pxid=E1495&theme=Health%2C%20Culture%2C%20Sport%20and%20Living%20standard,https://pxweb.nso.gov.vn/pxweb/en/E%2014.%20Health%2C%20Culture%2C%20Sport%20and%20Living%20standard/E%2014.%20Health%2C%20Culture%2C%20Sport%20and%20Living%20standard__Px_E_14/E14.95.px/?rxid=64f85071-1d5d-485d-af79-183b1e467db6,sources/health_culture_environment/E1495.csv,6621c36d250b6d152fb1098cce50adb10d4980bcb99407f7553abfc0994c05b7,,source_reported_unharmonized,23,catalogue_title_differs
E1496,health_culture_environment,"Percentage of industrial parks and export processing zones that have been put into operation standards with a centralized wastewater treatment plant meeting environmental by Cities, provincies, Year and Number and Percentage","Percentage of industrial parks and export processing zones that have been put into operation standards with a centralized wastewater treatment plant meeting environmental by Cities, provincies, Year and Number and Percentage",Percentage of industrial parks and export processing zones that have been put into operation standards with a centralized wastewater treatment plant meeting environmental,https://www.nso.gov.vn/en/px-web?pxid=E1496&theme=Health%2C%20Culture%2C%20Sport%20and%20Living%20standard,https://pxweb.nso.gov.vn/pxweb/en/E%2014.%20Health%2C%20Culture%2C%20Sport%20and%20Living%20standard/E%2014.%20Health%2C%20Culture%2C%20Sport%20and%20Living%20standard__Px_E_14/E14.96.px/?rxid=64f85071-1d5d-485d-af79-183b1e467db6,sources/health_culture_environment/E1496.csv,a0bc33fb57f54e1ba3921eb276035d5835cbd5e062d17db915234814fddf720c,,source_reported_unharmonized,63,catalogue_title_differs
E1497,health_culture_environment,"Percentage of operating industrial clusters with centralized wastewater treatment systems meeting environmental standards by region and province in 2022 and 2023 by Cities, provincies, Year and Number and Percentage","Percentage of operating industrial clusters with centralized wastewater treatment systems meeting environmental standards by region and province in 2022 and 2023 by Cities, provincies, Year and Number and Percentage",Percentage of operating industrial clusters with centralized wastewater treatment systems meeting environmental standards by region and province in 2022 and 2023,https://www.nso.gov.vn/en/px-web?pxid=E1497&theme=Health%2C%20Culture%2C%20Sport%20and%20Living%20standard,https://pxweb.nso.gov.vn/pxweb/en/E%2014.%20Health%2C%20Culture%2C%20Sport%20and%20Living%20standard/E%2014.%20Health%2C%20Culture%2C%20Sport%20and%20Living%20standard__Px_E_14/E14.97.px/?rxid=64f85071-1d5d-485d-af79-183b1e467db6,sources/health_culture_environment/E1497.csv,90d17a7ef9fb8b2fe83759b13c9e17b0d73b167979b1daac294c89f57fb6b55c,,source_reported_unharmonized,63,catalogue_title_differs
E0101,administration_land_climate,"Number of administrative units as of 31 December by province by Cities, provincies, Years and Administrative units","Number of administrative units as of 31 December by province by Cities, provincies, Years and Administrative units",Number of administrative units as of 31 December by province,https://www.nso.gov.vn/en/px-web?pxid=E0101&theme=Administrative%20Unit%20and%20Climate,https://pxweb.nso.gov.vn/pxweb/en/E%2001.Administrative%20Unit%20and%20Climate/E%2001.Administrative%20Unit%20and%20Climate__Px_E_01/E01.01.px/?rxid=64f85071-1d5d-485d-af79-183b1e467db6,sources/administration_land_climate/E0101.csv,7cec522f109ab0118e5829c4d1e8feb6a21c7c403822f348817c4b32693f6b57,,source_reported_unharmonized,63,catalogue_title_differs
E0103,administration_land_climate,"Land use by province (*) by Cities, provincies, Year and Land use","Land use by province (*) by Cities, provincies, Year and Land use",Land use by province (*),https://www.nso.gov.vn/en/px-web?pxid=E0103&theme=Administrative%20Unit%20and%20Climate,https://pxweb.nso.gov.vn/pxweb/en/E%2001.Administrative%20Unit%20and%20Climate/E%2001.Administrative%20Unit%20and%20Climate__Px_E_01/E01.03.px/?rxid=64f85071-1d5d-485d-af79-183b1e467db6,sources/administration_land_climate/E0103.csv,448d5f56f7470931ac129f72da0ddfcd1b471c4d18fa614308022037cd4176c9,Thousand ha,source_reported_unharmonized,63,catalogue_title_differs
E0104,administration_land_climate,"Structure of used land by province by Cities, provincies, Year and Land use","Structure of used land by province by Cities, provincies, Year and Land use",Structure of used land by province,https://www.nso.gov.vn/en/px-web?pxid=E0104&theme=Administrative%20Unit%20and%20Climate,https://pxweb.nso.gov.vn/pxweb/en/E%2001.Administrative%20Unit%20and%20Climate/E%2001.Administrative%20Unit%20and%20Climate__Px_E_01/E01.04.px/?rxid=64f85071-1d5d-485d-af79-183b1e467db6,sources/administration_land_climate/E0104.csv,195166295f909c96d72abf84e507ad1ad8e5a180a802eb4d0e85a548473aea6f,%,source_reported_unharmonized,63,catalogue_title_differs
E0105,administration_land_climate,"Change in natural land area index province (As of 31st December) by Cities, provincies, a and Purpose in landuse","Change in natural land area index province (As of 31st December) by Cities, provincies, a and Purpose in landuse",Change in natural land area index province (As of 31st December),https://www.nso.gov.vn/en/px-web?pxid=E0105&theme=Administrative%20Unit%20and%20Climate,https://pxweb.nso.gov.vn/pxweb/en/E%2001.Administrative%20Unit%20and%20Climate/E%2001.Administrative%20Unit%20and%20Climate__Px_E_01/E01.05.px/?rxid=64f85071-1d5d-485d-af79-183b1e467db6,sources/administration_land_climate/E0105.csv,54bd73e99bb824fcf15600cf0b20c5c148ca42beaf349e200a5451f509a8a26c,%,source_reported_unharmonized,63,catalogue_title_differs
