"Number of people infected with HIV/AIDS and number of AIDS deaths by province(*) by Cities, provincies, Year and Items"

"Cities, provincies","2011 HIV infected people new case","2011 AIDS  patients new case","2011 HIV infected people alive accumulation as of Dec. 31","2011 AIDS patients alive  accumulation as of Dec. 31","2011 Number of  AIDS deaths","2011 Number of  AIDS deaths accumulation as of Dec. 31","2011 Number of people  curently infected with HIV/AIDS per 100,000 inhabitants","2011  Number of HIV/AIDS deaths in 2024 per 100,000 inhabitants","2012 HIV infected people new case","2012 AIDS  patients new case","2012 HIV infected people alive accumulation as of Dec. 31","2012 AIDS patients alive  accumulation as of Dec. 31","2012 Number of  AIDS deaths","2012 Number of  AIDS deaths accumulation as of Dec. 31","2012 Number of people  curently infected with HIV/AIDS per 100,000 inhabitants","2012  Number of HIV/AIDS deaths in 2024 per 100,000 inhabitants","2013 HIV infected people new case","2013 AIDS  patients new case","2013 HIV infected people alive accumulation as of Dec. 31","2013 AIDS patients alive  accumulation as of Dec. 31","2013 Number of  AIDS deaths","2013 Number of  AIDS deaths accumulation as of Dec. 31","2013 Number of people  curently infected with HIV/AIDS per 100,000 inhabitants","2013  Number of HIV/AIDS deaths in 2024 per 100,000 inhabitants","2014 HIV infected people new case","2014 AIDS  patients new case","2014 HIV infected people alive accumulation as of Dec. 31","2014 AIDS patients alive  accumulation as of Dec. 31","2014 Number of  AIDS deaths","2014 Number of  AIDS deaths accumulation as of Dec. 31","2014 Number of people  curently infected with HIV/AIDS per 100,000 inhabitants","2014  Number of HIV/AIDS deaths in 2024 per 100,000 inhabitants","2015 HIV infected people new case","2015 AIDS  patients new case","2015 HIV infected people alive accumulation as of Dec. 31","2015 AIDS patients alive  accumulation as of Dec. 31","2015 Number of  AIDS deaths","2015 Number of  AIDS deaths accumulation as of Dec. 31","2015 Number of people  curently infected with HIV/AIDS per 100,000 inhabitants","2015  Number of HIV/AIDS deaths in 2024 per 100,000 inhabitants","2016 HIV infected people new case","2016 AIDS  patients new case","2016 HIV infected people alive accumulation as of Dec. 31","2016 AIDS patients alive  accumulation as of Dec. 31","2016 Number of  AIDS deaths","2016 Number of  AIDS deaths accumulation as of Dec. 31","2016 Number of people  curently infected with HIV/AIDS per 100,000 inhabitants","2016  Number of HIV/AIDS deaths in 2024 per 100,000 inhabitants","2017 HIV infected people new case","2017 AIDS  patients new case","2017 HIV infected people alive accumulation as of Dec. 31","2017 AIDS patients alive  accumulation as of Dec. 31","2017 Number of  AIDS deaths","2017 Number of  AIDS deaths accumulation as of Dec. 31","2017 Number of people  curently infected with HIV/AIDS per 100,000 inhabitants","2017  Number of HIV/AIDS deaths in 2024 per 100,000 inhabitants","2018 HIV infected people new case","2018 AIDS  patients new case","2018 HIV infected people alive accumulation as of Dec. 31","2018 AIDS patients alive  accumulation as of Dec. 31","2018 Number of  AIDS deaths","2018 Number of  AIDS deaths accumulation as of Dec. 31","2018 Number of people  curently infected with HIV/AIDS per 100,000 inhabitants","2018  Number of HIV/AIDS deaths in 2024 per 100,000 inhabitants","2019 HIV infected people new case","2019 AIDS  patients new case","2019 HIV infected people alive accumulation as of Dec. 31","2019 AIDS patients alive  accumulation as of Dec. 31","2019 Number of  AIDS deaths","2019 Number of  AIDS deaths accumulation as of Dec. 31","2019 Number of people  curently infected with HIV/AIDS per 100,000 inhabitants","2019  Number of HIV/AIDS deaths in 2024 per 100,000 inhabitants","2020 HIV infected people new case","2020 AIDS  patients new case","2020 HIV infected people alive accumulation as of Dec. 31","2020 AIDS patients alive  accumulation as of Dec. 31","2020 Number of  AIDS deaths","2020 Number of  AIDS deaths accumulation as of Dec. 31","2020 Number of people  curently infected with HIV/AIDS per 100,000 inhabitants","2020  Number of HIV/AIDS deaths in 2024 per 100,000 inhabitants","2021 HIV infected people new case","2021 AIDS  patients new case","2021 HIV infected people alive accumulation as of Dec. 31","2021 AIDS patients alive  accumulation as of Dec. 31","2021 Number of  AIDS deaths","2021 Number of  AIDS deaths accumulation as of Dec. 31","2021 Number of people  curently infected with HIV/AIDS per 100,000 inhabitants","2021  Number of HIV/AIDS deaths in 2024 per 100,000 inhabitants","2022 HIV infected people new case","2022 AIDS  patients new case","2022 HIV infected people alive accumulation as of Dec. 31","2022 AIDS patients alive  accumulation as of Dec. 31","2022 Number of  AIDS deaths","2022 Number of  AIDS deaths accumulation as of Dec. 31","2022 Number of people  curently infected with HIV/AIDS per 100,000 inhabitants","2022  Number of HIV/AIDS deaths in 2024 per 100,000 inhabitants","2023 HIV infected people new case","2023 AIDS  patients new case","2023 HIV infected people alive accumulation as of Dec. 31","2023 AIDS patients alive  accumulation as of Dec. 31","2023 Number of  AIDS deaths","2023 Number of  AIDS deaths accumulation as of Dec. 31","2023 Number of people  curently infected with HIV/AIDS per 100,000 inhabitants","2023  Number of HIV/AIDS deaths in 2024 per 100,000 inhabitants","2024 HIV infected people new case","2024 AIDS  patients new case","2024 HIV infected people alive accumulation as of Dec. 31","2024 AIDS patients alive  accumulation as of Dec. 31","2024 Number of  AIDS deaths","2024 Number of  AIDS deaths accumulation as of Dec. 31","2024 Number of people  curently infected with HIV/AIDS per 100,000 inhabitants","2024  Number of HIV/AIDS deaths in 2024 per 100,000 inhabitants"
" WHOLE COUNTRY",14113.00,6429.00,197072.00,48717.00,2413.00,..,..,..,14127.00,6734.00,210703.00,61669.00,2149.00,..,..,..,12559.00,6074.00,217285.00,67013.00,2296.00,..,..,..,11680.00,6183.00,226964.00,71433.00,2146.00,..,..,..,10195.00,6130.00,227154.00,85194.00,2130.00,..,..,..,9912.00,5876.00,215621.00,88668.00,2131.00,..,..,..,9920.00,5216.00,209169.00,88040.00,1828.00,..,..,..,10440.00,..,210209.00,..,1999.00,..,..,..,10183.00,..,211709.00,..,1934.00,..,..,..,13995.00,..,213420.00,..,2160.00,..,..,..,13225.00,..,213833.00,..,1856.00,..,..,..,11037.00,..,222388.00,..,1582.00,112572.00,..,..,13455.00,..,234220.00,..,1623.00,114195.00,..,..,13351.00,..,245762.00,..,1905.00,116004.00,242.50,1.88
"Red River Delta",2621.00,1222.00,47012.00,9311.00,502.00,..,..,..,2276.00,921.00,49290.00,13117.00,326.00,..,..,..,2043.00,808.00,50878.00,14642.00,302.00,..,..,..,2076.00,1188.00,52595.00,15709.00,504.00,..,..,..,..,..,..,..,..,..,..,..,1626.00,1335.00,50189.00,21673.00,368.00,..,..,..,1541.00,1191.00,51112.00,26711.00,275.00,..,..,..,1477.00,..,51648.00,..,280.00,..,..,..,1593.00,..,51093.00,..,281.00,..,..,..,2650.00,..,46800.00,..,464.00,..,..,..,1793.00,..,48020.00,..,346.00,..,..,..,936.00,..,37057.00,..,225.00,23078.00,..,..,1223.00,..,42790.00,..,285.00,29029.00,..,..,1258.00,..,46131.00,..,260.00,29346.00,192.08,1.08
"Ha Noi",915.00,352.00,18108.00,3490.00,122.00,..,..,..,751.00,212.00,19987.00,5199.00,67.00,..,..,..,758.00,17.00,20757.00,5078.00,8.00,..,..,..,676.00,278.00,21316.00,5239.00,117.00,..,..,..,842.00,686.00,18441.00,8684.00,61.00,..,..,..,634.00,506.00,19100.00,9174.00,55.00,..,..,..,638.00,457.00,20724.00,11625.00,46.00,..,..,..,676.00,..,20436.00,..,65.00,..,..,..,961.00,..,20993.00,..,88.00,..,..,..,1727.00,..,19340.00,..,77.00,..,..,..,1078.00,..,19593.00,..,120.00,..,..,..,326.00,..,14470.00,..,83.00,7443.00,..,..,506.00,..,16634.00,..,61.00,7463.00,..,..,424.00,..,19116.00,..,48.00,7585.00,219.28,0.55
"Vinh Phuc",114.00,57.00,946.00,247.00,27.00,..,..,..,142.00,88.00,974.00,426.00,31.00,..,..,..,159.00,121.00,1098.00,424.00,42.00,..,..,..,151.00,91.00,1208.00,474.00,41.00,..,..,..,154.00,136.00,1204.00,674.00,42.00,..,..,..,89.00,74.00,1241.00,693.00,53.00,..,..,..,69.00,57.00,1260.00,692.00,51.00,..,..,..,69.00,..,1306.00,..,33.00,..,..,..,47.00,..,1317.00,..,37.00,..,..,..,68.00,..,1380.00,..,24.00,..,..,..,47.00,..,1419.00,..,23.00,..,..,..,64.00,..,1369.00,..,24.00,889.00,..,..,46.00,..,1242.00,..,18.00,896.00,..,..,59.00,..,1472.00,..,20.00,899.00,120.13,1.63
"Bac Ninh",98.00,15.00,1588.00,186.00,17.00,..,..,..,102.00,4.00,1719.00,208.00,2.00,..,..,..,94.00,6.00,1809.00,210.00,4.00,..,..,..,73.00,21.00,1856.00,205.00,26.00,..,..,..,81.00,13.00,1949.00,296.00,14.00,..,..,..,49.00,17.00,1974.00,294.00,19.00,..,..,..,89.00,14.00,1436.00,227.00,16.00,..,..,..,40.00,..,1473.00,..,5.00,..,..,..,13.00,..,1458.00,..,16.00,..,..,..,45.00,..,973.00,..,18.00,..,..,..,24.00,..,990.00,..,30.00,..,..,..,41.00,..,1148.00,..,16.00,1126.00,..,..,41.00,..,1018.00,..,16.00,1123.00,..,..,47.00,..,1152.00,..,16.00,1153.00,74.49,1.03
"Quang Ninh",158.00,151.00,3660.00,719.00,99.00,..,..,..,92.00,109.00,3687.00,883.00,73.00,..,..,..,146.00,174.00,5023.00,1832.00,69.00,..,..,..,226.00,325.00,5230.00,2376.00,164.00,..,..,..,251.00,260.00,5494.00,2743.00,81.00,..,..,..,203.00,264.00,5313.00,2918.00,90.00,..,..,..,181.00,311.00,5430.00,5139.00,80.00,..,..,..,176.00,..,5557.00,..,86.00,..,..,..,134.00,..,5634.00,..,65.00,..,..,..,133.00,..,5776.00,..,76.00,..,..,..,128.00,..,5888.00,..,70.00,..,..,..,160.00,..,5608.00,..,52.00,5775.00,..,..,122.00,..,5456.00,..,67.00,5758.00,..,..,170.00,..,6329.00,..,51.00,5884.00,453.20,3.65
"Hai Duong",231.00,48.00,3846.00,423.00,3.00,..,..,..,261.00,67.00,3941.00,983.00,23.00,..,..,..,93.00,81.00,3129.00,1122.00,43.00,..,..,..,138.00,97.00,3248.00,1200.00,19.00,..,..,..,100.00,107.00,3368.00,1299.00,22.00,..,..,..,81.00,77.00,3071.00,1329.00,19.00,..,..,..,69.00,64.00,3131.00,1391.00,3.00,..,..,..,61.00,..,3017.00,..,14.00,..,..,..,51.00,..,3056.00,..,2.00,..,..,..,86.00,..,3119.00,..,5.00,..,..,..,110.00,..,3209.00,..,16.00,..,..,..,78.00,..,3224.00,..,18.00,1745.00,..,..,73.00,..,3169.00,..,8.00,1760.00,..,..,90.00,..,2272.00,..,11.00,1793.00,114.85,0.56
"Hai Phong",249.00,221.00,6930.00,2388.00,79.00,..,..,..,206.00,66.00,7027.00,2601.00,33.00,..,..,..,101.00,32.00,7098.00,2603.00,30.00,..,..,..,201.00,26.00,7282.00,2612.00,17.00,..,..,..,118.00,8.00,7478.00,2646.00,12.00,..,..,..,226.00,78.00,7887.00,2776.00,55.00,..,..,..,206.00,31.00,7331.00,2796.00,28.00,..,..,..,234.00,..,7923.00,..,31.00,..,..,..,194.00,..,6560.00,..,23.00,..,..,..,312.00,..,6096.00,..,21.00,..,..,..,217.00,..,6663.00,..,33.00,..,..,..,161.00,..,6314.00,..,32.00,5291.00,..,..,181.00,..,6033.00,..,50.00,5397.00,..,..,205.00,..,7046.00,..,52.00,5502.00,331.65,2.45
"Hung Yen",122.00,69.00,1196.00,112.00,37.00,..,..,..,91.00,40.00,1248.00,83.00,18.00,..,..,..,74.00,49.00,1013.00,358.00,25.00,..,..,..,91.00,54.00,1082.00,390.00,22.00,..,..,..,44.00,62.00,756.00,431.00,11.00,..,..,..,48.00,46.00,784.00,487.00,20.00,..,..,..,50.00,42.00,813.00,539.00,24.00,..,..,..,66.00,..,871.00,..,18.00,..,..,..,39.00,..,905.00,..,16.00,..,..,..,46.00,..,932.00,..,21.00,..,..,..,33.00,..,959.00,..,11.00,..,..,..,28.00,..,1171.00,..,16.00,923.00,..,..,48.00,..,983.00,..,16.00,936.00,..,..,62.00,..,1122.00,..,15.00,972.00,85.13,1.14
"Thai Binh",278.00,114.00,3666.00,571.00,22.00,..,..,..,195.00,73.00,3619.00,589.00,17.00,..,..,..,118.00,58.00,3716.00,633.00,12.00,..,..,..,114.00,57.00,3817.00,677.00,13.00,..,..,..,71.00,49.00,3155.00,686.00,12.00,..,..,..,73.00,57.00,3229.00,743.00,8.00,..,..,..,54.00,36.00,3292.00,781.00,3.00,..,..,..,38.00,..,3326.00,..,1.00,..,..,..,47.00,..,3367.00,..,13.00,..,..,..,74.00,..,2486.00,..,10.00,..,..,..,33.00,..,2520.00,..,..,..,..,..,73.00,..,2627.00,..,14.00,1810.00,..,..,72.00,..,2327.00,..,19.00,1805.00,..,..,55.00,..,2184.00,..,11.00,1704.00,115.53,0.58
"Ha Nam",53.00,59.00,1148.00,246.00,55.00,..,..,..,74.00,68.00,1188.00,306.00,21.00,..,..,..,56.00,55.00,887.00,356.00,26.00,..,..,..,62.00,25.00,933.00,365.00,16.00,..,..,..,40.00,25.00,1129.00,616.00,11.00,..,..,..,35.00,28.00,1024.00,574.00,9.00,..,..,..,29.00,23.00,1007.00,595.00,10.00,..,..,..,29.00,..,1026.00,..,9.00,..,..,..,39.00,..,1049.00,..,14.00,..,..,..,40.00,..,753.00,..,16.00,..,..,..,38.00,..,781.00,..,10.00,..,..,..,35.00,..,927.00,..,7.00,777.00,..,..,33.00,..,799.00,..,6.00,773.00,..,..,44.00,..,909.00,..,1.00,779.00,101.65,0.11
"Nam Dinh",163.00,112.00,3259.00,708.00,40.00,..,..,..,216.00,142.00,3577.00,1067.00,37.00,..,..,..,206.00,128.00,3794.00,1184.00,23.00,..,..,..,160.00,100.00,3936.00,1266.00,18.00,..,..,..,165.00,126.00,3979.00,1565.00,12.00,..,..,..,121.00,114.00,4082.00,1698.00,20.00,..,..,..,99.00,99.00,4181.00,1869.00,3.00,..,..,..,71.00,..,4177.00,..,5.00,..,..,..,46.00,..,4184.00,..,2.00,..,..,..,63.00,..,4210.00,..,6.00,..,..,..,64.00,..,4265.00,..,11.00,..,..,..,84.00,..,4129.00,..,4.00,1734.00,..,..,49.00,..,3700.00,..,16.00,1796.00,..,..,71.00,..,2953.00,..,17.00,1759.00,155.90,0.90
"Ninh Binh",240.00,24.00,2665.00,221.00,1.00,..,..,..,146.00,52.00,2323.00,772.00,4.00,..,..,..,238.00,87.00,2554.00,842.00,20.00,..,..,..,184.00,114.00,2687.00,905.00,51.00,..,..,..,67.00,48.00,2426.00,924.00,17.00,..,..,..,67.00,74.00,2484.00,987.00,20.00,..,..,..,57.00,57.00,2507.00,1057.00,11.00,..,..,..,17.00,..,2536.00,..,13.00,..,..,..,22.00,..,2570.00,..,5.00,..,..,..,56.00,..,1735.00,..,190.00,..,..,..,21.00,..,1733.00,..,22.00,..,..,..,46.00,..,1678.00,..,11.00,1340.00,..,..,52.00,..,1429.00,..,8.00,1322.00,..,..,31.00,..,1576.00,..,18.00,1316.00,152.96,1.75
"Northern midlands and mountain areas",3916.00,1017.00,37609.00,6373.00,506.00,..,..,..,3243.00,1429.00,38823.00,9868.00,724.00,..,..,..,2967.00,1082.00,39007.00,10890.00,702.00,..,..,..,2766.00,1155.00,41134.00,11406.00,639.00,..,..,..,2361.00,1432.00,36562.00,16042.00,768.00,..,..,..,1783.00,854.00,35987.00,16422.00,578.00,..,..,..,1759.00,704.00,36672.00,16652.00,506.00,..,..,..,1510.00,..,35727.00,..,525.00,..,..,..,1179.00,..,34429.00,..,425.00,..,..,..,1218.00,..,34526.00,..,434.00,..,..,..,896.00,..,31802.00,..,493.00,..,..,..,1126.00,..,37004.00,..,449.00,34278.00,..,..,959.00,..,28845.00,..,393.00,28662.00,..,..,1782.00,..,29269.00,..,413.00,26770.00,219.43,3.10
"Ha Giang",78.00,55.00,1218.00,382.00,24.00,..,..,..,24.00,18.00,1243.00,437.00,7.00,..,..,..,55.00,36.00,1163.00,495.00,7.00,..,..,..,45.00,15.00,1194.00,496.00,14.00,..,..,..,36.00,35.00,1132.00,482.00,27.00,..,..,..,28.00,25.00,1146.00,604.00,15.00,..,..,..,22.00,25.00,1160.00,629.00,7.00,..,..,..,19.00,..,1168.00,..,9.00,..,..,..,37.00,..,1193.00,..,4.00,..,..,..,24.00,..,1217.00,..,10.00,..,..,..,24.00,..,986.00,..,..,..,..,..,17.00,..,1192.00,..,1.00,439.00,..,..,18.00,..,1133.00,..,9.00,453.00,..,..,34.00,..,874.00,..,7.00,369.00,95.90,0.77
"Cao Bang",79.00,44.00,2015.00,590.00,15.00,..,..,..,63.00,38.00,2076.00,658.00,15.00,..,..,..,44.00,31.00,2106.00,502.00,26.00,..,..,..,40.00,32.00,2121.00,509.00,25.00,..,..,..,57.00,38.00,1294.00,624.00,13.00,..,..,..,50.00,11.00,1337.00,626.00,10.00,..,..,..,45.00,5.00,1376.00,623.00,9.00,..,..,..,60.00,..,1428.00,..,8.00,..,..,..,49.00,..,1464.00,..,13.00,..,..,..,53.00,..,1292.00,..,28.00,..,..,..,33.00,..,1277.00,..,15.00,..,..,..,64.00,..,917.00,..,27.00,1373.00,..,..,106.00,..,797.00,..,25.00,1410.00,..,..,428.00,..,997.00,..,21.00,1354.00,178.53,3.76
"Bac Kan",149.00,112.00,1214.00,235.00,42.00,..,..,..,93.00,58.00,1335.00,392.00,19.00,..,..,..,71.00,39.00,1381.00,400.00,25.00,..,..,..,55.00,69.00,1396.00,429.00,40.00,..,..,..,55.00,105.00,868.00,574.00,52.00,..,..,..,23.00,49.00,892.00,611.00,21.00,..,..,..,24.00,52.00,866.00,636.00,40.00,..,..,..,33.00,..,901.00,..,14.00,..,..,..,22.00,..,910.00,..,11.00,..,..,..,25.00,..,908.00,..,13.00,..,..,..,17.00,..,915.00,..,11.00,..,..,..,19.00,..,938.00,..,9.00,1137.00,..,..,18.00,..,792.00,..,14.00,1142.00,..,..,108.00,..,837.00,..,19.00,1125.00,254.17,5.77
"Tuyen Quang",52.00,21.00,789.00,132.00,3.00,..,..,..,56.00,60.00,727.00,303.00,26.00,..,..,..,69.00,42.00,794.00,329.00,20.00,..,..,..,110.00,79.00,871.00,375.00,33.00,..,..,..,60.00,83.00,1277.00,751.00,21.00,..,..,..,53.00,76.00,1321.00,819.00,16.00,..,..,..,46.00,48.00,1312.00,828.00,22.00,..,..,..,45.00,..,1349.00,..,18.00,..,..,..,49.00,..,1365.00,..,20.00,..,..,..,42.00,..,1427.00,..,22.00,..,..,..,29.00,..,1454.00,..,..,..,..,..,26.00,..,1413.00,..,0.00,822.00,..,..,22.00,..,1126.00,..,3.00,718.00,..,..,54.00,..,914.00,..,2.00,820.00,111.42,0.24
"Lao Cai",188.00,122.00,1427.00,277.00,65.00,..,..,..,281.00,129.00,1713.00,427.00,49.00,..,..,..,247.00,114.00,1927.00,492.00,56.00,..,..,..,227.00,185.00,2103.00,626.00,51.00,..,..,..,188.00,242.00,1724.00,821.00,44.00,..,..,..,115.00,125.00,1650.00,876.00,71.00,..,..,..,78.00,93.00,1520.00,890.00,49.00,..,..,..,75.00,..,1530.00,..,55.00,..,..,..,90.00,..,1584.00,..,24.00,..,..,..,74.00,..,1644.00,..,40.00,..,..,..,51.00,..,1668.00,..,36.00,..,..,..,57.00,..,1589.00,..,33.00,1621.00,..,..,68.00,..,1546.00,..,23.00,1627.00,..,..,94.00,..,1652.00,..,43.00,1630.00,208.53,5.43
"Yen Bai",267.00,17.00,3280.00,573.00,6.00,..,..,..,328.00,28.00,3959.00,489.00,11.00,..,..,..,294.00,52.00,3278.00,935.00,5.00,..,..,..,325.00,9.00,3593.00,934.00,10.00,..,..,..,281.00,14.00,3864.00,919.00,17.00,..,..,..,47.00,2.00,3881.00,922.00,3.00,..,..,..,182.00,5.00,4044.00,912.00,19.00,..,..,..,139.00,..,4256.00,..,33.00,..,..,..,121.00,..,4305.00,..,21.00,..,..,..,97.00,..,4400.00,..,9.00,..,..,..,41.00,..,2780.00,..,9.00,..,..,..,63.00,..,2252.00,..,30.00,2173.00,..,..,87.00,..,1642.00,..,42.00,2185.00,..,..,92.00,..,1880.00,..,23.00,1931.00,217.50,2.66
"Thai Nguyen",678.00,37.00,7093.00,707.00,32.00,..,..,..,479.00,188.00,6957.00,1753.00,41.00,..,..,..,386.00,126.00,7309.00,2268.00,40.00,..,..,..,236.00,210.00,7502.00,2435.00,43.00,..,..,..,105.00,179.00,6045.00,2991.00,43.00,..,..,..,120.00,146.00,6153.00,3214.00,42.00,..,..,..,120.00,109.00,6265.00,3302.00,26.00,..,..,..,173.00,..,6684.00,..,67.00,..,..,..,149.00,..,5811.00,..,60.00,..,..,..,277.00,..,5393.00,..,58.00,..,..,..,127.00,..,5123.00,..,105.00,..,..,..,138.00,..,4438.00,..,80.00,4604.00,..,..,102.00,..,4477.00,..,53.00,4650.00,..,..,110.00,..,4758.00,..,60.00,4786.00,348.52,4.39
"Lang Son",93.00,44.00,1263.00,360.00,35.00,..,..,..,69.00,20.00,1619.00,437.00,21.00,..,..,..,48.00,23.00,1639.00,406.00,24.00,..,..,..,50.00,17.00,1660.00,394.00,29.00,..,..,..,69.00,41.00,881.00,711.00,21.00,..,..,..,34.00,33.00,861.00,693.00,36.00,..,..,..,28.00,18.00,873.00,693.00,15.00,..,..,..,26.00,..,886.00,..,18.00,..,..,..,30.00,..,908.00,..,11.00,..,..,..,33.00,..,934.00,..,15.00,..,..,..,18.00,..,944.00,..,11.00,..,..,..,38.00,..,994.00,..,20.00,2161.00,..,..,35.00,..,848.00,..,17.00,2174.00,..,..,43.00,..,1040.00,..,10.00,2194.00,127.77,1.23
"Bac Giang",169.00,45.00,1721.00,550.00,14.00,..,..,..,156.00,17.00,2080.00,786.00,14.00,..,..,..,73.00,6.00,2147.00,573.00,1.00,..,..,..,100.00,21.00,2234.00,581.00,13.00,..,..,..,92.00,51.00,1752.00,794.00,11.00,..,..,..,94.00,69.00,1728.00,830.00,13.00,..,..,..,105.00,88.00,1837.00,926.00,14.00,..,..,..,79.00,..,1906.00,..,17.00,..,..,..,72.00,..,1958.00,..,15.00,..,..,..,97.00,..,2062.00,..,16.00,..,..,..,99.00,..,2139.00,..,16.00,..,..,..,109.00,..,2318.00,..,10.00,1295.00,..,..,94.00,..,2100.00,..,6.00,1309.00,..,..,240.00,..,1987.00,..,14.00,1342.00,101.24,0.71
"Phu Tho",326.00,61.00,2560.00,242.00,61.00,..,..,..,213.00,20.00,2501.00,368.00,12.00,..,..,..,316.00,48.00,2783.00,377.00,38.00,..,..,..,320.00,29.00,3081.00,384.00,22.00,..,..,..,240.00,41.00,2635.00,530.00,37.00,..,..,..,182.00,38.00,2736.00,583.00,37.00,..,..,..,205.00,23.00,2791.00,568.00,25.00,..,..,..,278.00,..,3092.00,..,27.00,..,..,..,145.00,..,3168.00,..,22.00,..,..,..,110.00,..,3214.00,..,23.00,..,..,..,85.00,..,3285.00,..,33.00,..,..,..,103.00,..,3224.00,..,12.00,1520.00,..,..,81.00,..,2801.00,..,24.00,1548.00,..,..,127.00,..,2550.00,..,39.00,1567.00,165.17,2.53
"Dien Bien",890.00,115.00,4775.00,940.00,80.00,..,..,..,671.00,165.00,5204.00,1329.00,318.00,..,..,..,428.00,182.00,4493.00,1754.00,282.00,..,..,..,309.00,59.00,4584.00,1595.00,218.00,..,..,..,377.00,102.00,4417.00,2085.00,243.00,..,..,..,394.00,48.00,3407.00,1733.00,110.00,..,..,..,257.00,38.00,3561.00,1701.00,82.00,..,..,..,179.00,..,3611.00,..,70.00,..,..,..,101.00,..,3608.00,..,91.00,..,..,..,98.00,..,3638.00,..,76.00,..,..,..,111.00,..,3663.00,..,88.00,..,..,..,94.00,..,3334.00,..,76.00,4086.00,..,..,102.00,..,3256.00,..,82.00,4094.00,..,..,111.00,..,3614.00,..,69.00,2300.00,550.32,10.51
"Lai Chau",237.00,176.00,1032.00,213.00,75.00,..,..,..,272.00,101.00,1776.00,308.00,49.00,..,..,..,332.00,91.00,1837.00,292.00,88.00,..,..,..,372.00,192.00,2128.00,403.00,81.00,..,..,..,304.00,222.00,1925.00,710.00,134.00,..,..,..,227.00,120.00,2030.00,764.00,101.00,..,..,..,177.00,76.00,1957.00,762.00,77.00,..,..,..,158.00,..,1820.00,..,61.00,..,..,..,114.00,..,1871.00,..,49.00,..,..,..,84.00,..,1898.00,..,42.00,..,..,..,88.00,..,1470.00,..,68.00,..,..,..,80.00,..,1369.00,..,41.00,1835.00,..,..,85.00,..,1372.00,..,54.00,1869.00,..,..,110.00,..,1513.00,..,51.00,1880.00,305.36,10.29
"Son La",601.00,30.00,8013.00,628.00,0.00,..,..,..,452.00,500.00,6362.00,1541.00,117.00,..,..,..,538.00,261.00,6838.00,1510.00,62.00,..,..,..,509.00,204.00,7326.00,1693.00,21.00,..,..,..,388.00,208.00,7793.00,3474.00,40.00,..,..,..,367.00,65.00,7909.00,3575.00,48.00,..,..,..,422.00,91.00,8164.00,3618.00,81.00,..,..,..,185.00,..,6116.00,..,95.00,..,..,..,125.00,..,5123.00,..,48.00,..,..,..,141.00,..,5237.00,..,56.00,..,..,..,131.00,..,4801.00,..,75.00,..,..,..,101.00,..,6094.00,..,26.00,4278.00,..,..,104.00,..,5811.00,..,31.00,4330.00,..,..,151.00,..,5307.00,..,31.00,4300.00,398.85,2.33
"Hoa Binh",109.00,138.00,1209.00,544.00,54.00,..,..,..,86.00,87.00,1271.00,640.00,25.00,..,..,..,66.00,31.00,1312.00,557.00,28.00,..,..,..,68.00,34.00,1341.00,552.00,39.00,..,..,..,109.00,71.00,955.00,576.00,65.00,..,..,..,49.00,47.00,936.00,572.00,55.00,..,..,..,48.00,33.00,946.00,564.00,40.00,..,..,..,61.00,..,980.00,..,33.00,..,..,..,75.00,..,1161.00,..,36.00,..,..,..,63.00,..,1262.00,..,26.00,..,..,..,42.00,..,1297.00,..,26.00,..,..,..,57.00,..,1324.00,..,32.00,1159.00,..,..,37.00,..,1144.00,..,10.00,1153.00,..,..,80.00,..,1346.00,..,24.00,1172.00,150.47,2.68
"Northern Central area and Central coastal area",1760.00,870.00,17711.00,4558.00,252.00,..,..,..,1565.00,848.00,18195.00,5721.00,214.00,..,..,..,1405.00,804.00,19827.00,6522.00,183.00,..,..,..,1112.00,881.00,20748.00,7212.00,191.00,..,..,..,1241.00,907.00,16325.00,8109.00,244.00,..,..,..,1653.00,1194.00,17753.00,8844.00,310.00,..,..,..,1369.00,798.00,18126.00,9335.00,223.00,..,..,..,1216.00,..,19123.00,..,299.00,..,..,..,1089.00,..,19450.00,..,334.00,..,..,..,1121.00,..,20535.00,..,216.00,..,..,..,1201.00,..,20960.00,..,258.00,..,..,..,1408.00,..,24066.00,..,219.00,12190.00,..,..,1194.00,..,20724.00,..,239.00,12540.00,..,..,1918.00,..,21376.00,..,240.00,12762.00,101.98,1.15
"Thanh Hoa",502.00,386.00,4943.00,1596.00,88.00,..,..,..,335.00,330.00,5050.00,2318.00,58.00,..,..,..,297.00,306.00,5297.00,2574.00,50.00,..,..,..,223.00,310.00,5493.00,2857.00,27.00,..,..,..,215.00,267.00,5192.00,3284.00,31.00,..,..,..,375.00,334.00,5548.00,3567.00,67.00,..,..,..,382.00,366.00,5942.00,3929.00,18.00,..,..,..,248.00,..,6128.00,..,49.00,..,..,..,172.00,..,6035.00,..,143.00,..,..,..,212.00,..,6097.00,..,62.00,..,..,..,192.00,..,6220.00,..,80.00,..,..,..,234.00,..,6447.00,..,42.00,2623.00,..,..,168.00,..,5686.00,..,42.00,2754.00,..,..,153.00,..,5121.00,..,27.00,2912.00,136.04,0.72
"Nghe An",485.00,176.00,5307.00,1145.00,42.00,..,..,..,556.00,165.00,5545.00,1508.00,51.00,..,..,..,527.00,118.00,6182.00,1653.00,4.00,..,..,..,382.00,197.00,6521.00,1807.00,43.00,..,..,..,506.00,291.00,4840.00,2081.00,106.00,..,..,..,787.00,544.00,5847.00,2355.00,123.00,..,..,..,471.00,157.00,5429.00,2227.00,116.00,..,..,..,377.00,..,5706.00,..,103.00,..,..,..,215.00,..,5706.00,..,94.00,..,..,..,177.00,..,5858.00,..,52.00,..,..,..,178.00,..,6017.00,..,79.00,..,..,..,297.00,..,6160.00,..,75.00,4447.00,..,..,192.00,..,5720.00,..,55.00,4455.00,..,..,193.00,..,6309.00,..,77.00,4564.00,181.70,2.22
"Ha Tinh",50.00,12.00,674.00,88.00,4.00,..,..,..,72.00,11.00,749.00,86.00,..,..,..,..,45.00,15.00,792.00,100.00,2.00,..,..,..,59.00,25.00,847.00,121.00,4.00,..,..,..,68.00,45.00,634.00,242.00,5.00,..,..,..,36.00,32.00,644.00,272.00,15.00,..,..,..,51.00,43.00,647.00,360.00,10.00,..,..,..,41.00,..,699.00,..,9.00,..,..,..,40.00,..,725.00,..,5.00,..,..,..,47.00,..,781.00,..,11.00,..,..,..,33.00,..,807.00,..,4.00,..,..,..,41.00,..,884.00,..,1.00,405.00,..,..,52.00,..,727.00,..,3.00,401.00,..,..,58.00,..,736.00,..,6.00,421.00,55.35,0.45
"Quang Binh",32.00,4.00,234.00,29.00,1.00,..,..,..,54.00,27.00,272.00,55.00,8.00,..,..,..,20.00,17.00,289.00,69.00,3.00,..,..,..,22.00,19.00,306.00,83.00,5.00,..,..,..,20.00,22.00,180.00,106.00,7.00,..,..,..,27.00,33.00,189.00,133.00,15.00,..,..,..,23.00,23.00,206.00,153.00,4.00,..,..,..,35.00,..,247.00,..,5.00,..,..,..,30.00,..,266.00,..,2.00,..,..,..,30.00,..,297.00,..,7.00,..,..,..,29.00,..,319.00,..,6.00,..,..,..,21.00,..,397.00,..,2.00,135.00,..,..,20.00,..,321.00,..,3.00,141.00,..,..,18.00,..,413.00,..,10.00,133.00,44.66,1.08
"Quang Tri",28.00,14.00,218.00,97.00,3.00,..,..,..,21.00,2.00,247.00,98.00,6.00,..,..,..,6.00,3.00,175.00,72.00,2.00,..,..,..,10.00,2.00,183.00,72.00,2.00,..,..,..,10.00,4.00,177.00,63.00,4.00,..,..,..,8.00,2.00,185.00,64.00,3.00,..,..,..,20.00,5.00,204.00,67.00,2.00,..,..,..,9.00,..,214.00,..,0.00,..,..,..,14.00,..,221.00,..,..,..,..,..,14.00,..,240.00,..,1.00,..,..,..,22.00,..,256.00,..,..,..,..,..,34.00,..,243.00,..,3.00,101.00,..,..,33.00,..,196.00,..,6.00,106.00,..,..,23.00,..,278.00,..,2.00,107.00,42.17,0.30
"Thua Thien-Hue",50.00,17.00,728.00,248.00,8.00,..,..,..,38.00,28.00,663.00,135.00,13.00,..,..,..,42.00,24.00,696.00,152.00,12.00,..,..,..,36.00,10.00,726.00,156.00,6.00,..,..,..,34.00,5.00,301.00,112.00,4.00,..,..,..,31.00,10.00,331.00,119.00,5.00,..,..,..,30.00,7.00,362.00,125.00,2.00,..,..,..,44.00,..,417.00,..,1.00,..,..,..,59.00,..,464.00,..,..,..,..,..,68.00,..,523.00,..,..,..,..,..,38.00,..,551.00,..,..,..,..,..,55.00,..,707.00,..,9.00,326.00,..,..,51.00,..,570.00,..,5.00,326.00,..,..,43.00,..,603.00,..,7.00,346.00,51.16,..
"Da Nang",50.00,29.00,619.00,146.00,13.00,..,..,..,65.00,42.00,675.00,195.00,14.00,..,..,..,42.00,19.00,709.00,206.00,8.00,..,..,..,38.00,31.00,742.00,232.00,5.00,..,..,..,58.00,24.00,688.00,284.00,4.00,..,..,..,51.00,23.00,734.00,302.00,6.00,..,..,..,53.00,10.00,778.00,306.00,7.00,..,..,..,51.00,..,827.00,..,6.00,..,..,..,110.00,..,826.00,..,..,..,..,..,48.00,..,979.00,..,..,..,..,..,161.00,..,1093.00,..,..,..,..,..,111.00,..,1259.00,..,2.00,473.00,..,..,78.00,..,1232.00,..,7.00,528.00,..,..,108.00,..,1392.00,..,8.00,401.00,109.09,0.55
"Quang  Nam",102.00,18.00,675.00,89.00,3.00,..,..,..,65.00,20.00,625.00,97.00,11.00,..,..,..,48.00,2.00,661.00,87.00,12.00,..,..,..,45.00,19.00,693.00,93.00,13.00,..,..,..,45.00,10.00,472.00,84.00,13.00,..,..,..,39.00,10.00,489.00,85.00,12.00,..,..,..,44.00,10.00,525.00,87.00,8.00,..,..,..,54.00,..,562.00,..,2.00,..,..,..,49.00,..,596.00,..,..,..,..,..,20.00,..,632.00,..,..,..,..,..,33.00,..,657.00,..,..,..,..,..,58.00,..,795.00,..,7.00,495.00,..,..,78.00,..,690.00,..,24.00,552.00,..,..,95.00,..,710.00,..,15.00,484.00,45.99,0.52
"Quang  Ngai",45.00,13.00,650.00,88.00,5.00,..,..,..,48.00,9.00,596.00,105.00,..,..,..,..,53.00,38.00,644.00,139.00,10.00,..,..,..,47.00,39.00,679.00,166.00,12.00,..,..,..,53.00,46.00,424.00,223.00,13.00,..,..,..,57.00,46.00,475.00,263.00,7.00,..,..,..,43.00,46.00,510.00,298.00,10.00,..,..,..,57.00,..,515.00,..,60.00,..,..,..,71.00,..,550.00,..,20.00,..,..,..,87.00,..,645.00,..,13.00,..,..,..,68.00,..,687.00,..,9.00,..,..,..,108.00,..,1082.00,..,13.00,360.00,..,..,86.00,..,770.00,..,15.00,365.00,..,..,114.00,..,850.00,..,21.00,308.00,67.47,1.19
"Binh Dinh",33.00,10.00,419.00,134.00,1.00,..,..,..,58.00,31.00,449.00,139.00,3.00,..,..,..,42.00,19.00,499.00,163.00,1.00,..,..,..,38.00,28.00,528.00,182.00,9.00,..,..,..,22.00,14.00,282.00,214.00,9.00,..,..,..,20.00,17.00,300.00,226.00,8.00,..,..,..,32.00,18.00,330.00,243.00,5.00,..,..,..,52.00,..,382.00,..,16.00,..,..,..,73.00,..,457.00,..,11.00,..,..,..,104.00,..,554.00,..,17.00,..,..,..,108.00,..,624.00,..,19.00,..,..,..,121.00,..,1037.00,..,15.00,518.00,..,..,117.00,..,743.00,..,29.00,551.00,..,..,758.00,..,871.00,..,7.00,603.00,57.36,1.38
"Phu Yen",20.00,5.00,236.00,117.00,3.00,..,..,..,13.00,9.00,169.00,51.00,..,..,..,..,18.00,5.00,186.00,55.00,1.00,..,..,..,14.00,3.00,200.00,58.00,0.00,..,..,..,20.00,1.00,200.00,58.00,..,..,..,..,12.00,1.00,227.00,64.00,1.00,..,..,..,19.00,0.00,245.00,64.00,0.00,..,..,..,12.00,..,265.00,..,2.00,..,..,..,17.00,..,307.00,..,..,..,..,..,4.00,..,333.00,..,..,..,..,..,13.00,..,344.00,..,6.00,..,..,..,62.00,..,574.00,..,7.00,158.00,..,..,48.00,..,395.00,..,9.00,184.00,..,..,48.00,..,427.00,..,34.00,192.00,48.24,0.79
"Khanh  Hoa",192.00,119.00,1678.00,466.00,59.00,..,..,..,127.00,117.00,1800.00,578.00,40.00,..,..,..,157.00,146.00,2253.00,823.00,53.00,..,..,..,93.00,119.00,2294.00,890.00,52.00,..,..,..,93.00,118.00,1676.00,816.00,28.00,..,..,..,101.00,54.00,1761.00,854.00,18.00,..,..,..,119.00,60.00,1853.00,888.00,27.00,..,..,..,139.00,..,1966.00,..,33.00,..,..,..,141.00,..,2040.00,..,33.00,..,..,..,196.00,..,2209.00,..,40.00,..,..,..,229.00,..,1933.00,..,35.00,..,..,..,128.00,..,2318.00,..,20.00,1328.00,..,..,144.00,..,2114.00,..,21.00,1325.00,..,..,139.00,..,2007.00,..,13.00,1384.00,158.12,2.68
"Ninh  Thuan",43.00,16.00,305.00,41.00,7.00,..,..,..,16.00,11.00,305.00,60.00,5.00,..,..,..,16.00,13.00,318.00,69.00,5.00,..,..,..,24.00,16.00,338.00,81.00,4.00,..,..,..,17.00,24.00,249.00,109.00,6.00,..,..,..,19.00,23.00,264.00,130.00,7.00,..,..,..,11.00,14.00,276.00,142.00,7.00,..,..,..,26.00,..,300.00,..,6.00,..,..,..,33.00,..,323.00,..,13.00,..,..,..,25.00,..,348.00,..,8.00,..,..,..,21.00,..,364.00,..,11.00,..,..,..,40.00,..,552.00,..,13.00,236.00,..,..,32.00,..,385.00,..,4.00,232.00,..,..,69.00,..,434.00,..,13.00,248.00,70.84,2.12
"Binh Thuan",128.00,51.00,1025.00,274.00,15.00,..,..,..,97.00,46.00,1050.00,296.00,5.00,..,..,..,92.00,79.00,1126.00,360.00,20.00,..,..,..,81.00,63.00,1198.00,414.00,9.00,..,..,..,80.00,36.00,1010.00,433.00,14.00,..,..,..,90.00,65.00,759.00,410.00,23.00,..,..,..,71.00,39.00,819.00,446.00,7.00,..,..,..,71.00,..,895.00,..,7.00,..,..,..,65.00,..,934.00,..,13.00,..,..,..,89.00,..,1039.00,..,5.00,..,..,..,76.00,..,1088.00,..,9.00,..,..,..,98.00,..,1611.00,..,10.00,585.00,..,..,95.00,..,1175.00,..,16.00,620.00,..,..,99.00,..,1225.00,..,41.00,659.00,96.74,1.03
"Central Highlands",303.00,128.00,3170.00,552.00,53.00,..,..,..,422.00,127.00,4012.00,746.00,38.00,..,..,..,374.00,143.00,4398.00,940.00,51.00,..,..,..,350.00,108.00,4713.00,1013.00,35.00,..,..,..,194.00,93.00,3798.00,1019.00,49.00,..,..,..,182.00,80.00,4088.00,1050.00,57.00,..,..,..,119.00,69.00,4007.00,1008.00,49.00,..,..,..,172.00,..,4174.00,..,46.00,..,..,..,200.00,..,4464.00,..,49.00,..,..,..,264.00,..,4688.00,..,41.00,..,..,..,188.00,..,4095.00,..,18.00,..,..,..,288.00,..,5497.00,..,38.00,1745.00,..,..,314.00,..,4315.00,..,36.00,1847.00,..,..,411.00,..,4520.00,..,3.00,1962.00,72.42,0.66
"Kon Tum",28.00,10.00,178.00,19.00,8.00,..,..,..,32.00,31.00,226.00,49.00,3.00,..,..,..,20.00,33.00,222.00,58.00,24.00,..,..,..,29.00,6.00,249.00,62.00,2.00,..,..,..,32.00,23.00,263.00,82.00,7.00,..,..,..,30.00,25.00,277.00,90.00,17.00,..,..,..,19.00,26.00,288.00,101.00,14.00,..,..,..,25.00,..,310.00,..,8.00,..,..,..,22.00,..,306.00,..,9.00,..,..,..,20.00,..,317.00,..,4.00,..,..,..,35.00,..,343.00,..,6.00,..,..,..,12.00,..,375.00,..,7.00,203.00,..,..,36.00,..,341.00,..,5.00,206.00,..,..,35.00,..,424.00,..,13.00,208.00,70.45,0.50
"Gia Lai",51.00,32.00,386.00,105.00,18.00,..,..,..,71.00,22.00,678.00,127.00,14.00,..,..,..,92.00,40.00,778.00,125.00,8.00,..,..,..,54.00,28.00,820.00,141.00,12.00,..,..,..,36.00,17.00,682.00,145.00,14.00,..,..,..,54.00,16.00,753.00,143.00,20.00,..,..,..,17.00,14.00,755.00,142.00,15.00,..,..,..,58.00,..,830.00,..,7.00,..,..,..,64.00,..,877.00,..,19.00,..,..,..,39.00,..,905.00,..,13.00,..,..,..,13.00,..,882.00,..,..,..,..,..,85.00,..,1082.00,..,15.00,304.00,..,..,69.00,..,914.00,..,14.00,317.00,..,..,108.00,..,914.00,..,14.00,374.00,55.91,0.80
"Dak Lak",62.00,44.00,1380.00,251.00,16.00,..,..,..,148.00,50.00,1526.00,392.00,9.00,..,..,..,90.00,50.00,1610.00,440.00,8.00,..,..,..,105.00,56.00,1706.00,487.00,9.00,..,..,..,37.00,30.00,1683.00,539.00,5.00,..,..,..,33.00,20.00,1715.00,558.00,2.00,..,..,..,29.00,9.00,1755.00,568.00,0.00,..,..,..,21.00,..,1784.00,..,5.00,..,..,..,49.00,..,1908.00,..,4.00,..,..,..,124.00,..,2027.00,..,12.00,..,..,..,100.00,..,1351.00,..,6.00,..,..,..,135.00,..,1987.00,..,10.00,417.00,..,..,105.00,..,1518.00,..,9.00,492.00,..,..,113.00,..,1207.00,..,1.00,496.00,62.02,0.72
"Dak Nong",40.00,30.00,319.00,86.00,8.00,..,..,..,55.00,18.00,439.00,86.00,4.00,..,..,..,45.00,11.00,499.00,224.00,3.00,..,..,..,44.00,16.00,534.00,231.00,9.00,..,..,..,29.00,7.00,566.00,230.00,8.00,..,..,..,38.00,6.00,619.00,231.00,5.00,..,..,..,21.00,11.00,405.00,167.00,13.00,..,..,..,14.00,..,345.00,..,9.00,..,..,..,16.00,..,368.00,..,5.00,..,..,..,28.00,..,387.00,..,4.00,..,..,..,13.00,..,444.00,..,6.00,..,..,..,34.00,..,507.00,..,4.00,236.00,..,..,35.00,..,419.00,..,5.00,237.00,..,..,43.00,..,438.00,..,10.00,241.00,62.96,0.14
"Lam Dong",122.00,12.00,907.00,91.00,3.00,..,..,..,116.00,6.00,1143.00,92.00,8.00,..,..,..,127.00,9.00,1289.00,93.00,8.00,..,..,..,118.00,2.00,1404.00,92.00,3.00,..,..,..,60.00,16.00,604.00,23.00,15.00,..,..,..,27.00,13.00,724.00,28.00,13.00,..,..,..,33.00,9.00,804.00,30.00,7.00,..,..,..,54.00,..,905.00,..,17.00,..,..,..,49.00,..,1005.00,..,12.00,..,..,..,53.00,..,1052.00,..,8.00,..,..,..,27.00,..,1075.00,..,0.00,..,..,..,22.00,..,1546.00,..,2.00,585.00,..,..,69.00,..,1123.00,..,3.00,595.00,..,..,112.00,..,1537.00,..,370.00,643.00,112.81,0.73
"South East",2973.00,2022.00,61453.00,20820.00,698.00,..,..,..,3930.00,2305.00,67259.00,23549.00,444.00,..,..,..,3164.00,1879.00,70321.00,24658.00,497.00,..,..,..,2770.00,1219.00,72821.00,25607.00,270.00,..,..,..,2387.00,931.00,64982.00,25528.00,314.00,..,..,..,2649.00,1423.00,65936.00,26073.00,465.00,..,..,..,3041.00,1626.00,64253.00,18397.00,367.00,..,..,..,3435.00,..,63632.00,..,423.00,..,..,..,2983.00,..,64845.00,..,414.00,..,..,..,4933.00,..,66535.00,..,464.00,..,..,..,5254.00,..,67693.00,..,276.00,..,..,..,2447.00,..,61558.00,..,181.00,19048.00,..,..,5297.00,..,90946.00,..,140.00,19070.00,..,..,3794.00,..,96644.00,..,13.00,21866.00,502.32,1.92
"Binh Phuoc",100.00,52.00,1423.00,341.00,13.00,..,..,..,126.00,65.00,1591.00,404.00,13.00,..,..,..,86.00,56.00,1665.00,449.00,12.00,..,..,..,85.00,46.00,1740.00,485.00,10.00,..,..,..,88.00,62.00,1590.00,577.00,17.00,..,..,..,92.00,41.00,1691.00,633.00,8.00,..,..,..,109.00,70.00,1816.00,720.00,6.00,..,..,..,66.00,..,1887.00,..,6.00,..,..,..,55.00,..,2135.00,..,15.00,..,..,..,85.00,..,2213.00,..,10.00,..,..,..,115.00,..,2297.00,..,16.00,..,..,..,106.00,..,2760.00,..,12.00,293.00,..,..,114.00,..,1954.00,..,9.00,331.00,..,..,122.00,..,1436.00,..,40.00,412.00,135.18,1.22
"Tay Ninh",230.00,231.00,1985.00,682.00,68.00,..,..,..,320.00,259.00,2186.00,924.00,68.00,..,..,..,292.00,245.00,2418.00,1009.00,77.00,..,..,..,251.00,223.00,2606.00,1169.00,63.00,..,..,..,271.00,281.00,2658.00,1600.00,55.00,..,..,..,248.00,231.00,2793.00,1788.00,60.00,..,..,..,342.00,332.00,3109.00,2093.00,65.00,..,..,..,345.00,..,3473.00,..,49.00,..,..,..,340.00,..,3494.00,..,44.00,..,..,..,362.00,..,3235.00,..,41.00,..,..,..,497.00,..,3568.00,..,57.00,..,..,..,449.00,..,5145.00,..,67.00,1970.00,..,..,365.00,..,4299.00,..,43.00,1985.00,..,..,318.00,..,4424.00,..,33.00,2064.00,367.82,3.33
"Binh Duong",108.00,71.00,2455.00,691.00,18.00,..,..,..,69.00,31.00,2718.00,895.00,5.00,..,..,..,82.00,57.00,2779.00,824.00,26.00,..,..,..,106.00,51.00,2847.00,837.00,38.00,..,..,..,45.00,17.00,3017.00,861.00,17.00,..,..,..,46.00,212.00,3097.00,1103.00,18.00,..,..,..,102.00,6.00,3598.00,1107.00,7.00,..,..,..,123.00,..,3536.00,..,22.00,..,..,..,161.00,..,2894.00,..,26.00,..,..,..,864.00,..,2640.00,..,38.00,..,..,..,743.00,..,5865.00,..,9.00,..,..,..,206.00,..,4526.00,..,14.00,991.00,..,..,916.00,..,7703.00,..,39.00,1125.00,..,..,109.00,..,6499.00,..,39.00,1277.00,226.40,1.15
"Dong Nai",250.00,123.00,4926.00,623.00,42.00,..,..,..,445.00,165.00,5400.00,817.00,29.00,..,..,..,414.00,126.00,5799.00,713.00,43.00,..,..,..,371.00,97.00,6156.00,796.00,14.00,..,..,..,224.00,64.00,5651.00,1268.00,8.00,..,..,..,272.00,164.00,5935.00,1497.00,18.00,..,..,..,269.00,189.00,6067.00,1687.00,10.00,..,..,..,285.00,..,6228.00,..,14.00,..,..,..,370.00,..,6326.00,..,41.00,..,..,..,443.00,..,6689.00,..,20.00,..,..,..,387.00,..,5199.00,..,9.00,..,..,..,348.00,..,7640.00,..,18.00,3006.00,..,..,612.00,..,6890.00,..,28.00,3004.00,..,..,525.00,..,6826.00,..,23.00,3366.00,202.83,1.16
"Ba Ria - Vung Tau",342.00,75.00,4157.00,657.00,76.00,..,..,..,249.00,56.00,4433.00,693.00,43.00,..,..,..,212.00,61.00,4618.00,688.00,44.00,..,..,..,198.00,71.00,4767.00,710.00,49.00,..,..,..,109.00,56.00,2505.00,1449.00,37.00,..,..,..,127.00,97.00,2223.00,1450.00,19.00,..,..,..,174.00,153.00,2360.00,1567.00,25.00,..,..,..,210.00,..,2532.00,..,41.00,..,..,..,221.00,..,2729.00,..,23.00,..,..,..,209.00,..,2862.00,..,43.00,..,..,..,246.00,..,3139.00,..,11.00,..,..,..,148.00,..,3489.00,..,17.00,2105.00,..,..,132.00,..,3286.00,..,11.00,2109.00,..,..,225.00,..,3449.00,..,222.00,2176.00,288.70,1.93
"Ho Chi Minh city",1943.00,1470.00,46507.00,17826.00,481.00,..,..,..,2721.00,1729.00,50931.00,19816.00,286.00,..,..,..,2078.00,1334.00,53042.00,20975.00,295.00,..,..,..,1759.00,731.00,54705.00,21610.00,96.00,..,..,..,1650.00,451.00,49561.00,19773.00,180.00,..,..,..,1864.00,678.00,50197.00,19602.00,342.00,..,..,..,2045.00,876.00,47303.00,11223.00,254.00,..,..,..,2406.00,..,45976.00,..,291.00,..,..,..,1836.00,..,47267.00,..,265.00,..,..,..,2970.00,..,48896.00,..,312.00,..,..,..,3266.00,..,47625.00,..,174.00,..,..,..,1190.00,..,37998.00,..,53.00,10683.00,..,..,3158.00,..,66814.00,..,10.00,10516.00,..,..,2495.00,..,74010.00,..,581.00,12571.00,775.49,2.33
"Mekong River Delta",2540.00,1170.00,30117.00,7103.00,402.00,..,..,..,2671.00,1104.00,32608.00,8544.00,403.00,..,..,..,2606.00,1358.00,32854.00,9361.00,561.00,..,..,..,2606.00,1632.00,34953.00,10486.00,507.00,..,..,..,2079.00,1247.00,31391.00,13932.00,460.00,..,..,..,2019.00,990.00,41668.00,14606.00,353.00,..,..,..,2091.00,828.00,34999.00,15937.00,408.00,..,..,..,2630.00,..,35905.00,..,426.00,..,..,..,3139.00,..,37428.00,..,431.00,..,..,..,3769.00,..,40336.00,..,541.00,..,..,..,3893.00,..,40989.00,..,465.00,..,..,..,4832.00,..,57206.00,..,470.00,22233.00,..,..,4468.00,..,46600.00,..,530.00,23047.00,..,..,4188.00,..,47822.00,..,41.00,23298.00,272.52,3.31
"Long An",168.00,60.00,1896.00,694.00,3.00,..,..,..,231.00,79.00,2229.00,824.00,28.00,..,..,..,211.00,48.00,1999.00,775.00,27.00,..,..,..,187.00,39.00,2170.00,798.00,16.00,..,..,..,66.00,3.00,1986.00,709.00,10.00,..,..,..,192.00,100.00,2282.00,852.00,15.00,..,..,..,133.00,69.00,2799.00,1717.00,13.00,..,..,..,268.00,..,3087.00,..,11.00,..,..,..,284.00,..,3225.00,..,36.00,..,..,..,586.00,..,3237.00,..,20.00,..,..,..,487.00,..,3624.00,..,33.00,..,..,..,316.00,..,4371.00,..,50.00,1621.00,..,..,437.00,..,4087.00,..,51.00,1660.00,..,..,417.00,..,4027.00,..,34.00,1056.00,229.30,2.33
"Tien Giang",158.00,98.00,1375.00,210.00,53.00,..,..,..,147.00,75.00,1428.00,376.00,43.00,..,..,..,144.00,87.00,1299.00,482.00,46.00,..,..,..,166.00,76.00,1428.00,521.00,37.00,..,..,..,189.00,37.00,1638.00,563.00,17.00,..,..,..,180.00,30.00,1813.00,579.00,21.00,..,..,..,242.00,37.00,2037.00,590.00,27.00,..,..,..,287.00,..,2392.00,..,40.00,..,..,..,334.00,..,2595.00,..,28.00,..,..,..,280.00,..,2631.00,..,23.00,..,..,..,267.00,..,2825.00,..,26.00,..,..,..,381.00,..,4681.00,..,40.00,1295.00,..,..,338.00,..,3522.00,..,31.00,1309.00,..,..,438.00,..,3879.00,..,46.00,1402.00,215.97,1.89
"Ben Tre",162.00,82.00,1461.00,368.00,38.00,..,..,..,155.00,86.00,1516.00,401.00,37.00,..,..,..,133.00,71.00,1584.00,422.00,43.00,..,..,..,150.00,97.00,1703.00,488.00,31.00,..,..,..,143.00,83.00,1377.00,564.00,33.00,..,..,..,129.00,48.00,1483.00,579.00,31.00,..,..,..,165.00,45.00,1632.00,593.00,39.00,..,..,..,184.00,..,1806.00,..,32.00,..,..,..,186.00,..,1917.00,..,39.00,..,..,..,255.00,..,2203.00,..,45.00,..,..,..,274.00,..,2389.00,..,55.00,..,..,..,310.00,..,3422.00,..,57.00,1227.00,..,..,319.00,..,2624.00,..,50.00,1277.00,..,..,294.00,..,2693.00,..,29.00,1342.00,206.16,3.52
"Tra Vinh",76.00,51.00,893.00,223.00,19.00,..,..,..,111.00,74.00,1032.00,290.00,11.00,..,..,..,100.00,72.00,889.00,346.00,20.00,..,..,..,105.00,76.00,975.00,403.00,19.00,..,..,..,99.00,86.00,1035.00,469.00,19.00,..,..,..,96.00,88.00,1076.00,530.00,21.00,..,..,..,82.00,74.00,1155.00,582.00,23.00,..,..,..,125.00,..,1255.00,..,28.00,..,..,..,125.00,..,1303.00,..,32.00,..,..,..,145.00,..,1350.00,..,37.00,..,..,..,217.00,..,1458.00,..,35.00,..,..,..,225.00,..,2230.00,..,25.00,1092.00,..,..,194.00,..,1479.00,..,36.00,1181.00,..,..,203.00,..,1585.00,..,18.00,1252.00,154.80,2.83
"Vinh Long",104.00,112.00,1713.00,492.00,29.00,..,..,..,77.00,43.00,2033.00,568.00,15.00,..,..,..,130.00,65.00,2150.00,601.00,16.00,..,..,..,113.00,65.00,2255.00,658.00,8.00,..,..,..,78.00,38.00,1906.00,708.00,18.00,..,..,..,91.00,27.00,2002.00,722.00,16.00,..,..,..,88.00,46.00,2085.00,755.00,17.00,..,..,..,72.00,..,2178.00,..,22.00,..,..,..,119.00,..,2355.00,..,8.00,..,..,..,168.00,..,2527.00,..,9.00,..,..,..,203.00,..,2676.00,..,4.00,..,..,..,302.00,..,3996.00,..,11.00,889.00,..,..,300.00,..,2820.00,..,17.00,966.00,..,..,335.00,..,2669.00,..,68.00,1129.00,257.31,1.74
"Dong Thap",312.00,117.00,3776.00,912.00,42.00,..,..,..,263.00,75.00,4118.00,1134.00,25.00,..,..,..,336.00,389.00,4283.00,1244.00,172.00,..,..,..,325.00,210.00,4560.00,1406.00,48.00,..,..,..,220.00,160.00,3832.00,1468.00,48.00,..,..,..,176.00,33.00,4001.00,1454.00,28.00,..,..,..,213.00,31.00,4269.00,1451.00,33.00,..,..,..,254.00,..,4545.00,..,26.00,..,..,..,382.00,..,4803.00,..,30.00,..,..,..,312.00,..,5301.00,..,53.00,..,..,..,142.00,..,4514.00,..,43.00,..,..,..,487.00,..,6866.00,..,34.00,1947.00,..,..,497.00,..,5104.00,..,63.00,2232.00,..,..,450.00,..,4786.00,..,133.00,2206.00,298.92,4.25
"An Giang",267.00,277.00,4450.00,1638.00,103.00,..,..,..,303.00,263.00,4867.00,1959.00,114.00,..,..,..,236.00,159.00,5046.00,2047.00,84.00,..,..,..,297.00,242.00,5240.00,2186.00,103.00,..,..,..,344.00,288.00,5746.00,3475.00,85.00,..,..,..,330.00,226.00,5840.00,3569.00,85.00,..,..,..,312.00,142.00,6121.00,3656.00,73.00,..,..,..,303.00,..,5613.00,..,85.00,..,..,..,344.00,..,5773.00,..,71.00,..,..,..,350.00,..,6168.00,..,96.00,..,..,..,294.00,..,6677.00,..,38.00,..,..,..,498.00,..,8876.00,..,63.00,5719.00,..,..,547.00,..,6717.00,..,107.00,5776.00,..,..,594.00,..,7524.00,..,50.00,5902.00,393.40,6.95
"Kien  Giang",415.00,79.00,3714.00,764.00,21.00,..,..,..,319.00,62.00,3975.00,835.00,16.00,..,..,..,297.00,128.00,3214.00,1112.00,55.00,..,..,..,277.00,203.00,3435.00,1259.00,56.00,..,..,..,221.00,150.00,3491.00,1561.00,55.00,..,..,..,192.00,105.00,3652.00,1645.00,39.00,..,..,..,227.00,163.00,3750.00,1764.00,58.00,..,..,..,270.00,..,3623.00,..,56.00,..,..,..,322.00,..,3705.00,..,53.00,..,..,..,404.00,..,4042.00,..,72.00,..,..,..,432.00,..,3536.00,..,53.00,..,..,..,659.00,..,5475.00,..,43.00,1700.00,..,..,518.00,..,4636.00,..,45.00,1773.00,..,..,485.00,..,4186.00,..,55.00,1830.00,236.94,2.83
"Can Tho",253.00,56.00,3645.00,658.00,4.00,..,..,..,422.00,83.00,4483.00,888.00,28.00,..,..,..,339.00,91.00,4828.00,968.00,14.00,..,..,..,336.00,320.00,5082.00,1206.00,82.00,..,..,..,217.00,189.00,3471.00,2369.00,47.00,..,..,..,227.00,187.00,3457.00,2507.00,38.00,..,..,..,214.00,78.00,3463.00,2553.00,61.00,..,..,..,293.00,..,3715.00,..,35.00,..,..,..,356.00,..,3919.00,..,33.00,..,..,..,479.00,..,4465.00,..,40.00,..,..,..,664.00,..,4467.00,..,30.00,..,..,..,470.00,..,4217.00,..,51.00,2713.00,..,..,420.00,..,5722.00,..,20.00,2698.00,..,..,98.00,..,5977.00,..,14.00,2896.00,469.99,4.32
"Hau Giang",120.00,44.00,957.00,201.00,25.00,..,..,..,73.00,38.00,1053.00,153.00,27.00,..,..,..,73.00,36.00,1092.00,167.00,17.00,..,..,..,61.00,77.00,1119.00,210.00,34.00,..,..,..,80.00,51.00,791.00,361.00,27.00,..,..,..,67.00,19.00,858.00,377.00,7.00,..,..,..,70.00,48.00,925.00,413.00,19.00,..,..,..,78.00,..,993.00,..,21.00,..,..,..,69.00,..,1123.00,..,17.00,..,..,..,59.00,..,1216.00,..,14.00,..,..,..,44.00,..,1252.00,..,15.00,..,..,..,126.00,..,2098.00,..,2.00,619.00,..,..,74.00,..,1224.00,..,2.00,610.00,..,..,235.00,..,1322.00,..,32.00,653.00,181.09,1.92
"Soc Trang",146.00,46.00,2483.00,385.00,22.00,..,..,..,158.00,36.00,1827.00,270.00,15.00,..,..,..,153.00,34.00,1963.00,281.00,26.00,..,..,..,192.00,42.00,2128.00,296.00,27.00,..,..,..,147.00,25.00,2123.00,321.00,28.00,..,..,..,101.00,23.00,2230.00,325.00,24.00,..,..,..,132.00,24.00,2354.00,324.00,27.00,..,..,..,123.00,..,2466.00,..,18.00,..,..,..,152.00,..,2568.00,..,14.00,..,..,..,232.00,..,2658.00,..,13.00,..,..,..,217.00,..,2867.00,..,15.00,..,..,..,290.00,..,4372.00,..,16.00,1475.00,..,..,305.00,..,3252.00,..,33.00,1560.00,..,..,276.00,..,3383.00,..,44.00,1671.00,280.67,2.65
"Bac Lieu",196.00,78.00,2090.00,212.00,33.00,..,..,..,208.00,108.00,2128.00,438.00,38.00,..,..,..,169.00,87.00,2281.00,507.00,32.00,..,..,..,136.00,76.00,2396.00,562.00,21.00,..,..,..,104.00,80.00,1669.00,737.00,47.00,..,..,..,98.00,67.00,1774.00,818.00,20.00,..,..,..,89.00,63.00,1855.00,883.00,17.00,..,..,..,121.00,..,1440.00,..,33.00,..,..,..,168.00,..,1246.00,..,41.00,..,..,..,178.00,..,1404.00,..,53.00,..,..,..,224.00,..,1528.00,..,51.00,..,..,..,242.00,..,2186.00,..,50.00,1306.00,..,..,199.00,..,2002.00,..,53.00,1364.00,..,..,28.00,..,1954.00,..,17.00,1287.00,210.41,4.74
"Ca Mau",163.00,70.00,1664.00,346.00,10.00,..,..,..,204.00,82.00,1919.00,408.00,6.00,..,..,..,285.00,91.00,2226.00,409.00,9.00,..,..,..,261.00,109.00,2462.00,493.00,25.00,..,..,..,171.00,57.00,2326.00,627.00,26.00,..,..,..,140.00,37.00,2428.00,649.00,8.00,..,..,..,124.00,8.00,2554.00,656.00,1.00,..,..,..,252.00,..,2792.00,..,19.00,..,..,..,298.00,..,2896.00,..,29.00,..,..,..,321.00,..,3134.00,..,66.00,..,..,..,428.00,..,3176.00,..,67.00,..,..,..,526.00,..,4416.00,..,28.00,630.00,..,..,320.00,..,3411.00,..,22.00,641.00,..,..,335.00,..,3837.00,..,22.00,672.00,316.58,1.40
"Unidentified",..,..,..,..,..,..,..,..,..,20.00,..,516.00,124.00,..,..,..,..,..,..,..,..,..,..,..,..,..,..,..,..,..,..,..,..,..,24717.00,..,..,..,..,..,..,..,8772.00,..,..,..,..,..,..,..,..,..,..,..,..,..,..,..,..,..,..,..,..,..,..,..,..,..,..,..,..,..,40.00,..,..,..,..,..,..,..,0.00,..,274.00,..,..,..,..,..,..,..,..,..,..,..,..,..,..,..,..,..,..,..,..,..,..,..,..,..,..,..,..,..
 